url,kind,extension,source,preserve_url,notes,human_review_required
https://abadis-med.com/wp-content/uploads/2022/12/%D9%82%D9%84%D8%A8-%D8%AC%D9%85%D8%A7%D8%B1%D8%A7%D9%86.jpg,sitemap_image,.jpg,_customers-sitemap.xml,yes,FACT: referenced in Yoast sitemap image/loc entries,no
https://abadis-med.com/wp-content/uploads/2023/01/%D9%85%D8%AD%D8%A8-%DA%A9%D9%88%D8%AB%D8%B1.jpg,sitemap_image,.jpg,_customers-sitemap.xml,yes,FACT: referenced in Yoast sitemap image/loc entries,no
https://abadis-med.com/wp-content/uploads/2023/01/%D9%86%D9%88%D8%B1-%D8%A7%D9%81%D8%B4%D8%A7%D8%B1.jpg,sitemap_image,.jpg,_customers-sitemap.xml,yes,FACT: referenced in Yoast sitemap image/loc entries,no
https://abadis-med.com/wp-content/uploads/2023/01/%D8%AA%D9%86%D8%AF%DB%8C%D8%B3.jpg,sitemap_image,.jpg,_customers-sitemap.xml,yes,FACT: referenced in Yoast sitemap image/loc entries,no
https://abadis-med.com/wp-content/uploads/2023/01/%D8%A7%D9%85%D8%A7%D9%85-%D8%AE%D9%85%DB%8C%D9%86%DB%8C.jpg,sitemap_image,.jpg,_customers-sitemap.xml,yes,FACT: referenced in Yoast sitemap image/loc entries,no
https://abadis-med.com/wp-content/uploads/2023/01/%DA%A9%D8%B3%D8%B1%DB%8C.jpg,sitemap_image,.jpg,_customers-sitemap.xml,yes,FACT: referenced in Yoast sitemap image/loc entries,no
https://abadis-med.com/wp-content/uploads/2023/01/%D9%85%D9%81%D8%B1%D8%AD.jpg,sitemap_image,.jpg,_customers-sitemap.xml,yes,FACT: referenced in Yoast sitemap image/loc entries,no
https://abadis-med.com/wp-content/uploads/2023/01/%D9%85%D9%87%D8%B1.jpg,sitemap_image,.jpg,_customers-sitemap.xml,yes,FACT: referenced in Yoast sitemap image/loc entries,no
https://abadis-med.com/wp-content/uploads/2023/01/%D9%85%D9%87%D8%B1%D8%A7%D8%AF.jpg,sitemap_image,.jpg,_customers-sitemap.xml,yes,FACT: referenced in Yoast sitemap image/loc entries,no
https://abadis-med.com/wp-content/uploads/2023/01/%D9%81%D8%B1%D9%85%D8%A7%D9%86%DB%8C%D9%87.jpg,sitemap_image,.jpg,_customers-sitemap.xml,yes,FACT: referenced in Yoast sitemap image/loc entries,no
https://abadis-med.com/wp-content/uploads/2023/01/%D8%B9%D8%B1%D9%81%D8%A7%D9%86.jpg,sitemap_image,.jpg,_customers-sitemap.xml,yes,FACT: referenced in Yoast sitemap image/loc entries,no
https://abadis-med.com/wp-content/uploads/2023/01/%D8%B9%D8%B1%D9%81%D8%A7%D9%86-%D9%86%DB%8C%D8%A7%DB%8C%D8%B4.jpg,sitemap_image,.jpg,_customers-sitemap.xml,yes,FACT: referenced in Yoast sitemap image/loc entries,no
https://abadis-med.com/wp-content/uploads/2023/01/%D8%AF%DA%A9%D8%AA%D8%B1-%D9%84%D9%88%D8%A7%D8%B3%D8%A7%D9%86%DB%8C.jpg,sitemap_image,.jpg,_customers-sitemap.xml,yes,FACT: referenced in Yoast sitemap image/loc entries,no
https://abadis-med.com/wp-content/uploads/2023/01/%D8%B4%D9%87%D8%B1%D8%A7%D9%85.jpg,sitemap_image,.jpg,_customers-sitemap.xml,yes,FACT: referenced in Yoast sitemap image/loc entries,no
https://abadis-med.com/wp-content/uploads/2023/01/%DA%AF%D8%A7%D9%86%D8%AF%DB%8C.jpg,sitemap_image,.jpg,_customers-sitemap.xml,yes,FACT: referenced in Yoast sitemap image/loc entries,no
https://abadis-med.com/wp-content/uploads/2023/01/%DA%A9%DB%8C%D8%A7%D9%86.jpg,sitemap_image,.jpg,_customers-sitemap.xml,yes,FACT: referenced in Yoast sitemap image/loc entries,no
https://abadis-med.com/wp-content/uploads/2023/01/%D8%B9%D8%B1%D9%81%D8%A7%D9%86-%D8%B3%D9%84%D8%A7%D9%85%D8%AA.jpg,sitemap_image,.jpg,_customers-sitemap.xml,yes,FACT: referenced in Yoast sitemap image/loc entries,no
https://abadis-med.com/wp-content/uploads/2023/01/%D8%B4%D9%87%DB%8C%D8%AF-%D8%B1%D8%AC%D8%A7%DB%8C%DB%8C-%DA%A9%D8%B1%D8%AC.jpg,sitemap_image,.jpg,_customers-sitemap.xml,yes,FACT: referenced in Yoast sitemap image/loc entries,no
https://abadis-med.com/wp-content/uploads/2023/01/%D8%A7%D8%A8%D9%86-%D8%B3%DB%8C%D9%86%D8%A7.jpg,sitemap_image,.jpg,_customers-sitemap.xml,yes,FACT: referenced in Yoast sitemap image/loc entries,no
https://abadis-med.com/wp-content/uploads/2023/01/%D8%A7%D9%84%D8%A8%D8%B1%D8%B2.jpg,sitemap_image,.jpg,_customers-sitemap.xml,yes,FACT: referenced in Yoast sitemap image/loc entries,no
https://abadis-med.com/wp-content/uploads/2023/01/%D8%A7%D9%84%D8%BA%D8%AF%DB%8C%D8%B1.jpg,sitemap_image,.jpg,_customers-sitemap.xml,yes,FACT: referenced in Yoast sitemap image/loc entries,no
https://abadis-med.com/wp-content/uploads/2023/01/%D8%A2%D9%84%D9%81%D8%A7.jpg,sitemap_image,.jpg,_customers-sitemap.xml,yes,FACT: referenced in Yoast sitemap image/loc entries,no
https://abadis-med.com/wp-content/uploads/2023/01/%D8%A8%D9%87%D9%85%D9%86.jpg,sitemap_image,.jpg,_customers-sitemap.xml,yes,FACT: referenced in Yoast sitemap image/loc entries,no
https://abadis-med.com/wp-content/uploads/2023/01/%D9%BE%D8%A7%D8%B1%D8%B3%DB%8C%D8%A7%D9%86.jpg,sitemap_image,.jpg,_customers-sitemap.xml,yes,FACT: referenced in Yoast sitemap image/loc entries,no
https://abadis-med.com/wp-content/uploads/2023/01/%D8%AA%D8%AE%D8%AA-%D8%AC%D9%85%D8%B4%DB%8C%D8%AF.jpg,sitemap_image,.jpg,_customers-sitemap.xml,yes,FACT: referenced in Yoast sitemap image/loc entries,no
https://abadis-med.com/wp-content/uploads/2023/01/%D8%AF%D8%A7%D8%AF%DA%AF%D8%B3%D8%AA%D8%B1%DB%8C.jpg,sitemap_image,.jpg,_customers-sitemap.xml,yes,FACT: referenced in Yoast sitemap image/loc entries,no
https://abadis-med.com/wp-content/uploads/2023/01/%D8%AF%DB%8C.jpg,sitemap_image,.jpg,_customers-sitemap.xml,yes,FACT: referenced in Yoast sitemap image/loc entries,no
https://abadis-med.com/wp-content/uploads/2023/01/%D9%81%D9%82%DB%8C%D9%87%DB%8C-%D8%B4%DB%8C%D8%B1%D8%AA%D8%B2.jpg,sitemap_image,.jpg,_customers-sitemap.xml,yes,FACT: referenced in Yoast sitemap image/loc entries,no
https://abadis-med.com/wp-content/uploads/2023/01/%D9%82%D9%84%D8%A8-%D8%A7%D9%84%D8%B2%D9%87%D8%B1%D8%A7-%D8%B4%DB%8C%D8%B1%D8%A7%D8%B2.jpg,sitemap_image,.jpg,_customers-sitemap.xml,yes,FACT: referenced in Yoast sitemap image/loc entries,no
https://abadis-med.com/wp-content/uploads/2023/01/%D9%85%D8%AF%D8%A7%D8%A6%D9%86.jpg,sitemap_image,.jpg,_customers-sitemap.xml,yes,FACT: referenced in Yoast sitemap image/loc entries,no
https://abadis-med.com/wp-content/uploads/2023/01/%D9%85%DB%8C%D9%84%D8%A7%D8%AF-%D8%A7%D8%B1%D9%88%D9%85%DB%8C%D9%87.jpg,sitemap_image,.jpg,_customers-sitemap.xml,yes,FACT: referenced in Yoast sitemap image/loc entries,no
https://abadis-med.com/wp-content/uploads/2023/01/%D8%AF%D9%86%D8%A7-%D8%B4%DB%8C%D8%B1%D8%A7%D8%B2.jpg,sitemap_image,.jpg,_customers-sitemap.xml,yes,FACT: referenced in Yoast sitemap image/loc entries,no
https://abadis-med.com/wp-content/uploads/2023/01/%D8%AA%D8%B1%DB%8C%D8%AA%D8%A7.jpg,sitemap_image,.jpg,_customers-sitemap.xml,yes,FACT: referenced in Yoast sitemap image/loc entries,no
https://abadis-med.com/wp-content/uploads/2023/01/%D8%B4%D9%81%D8%A7-%D8%AE%D8%B1%D9%85-%D8%A7%D8%A8%D8%A7%D8%AF.jpg,sitemap_image,.jpg,_customers-sitemap.xml,yes,FACT: referenced in Yoast sitemap image/loc entries,no
https://abadis-med.com/wp-content/uploads/2023/01/%D8%B4%D9%87%DB%8C%D8%AF-%D9%85%D8%B7%D9%87%D8%B1%DB%8C.jpg,sitemap_image,.jpg,_customers-sitemap.xml,yes,FACT: referenced in Yoast sitemap image/loc entries,no
https://abadis-med.com/wp-content/uploads/2023/01/%D8%B9%D9%84%D9%88%DB%8C-%D8%B4%DB%8C%D8%B1%D8%A7%D8%B2.jpg,sitemap_image,.jpg,_customers-sitemap.xml,yes,FACT: referenced in Yoast sitemap image/loc entries,no
https://abadis-med.com/wp-content/uploads/2023/01/%D8%B4%D9%82%D8%A7%DB%8C%D9%82-1.jpg,sitemap_image,.jpg,_customers-sitemap.xml,yes,FACT: referenced in Yoast sitemap image/loc entries,no
https://abadis-med.com/wp-content/uploads/2023/01/%D8%B5%D8%A7%D8%B1%D9%85.jpg,sitemap_image,.jpg,_customers-sitemap.xml,yes,FACT: referenced in Yoast sitemap image/loc entries,no
https://abadis-med.com/wp-content/uploads/2023/01/%D8%AA%D9%87%D8%B1%D8%A7%D9%86-%D9%BE%D8%A7%D8%B1%D8%B3.jpg,sitemap_image,.jpg,_customers-sitemap.xml,yes,FACT: referenced in Yoast sitemap image/loc entries,no
https://abadis-med.com/wp-content/uploads/2023/01/%D9%BE%D8%A7%D8%B3%D8%AA%D9%88%D8%B1%D9%86%D9%88.jpg,sitemap_image,.jpg,_customers-sitemap.xml,yes,FACT: referenced in Yoast sitemap image/loc entries,no
https://abadis-med.com/wp-content/uploads/2023/01/%D9%BE%D8%A7%D8%B1%D8%B3%D8%A7.jpg,sitemap_image,.jpg,_customers-sitemap.xml,yes,FACT: referenced in Yoast sitemap image/loc entries,no
https://abadis-med.com/wp-content/uploads/2023/01/%D8%B4%D9%87%DB%8C%D8%AF-%DA%AF%D9%86%D8%AC%DB%8C-%D8%A8%D8%B1%D8%A7%D8%B2%D8%AC%D8%A7%D9%86.jpg,sitemap_image,.jpg,_customers-sitemap.xml,yes,FACT: referenced in Yoast sitemap image/loc entries,no
https://abadis-med.com/wp-content/uploads/2023/01/%D8%A7%D9%85%D8%A7%D9%85-%D8%AE%D9%85%DB%8C%D9%86%DB%8C-%D8%A7%D9%87%D9%88%D8%A7%D8%B2.jpg,sitemap_image,.jpg,_customers-sitemap.xml,yes,FACT: referenced in Yoast sitemap image/loc entries,no
https://abadis-med.com/wp-content/uploads/2023/01/%D8%AD%D8%AC-%D9%88-%D8%B2%DB%8C%D8%A7%D8%B1%D8%AA.jpg,sitemap_image,.jpg,_customers-sitemap.xml,yes,FACT: referenced in Yoast sitemap image/loc entries,no
https://abadis-med.com/wp-content/uploads/2023/01/%D8%B4%DB%8C%D8%A7%D9%86.jpg,sitemap_image,.jpg,_customers-sitemap.xml,yes,FACT: referenced in Yoast sitemap image/loc entries,no
https://abadis-med.com/wp-content/uploads/2023/01/%D9%86%D9%85%D8%A7%D8%B2%DB%8C.jpg,sitemap_image,.jpg,_customers-sitemap.xml,yes,FACT: referenced in Yoast sitemap image/loc entries,no
https://abadis-med.com/wp-content/uploads/2023/01/%D8%AF%DA%A9%D8%AA%D8%B1-%D9%85%DB%8C%D8%B1.jpg,sitemap_image,.jpg,_customers-sitemap.xml,yes,FACT: referenced in Yoast sitemap image/loc entries,no
https://abadis-med.com/wp-content/uploads/2023/01/%D8%BA%DB%8C%D8%A7%D8%AB%DB%8C.jpg,sitemap_image,.jpg,_customers-sitemap.xml,yes,FACT: referenced in Yoast sitemap image/loc entries,no
https://abadis-med.com/wp-content/uploads/2023/01/%D9%86%D9%88%D8%B1-%D8%B4%D9%87%D8%B1%DB%8C%D8%A7%D8%B1.jpg,sitemap_image,.jpg,_customers-sitemap.xml,yes,FACT: referenced in Yoast sitemap image/loc entries,no
https://abadis-med.com/wp-content/uploads/2023/01/%D9%87%D8%A7%D8%B4%D9%85%DB%8C-%D9%86%DA%98%D8%A7%D8%AF.jpg,sitemap_image,.jpg,_customers-sitemap.xml,yes,FACT: referenced in Yoast sitemap image/loc entries,no
https://abadis-med.com/wp-content/uploads/2023/01/%D9%85%D9%87%D8%B1%DA%AF%D8%A7%D9%86.jpg,sitemap_image,.jpg,_customers-sitemap.xml,yes,FACT: referenced in Yoast sitemap image/loc entries,no
https://abadis-med.com/wp-content/uploads/2023/01/%D8%B3%D9%84%D8%A7%D9%85%D8%AA-%D9%81%D8%B1%D8%AF%D8%A7.jpg,sitemap_image,.jpg,_customers-sitemap.xml,yes,FACT: referenced in Yoast sitemap image/loc entries,no
https://abadis-med.com/wp-content/uploads/2023/01/%D8%B3%D9%87%D9%86%D8%AF.jpg,sitemap_image,.jpg,_customers-sitemap.xml,yes,FACT: referenced in Yoast sitemap image/loc entries,no
https://abadis-med.com/wp-content/uploads/2023/01/%DA%AF%D9%86%D8%A7%D9%88%D9%87.jpg,sitemap_image,.jpg,_customers-sitemap.xml,yes,FACT: referenced in Yoast sitemap image/loc entries,no
https://abadis-med.com/wp-content/uploads/2023/01/%D8%A7%D9%85%D8%A7%D9%85-%D8%AE%D9%85%DB%8C%D9%86%DB%8C-%DA%A9%D9%86%DA%AF%D8%A7%D9%86.jpg,sitemap_image,.jpg,_customers-sitemap.xml,yes,FACT: referenced in Yoast sitemap image/loc entries,no
https://abadis-med.com/wp-content/uploads/2023/01/12-%D8%B3%DB%8C%D8%AF%D8%A7%D9%84%D8%B4%D9%87%D8%AF%D8%A7.jpg,sitemap_image,.jpg,_customers-sitemap.xml,yes,FACT: referenced in Yoast sitemap image/loc entries,no
https://abadis-med.com/wp-content/uploads/2023/01/%D8%A7%DB%8C%D8%B1%D8%A7%D9%86%DB%8C%D8%A7%D9%86.jpg,sitemap_image,.jpg,_customers-sitemap.xml,yes,FACT: referenced in Yoast sitemap image/loc entries,no
https://abadis-med.com/wp-content/uploads/2023/01/%D9%85%D9%87%D8%B1-%D8%A7%D9%87%D9%88%D8%A7%D8%B2.jpg,sitemap_image,.jpg,_customers-sitemap.xml,yes,FACT: referenced in Yoast sitemap image/loc entries,no
https://abadis-med.com/wp-content/uploads/2023/01/%D8%A2%D8%B1%DB%8C%D8%A7.jpg,sitemap_image,.jpg,_customers-sitemap.xml,yes,FACT: referenced in Yoast sitemap image/loc entries,no
https://abadis-med.com/wp-content/uploads/2023/01/%D9%86%DB%8C%DA%A9%D8%A7%D9%86-%D8%BA%D8%B1%D8%A8.jpg,sitemap_image,.jpg,_customers-sitemap.xml,yes,FACT: referenced in Yoast sitemap image/loc entries,no
https://abadis-med.com/wp-content/uploads/2023/01/%D8%B4%D9%81%D8%A7-%D8%B3%D8%A7%D8%B1%DB%8C.jpg,sitemap_image,.jpg,_customers-sitemap.xml,yes,FACT: referenced in Yoast sitemap image/loc entries,no
https://abadis-med.com/wp-content/uploads/2023/01/6.jpg,sitemap_image,.jpg,_customers-sitemap.xml,yes,FACT: referenced in Yoast sitemap image/loc entries,no
https://abadis-med.com/wp-content/uploads/2023/01/%D8%B4%D9%85%D8%A7%D9%84.jpg,sitemap_image,.jpg,_customers-sitemap.xml,yes,FACT: referenced in Yoast sitemap image/loc entries,no
https://abadis-med.com/wp-content/uploads/2023/01/%D8%AA%D9%87%D8%B1%D8%A7%D9%86.jpg,sitemap_image,.jpg,_customers-sitemap.xml,yes,FACT: referenced in Yoast sitemap image/loc entries,no
https://abadis-med.com/wp-content/uploads/2023/01/%D8%A8%DB%8C%D9%85%D8%A7%D8%B1%D8%B3%D8%AA%D8%A7%D9%86-%D8%A2%D8%AA%DB%8C%D9%87.jpg,sitemap_image,.jpg,_customers-sitemap.xml,yes,FACT: referenced in Yoast sitemap image/loc entries,no
https://abadis-med.com/wp-content/uploads/2023/01/%D9%BE%D8%A7%D9%86%D8%B2%D8%AF%D9%87-%D8%AE%D8%B1%D8%AF%D8%A7%D8%AF.jpg,sitemap_image,.jpg,_customers-sitemap.xml,yes,FACT: referenced in Yoast sitemap image/loc entries,no
https://abadis-med.com/wp-content/uploads/2023/01/%D9%85%D8%AC%D8%AA%D9%85%D8%B9-%D8%AF%D8%B1%D9%85%D8%A7%D9%86%DB%8C-%D8%A2%D8%B2%D8%A7%D8%AF%DB%8C.jpg,sitemap_image,.jpg,_customers-sitemap.xml,yes,FACT: referenced in Yoast sitemap image/loc entries,no
https://abadis-med.com/wp-content/uploads/2023/01/%D8%AF%DA%A9%D8%AA%D8%B1-%D8%A7%D9%85%D8%A7%D9%85%DB%8C.jpg,sitemap_image,.jpg,_customers-sitemap.xml,yes,FACT: referenced in Yoast sitemap image/loc entries,no
https://abadis-med.com/wp-content/uploads/2023/01/%D8%A8%D8%B9%D8%AB%D8%AA.jpg,sitemap_image,.jpg,_customers-sitemap.xml,yes,FACT: referenced in Yoast sitemap image/loc entries,no
https://abadis-med.com/wp-content/uploads/2023/01/%D8%A8%D9%87%D8%A8%D9%88%D8%AF.jpg,sitemap_image,.jpg,_customers-sitemap.xml,yes,FACT: referenced in Yoast sitemap image/loc entries,no
https://abadis-med.com/wp-content/uploads/2023/01/%DA%86%D9%85%D8%B1%D8%A7%D9%86-%D8%B4%DB%8C%D8%B1%D8%A7%D8%B2.jpg,sitemap_image,.jpg,_customers-sitemap.xml,yes,FACT: referenced in Yoast sitemap image/loc entries,no
https://abadis-med.com/wp-content/uploads/2023/01/%D9%85%D8%AC%DB%8C%D8%A8%DB%8C%D8%A7%D9%86-%DB%8C%D8%B2%D8%AF.jpg,sitemap_image,.jpg,_customers-sitemap.xml,yes,FACT: referenced in Yoast sitemap image/loc entries,no
https://abadis-med.com/wp-content/uploads/2023/01/%D8%AD%D8%B6%D8%B1%D8%AA-%D8%B2%DB%8C%D9%86%D8%A8.jpg,sitemap_image,.jpg,_customers-sitemap.xml,yes,FACT: referenced in Yoast sitemap image/loc entries,no
https://abadis-med.com/wp-content/uploads/2023/01/%D8%B3%DB%8C%D8%AF-%D8%A7%D9%84%D8%B4%D9%87%D8%AF%D8%A7-%DB%8C%D8%B2%D8%AF.jpg,sitemap_image,.jpg,_customers-sitemap.xml,yes,FACT: referenced in Yoast sitemap image/loc entries,no
https://abadis-med.com/wp-content/uploads/2023/01/%D8%A8%D8%A7%D9%86%DA%A9-%D9%85%D9%84%DB%8C.jpg,sitemap_image,.jpg,_customers-sitemap.xml,yes,FACT: referenced in Yoast sitemap image/loc entries,no
https://abadis-med.com/wp-content/uploads/2024/02/%D8%A8%DB%8C%D9%85%D8%A7%D8%B1%D8%B3%D8%AA%D8%A7%D9%86-%D8%A8%DB%8C%D8%B3%D8%AA%D9%88%D9%86.jpg,sitemap_image,.jpg,_customers-sitemap.xml,yes,FACT: referenced in Yoast sitemap image/loc entries,no
https://abadis-med.com/wp-content/uploads/2024/02/%D9%85%D8%B1%DA%A9%D8%B2-%D8%AC%D8%B1%D8%A7%D8%AD%DB%8C-%D9%85%D8%AD%D8%AF%D9%88%D8%AF-%D9%81%D8%A7%D8%B7%D9%85%D9%87-%D8%B2%D9%87%D8%B1%D8%A7-%D8%B3-%D8%B4%D9%87%D8%B1%D8%B1%DB%8C.jpg,sitemap_image,.jpg,_customers-sitemap.xml,yes,FACT: referenced in Yoast sitemap image/loc entries,no
https://abadis-med.com/wp-content/uploads/2024/02/%D8%A8%DB%8C%D9%85%D8%A7%D8%B1%D8%B3%D8%AA%D8%A7%D9%86-%D9%BE%DB%8C%D8%A7%D9%85%D8%A8%D8%B1%D8%A7%D9%86-%D8%AA%D9%87%D8%B1%D8%A7%D9%86.jpg,sitemap_image,.jpg,_customers-sitemap.xml,yes,FACT: referenced in Yoast sitemap image/loc entries,no
https://abadis-med.com/wp-content/uploads/2024/02/%D8%A8%DB%8C%D9%85%D8%A7%D8%B1%D8%B3%D8%AA%D8%A7%D9%86-%DA%86%D8%B4%D9%85-%D9%BE%D8%B2%D8%B4%DA%A9%DB%8C-%D8%AF%DA%A9%D8%AA%D8%B1-%D8%AC%D9%88%D8%A7%D8%AF%DB%8C.jpg,sitemap_image,.jpg,_customers-sitemap.xml,yes,FACT: referenced in Yoast sitemap image/loc entries,no
https://abadis-med.com/wp-content/uploads/2023/01/%D8%A7%D9%85%D8%A7%D9%85-%D8%AD%D8%B3%DB%8C%D9%86-%D8%A7%D9%84%D8%A8%D8%B1%D8%B2.jpg,sitemap_image,.jpg,_customers-sitemap.xml,yes,FACT: referenced in Yoast sitemap image/loc entries,no
https://abadis-med.com/wp-content/uploads/2024/02/%D8%A8%DB%8C%D9%85%D8%A7%D8%B1%D8%B3%D8%AA%D8%A7%D9%86-%DA%A9%D9%88%D8%AF%DA%A9%D8%A7%D9%86-%D8%A8%D9%87%D8%B1%D8%A7%D9%85%DB%8C.jpg,sitemap_image,.jpg,_customers-sitemap.xml,yes,FACT: referenced in Yoast sitemap image/loc entries,no
https://abadis-med.com/wp-content/uploads/2024/02/%D8%A8%DB%8C%D9%85%D8%A7%D8%B1%D8%B3%D8%AA%D8%A7%D9%86-%D8%AA%D9%88%D8%B3.jpg,sitemap_image,.jpg,_customers-sitemap.xml,yes,FACT: referenced in Yoast sitemap image/loc entries,no
https://abadis-med.com/wp-content/uploads/2024/02/%D8%A8%DB%8C%D9%85%D8%A7%D8%B1%D8%B3%D8%AA%D8%A7%D9%86-%D9%86%D8%AC%D9%85%DB%8C%D9%87.jpg,sitemap_image,.jpg,_customers-sitemap.xml,yes,FACT: referenced in Yoast sitemap image/loc entries,no
https://abadis-med.com/wp-content/uploads/2024/03/%D8%A8%DB%8C%D9%85%D8%A7%D8%B1%D8%B3%D8%AA%D8%A7%D9%86-%D9%85%D8%B1%DA%A9%D8%B2-%D8%B7%D8%A8%DB%8C-%DA%A9%D9%88%D8%AF%DA%A9%D8%A7%D9%86.jpg,sitemap_image,.jpg,_customers-sitemap.xml,yes,FACT: referenced in Yoast sitemap image/loc entries,no
https://abadis-med.com/wp-content/uploads/2023/01/%D8%A8%DB%8C%D9%85%D8%A7%D8%B1%D8%B3%D8%AA%D8%A7%D9%86-%D8%A2%D8%B1%D8%A7%D8%AF.jpg,sitemap_image,.jpg,_customers-sitemap.xml,yes,FACT: referenced in Yoast sitemap image/loc entries,no
https://abadis-med.com/wp-content/uploads/2023/01/%D8%A8%DB%8C%D9%85%D8%A7%D8%B1%D8%B3%D8%AA%D8%A7%D9%86-%D9%85%DB%8C%D9%84%D8%A7%D8%AF.jpg,sitemap_image,.jpg,_customers-sitemap.xml,yes,FACT: referenced in Yoast sitemap image/loc entries,no
https://abadis-med.com/wp-content/uploads/2023/01/%D8%A8%DB%8C%D9%85%D8%A7%D8%B1%D8%B3%D8%AA%D8%A7%D9%86-%D8%A2%D8%B3%DB%8C%D8%A7.jpg,sitemap_image,.jpg,_customers-sitemap.xml,yes,FACT: referenced in Yoast sitemap image/loc entries,no
https://abadis-med.com/wp-content/uploads/2023/01/%D8%A8%DB%8C%D9%85%D8%A7%D8%B1%D8%B3%D8%AA%D8%A7%D9%86-%D8%A7%D9%82%D8%A8%D8%A7%D9%84.jpg,sitemap_image,.jpg,_customers-sitemap.xml,yes,FACT: referenced in Yoast sitemap image/loc entries,no
https://abadis-med.com/wp-content/uploads/2024/02/%D8%A8%DB%8C%D9%85%D8%A7%D8%B1%D8%B3%D8%AA%D8%A7%D9%86-%D8%A8%D9%82%DB%8C%D9%87-%D8%A7%D9%84%D9%84%D9%87.jpg,sitemap_image,.jpg,_customers-sitemap.xml,yes,FACT: referenced in Yoast sitemap image/loc entries,no
https://abadis-med.com/wp-content/uploads/2023/01/%D8%B4%D9%87%DB%8C%D8%AF-%D8%B1%D8%AC%D8%A7%DB%8C%DB%8C.jpg,sitemap_image,.jpg,_customers-sitemap.xml,yes,FACT: referenced in Yoast sitemap image/loc entries,no
https://abadis-med.com/wp-content/uploads/2023/01/%D8%B1%D8%A7%D8%B2%DB%8C.jpg,sitemap_image,.jpg,_customers-sitemap.xml,yes,FACT: referenced in Yoast sitemap image/loc entries,no
https://abadis-med.com/wp-content/uploads/2024/03/%D8%A8%DB%8C%D9%85%D8%A7%D8%B1%D8%B3%D8%AA%D8%A7%D9%86-%D9%85%D8%AD%D8%A8-%D9%85%D9%87%D8%B1.jpg,sitemap_image,.jpg,_customers-sitemap.xml,yes,FACT: referenced in Yoast sitemap image/loc entries,no
https://abadis-med.com/wp-content/uploads/2024/03/%D8%A8%DB%8C%D9%85%D8%A7%D8%B1%D8%B3%D8%AA%D8%A7%D9%86-%D9%85%D9%87%D8%B1%D8%A2%DB%8C%DB%8C%D9%86-%D9%84%D9%88%D8%A7%D8%B3%D8%A7%D9%86.jpg,sitemap_image,.jpg,_customers-sitemap.xml,yes,FACT: referenced in Yoast sitemap image/loc entries,no
https://abadis-med.com/wp-content/uploads/2023/01/%D8%A8%DB%8C%D9%85%D8%A7%D8%B1%D8%B3%D8%AA%D8%A7%D9%86-%D8%A7%D9%81%D8%B6%D9%84%DB%8C-%D9%BE%D9%88%D8%B1-%DA%A9%D8%B1%D9%85%D8%A7%D9%86.jpg,sitemap_image,.jpg,_customers-sitemap.xml,yes,FACT: referenced in Yoast sitemap image/loc entries,no
https://abadis-med.com/wp-content/uploads/2023/01/%D8%A8%DB%8C%D9%85%D8%A7%D8%B1%D8%B3%D8%AA%D8%A7%D9%86-%D9%86%DB%8C%DA%A9%D8%A7%D9%86-%D8%A2%D8%A8%D8%A7%D8%AF%DB%8C%D8%B3.jpg,sitemap_image,.jpg,_customers-sitemap.xml,yes,FACT: referenced in Yoast sitemap image/loc entries,no
https://abadis-med.com/wp-content/uploads/2023/01/%D9%85%D9%88%D8%B3%D8%B3%D9%87-%D8%AE%DB%8C%D8%B1%DB%8C%D9%87-%D9%85%D8%AD%DA%A9.jpg,sitemap_image,.jpg,_customers-sitemap.xml,yes,FACT: referenced in Yoast sitemap image/loc entries,no
https://abadis-med.com/wp-content/uploads/2023/01/%D9%85%D8%B1%DA%A9%D8%B2-%D8%AC%D8%B1%D8%A7%D8%AD%DB%8C-%D9%86%DB%8C%D8%A7%D9%88%D8%B1%D8%A7%D9%86.jpg,sitemap_image,.jpg,_customers-sitemap.xml,yes,FACT: referenced in Yoast sitemap image/loc entries,no
https://abadis-med.com/wp-content/uploads/2023/01/%D9%85%D8%B1%DA%A9%D8%B2-%D8%AC%D8%B1%D8%A7%D8%AD%DB%8C-%D8%A8%D9%87%D8%A7%D8%B1.jpg,sitemap_image,.jpg,_customers-sitemap.xml,yes,FACT: referenced in Yoast sitemap image/loc entries,no
https://abadis-med.com/wp-content/uploads/2023/01/%D8%A8%DB%8C%D9%85%D8%A7%D8%B1%D8%B3%D8%AA%D8%A7%D9%86-%D9%85%DB%8C%D9%84%D8%A7%D8%AF-%D8%A7%D8%B5%D9%81%D9%87%D8%A7%D9%86.jpg,sitemap_image,.jpg,_customers-sitemap.xml,yes,FACT: referenced in Yoast sitemap image/loc entries,no
https://abadis-med.com/wp-content/uploads/2023/01/%D8%A8%DB%8C%D9%85%D8%A7%D8%B1%D8%B3%D8%AA%D8%A7%D9%86-%D9%85%D9%87%D8%AF%DB%8C%D9%87.jpg,sitemap_image,.jpg,_customers-sitemap.xml,yes,FACT: referenced in Yoast sitemap image/loc entries,no
https://abadis-med.com/wp-content/uploads/2023/01/%D8%A8%DB%8C%D9%85%D8%A7%D8%B1%D8%B3%D8%AA%D8%A7%D9%86-%D8%BA%D8%B1%D8%B6%DB%8C-%D8%A7%D8%B5%D9%81%D9%87%D8%A7%D9%86.jpg,sitemap_image,.jpg,_customers-sitemap.xml,yes,FACT: referenced in Yoast sitemap image/loc entries,no
https://abadis-med.com/wp-content/uploads/2023/01/%D8%A8%DB%8C%D9%85%D8%A7%D8%B1%D8%B3%D8%AA%D8%A7%D9%86-%D9%85%D8%A7%D8%AF%D8%B1%D8%A7%D9%86.jpg,sitemap_image,.jpg,_customers-sitemap.xml,yes,FACT: referenced in Yoast sitemap image/loc entries,no
https://abadis-med.com/wp-content/uploads/2023/01/%D8%A8%DB%8C%D9%85%D8%A7%D8%B1%D8%B3%D8%AA%D8%A7%D9%86-%D8%A8%D8%A7%D8%B2%D8%B1%DA%AF%D8%A7%D9%86%D8%A7%D9%86.jpg,sitemap_image,.jpg,_customers-sitemap.xml,yes,FACT: referenced in Yoast sitemap image/loc entries,no
https://abadis-med.com/wp-content/uploads/2023/01/%D8%A7%D9%85%DB%8C%D8%AF.jpg,sitemap_image,.jpg,_customers-sitemap.xml,yes,FACT: referenced in Yoast sitemap image/loc entries,no
https://abadis-med.com/wp-content/uploads/2023/01/%D8%A8%DB%8C%D9%85%D8%A7%D8%B1%D8%B3%D8%AA%D8%A7%D9%86-%D8%A7%DB%8C%D8%B1%D8%A7%D9%86%D8%B4%D9%87%D8%B1.jpg,sitemap_image,.jpg,_customers-sitemap.xml,yes,FACT: referenced in Yoast sitemap image/loc entries,no
https://abadis-med.com/wp-content/uploads/2023/01/%D8%AF%DA%A9%D8%AA%D8%B1-%D8%B1%D9%87%D9%86%D9%85%D9%88%D9%86-%DB%8C%D8%B2%D8%AF.jpg,sitemap_image,.jpg,_customers-sitemap.xml,yes,FACT: referenced in Yoast sitemap image/loc entries,no
https://abadis-med.com/wp-content/uploads/2023/01/%D8%A8%DB%8C%D9%85%D8%A7%D8%B1%D8%B3%D8%AA%D8%A7%D9%86-%D9%88%D9%84%DB%8C%D8%B9%D8%B5%D8%B1-%D8%AA%D8%A8%D8%B1%DB%8C%D8%B2.jpg,sitemap_image,.jpg,_customers-sitemap.xml,yes,FACT: referenced in Yoast sitemap image/loc entries,no
https://abadis-med.com/wp-content/uploads/2023/01/%DA%A9%D9%85%D8%A7%D9%84%DB%8C-%D8%A7%D9%84%D8%A8%D8%B1%D8%B2.jpg,sitemap_image,.jpg,_customers-sitemap.xml,yes,FACT: referenced in Yoast sitemap image/loc entries,no
https://abadis-med.com/wp-content/uploads/2024/03/%D8%A8%DB%8C%D9%85%D8%A7%D8%B1%D8%B3%D8%AA%D8%A7%D9%86-%D8%B4%D9%88%D8%B1%DB%8C%D8%AF%D9%87-%D8%A2%D8%A8%D8%A7%D8%AF%DB%8C%D8%B3.jpg,sitemap_image,.jpg,_customers-sitemap.xml,yes,FACT: referenced in Yoast sitemap image/loc entries,no
https://abadis-med.com/wp-content/uploads/2024/03/%D8%A8%DB%8C%D9%85%D8%A7%D8%B1%D8%B3%D8%AA%D8%A7%D9%86-%D8%B3%D9%88%D8%B1%D9%86%D8%A7-%D8%A2%D8%A8%D8%A7%D8%AF%DB%8C%D8%B3.jpg,sitemap_image,.jpg,_customers-sitemap.xml,yes,FACT: referenced in Yoast sitemap image/loc entries,no
https://abadis-med.com/wp-content/uploads/2023/01/%D8%A8%DB%8C%D9%85%D8%A7%D8%B1%D8%B3%D8%AA%D8%A7%D9%86-%D8%A2%D9%BE%D8%A7%D8%AF%D8%A7%D9%86%D8%A7.jpg,sitemap_image,.jpg,_customers-sitemap.xml,yes,FACT: referenced in Yoast sitemap image/loc entries,no
https://abadis-med.com/wp-content/uploads/2023/01/%D8%A8%DB%8C%D9%85%D8%A7%D8%B1%D8%B3%D8%AA%D8%A7%D9%86-%D8%B4%D9%87%D8%B1%DB%8C%D8%A7%D8%B1-%D8%AA%D9%87%D8%B1%D8%A7%D9%86-%D8%A2%D8%A8%D8%A7%D8%AF%DB%8C%D8%B3.jpg,sitemap_image,.jpg,_customers-sitemap.xml,yes,FACT: referenced in Yoast sitemap image/loc entries,no
https://abadis-med.com/wp-content/uploads/2023/01/%D8%B4%D9%87%DB%8C%D8%AF-%D9%85%D8%AD%D9%84%D8%A7%D8%AA%DB%8C-%D8%AA%D8%A8%D8%B1%DB%8C%D8%B2.jpg,sitemap_image,.jpg,_customers-sitemap.xml,yes,FACT: referenced in Yoast sitemap image/loc entries,no
https://abadis-med.com/wp-content/uploads/2023/01/%D8%A8%DB%8C%D9%85%D8%A7%D8%B1%D8%B3%D8%AA%D8%A7%D9%86-%D8%A7%D9%85%DB%8C%D8%AF-%D8%A7%D8%B1%D9%88%D9%85%DB%8C%D9%87.jpg,sitemap_image,.jpg,_customers-sitemap.xml,yes,FACT: referenced in Yoast sitemap image/loc entries,no
https://abadis-med.com/wp-content/uploads/2024/03/%D8%A8%DB%8C%D9%85%D8%A7%D8%B1%D8%B3%D8%AA%D8%A7%D9%86-%DB%8C%D8%A7%D8%B3-%D8%A2%D8%A8%D8%A7%D8%AF%DB%8C%D8%B3.jpg,sitemap_image,.jpg,_customers-sitemap.xml,yes,FACT: referenced in Yoast sitemap image/loc entries,no
https://abadis-med.com/wp-content/uploads/2024/03/%D8%AF%D8%B1%D9%85%D8%A7%D9%86%DA%AF%D8%A7%D9%87-%D8%B4%D8%A8%D8%A7%D9%86%D9%87-%D8%B1%D9%88%D8%B2%DB%8C-%D8%AF%D8%B1%D9%86%DB%8C%D8%A7%D9%86-%D8%A2%D8%A8%D8%A7%D8%AF%DB%8C%D8%B3.jpg,sitemap_image,.jpg,_customers-sitemap.xml,yes,FACT: referenced in Yoast sitemap image/loc entries,no
https://abadis-med.com/wp-content/uploads/2024/03/%DA%A9%D9%84%DB%8C%D9%86%DB%8C%DA%A9-%D9%85%D8%B1%DA%A9%D8%B2%DB%8C-%D8%B4%D9%87%D8%B1-%D8%A2%D8%A8%D8%A7%D8%AF%DB%8C%D8%B3.jpg,sitemap_image,.jpg,_customers-sitemap.xml,yes,FACT: referenced in Yoast sitemap image/loc entries,no
https://abadis-med.com/wp-content/uploads/2023/01/%D8%A8%DB%8C%D8%A8.jpg,sitemap_image,.jpg,_customers-sitemap.xml,yes,FACT: referenced in Yoast sitemap image/loc entries,no
https://abadis-med.com/wp-content/uploads/2024/03/%D8%A8%DB%8C%D9%85%D8%A7%D8%B1%D8%B3%D8%AA%D8%A7%D9%86-%D9%82%D9%84%D8%A8-%D9%88-%D8%B9%D8%B1%D9%88%D9%82-%D9%81%D8%B1%D8%B4%DA%86%DB%8C%D8%A7%D9%86-%D9%87%D9%85%D8%AF%D8%A7%D9%86-%D8%A2%D8%A8%D8%A7%D8%AF%DB%8C%D8%B3.jpg,sitemap_image,.jpg,_customers-sitemap.xml,yes,FACT: referenced in Yoast sitemap image/loc entries,no
https://abadis-med.com/wp-content/uploads/2024/03/%D8%A8%DB%8C%D9%85%D8%A7%D8%B1%D8%B3%D8%AA%D8%A7%D9%86-%D8%A8%D9%87%D8%A7%D8%B1%D9%84%D9%88-%D8%A2%D8%A8%D8%A7%D8%AF%DB%8C%D8%B3.jpg,sitemap_image,.jpg,_customers-sitemap.xml,yes,FACT: referenced in Yoast sitemap image/loc entries,no
https://abadis-med.com/wp-content/uploads/2024/03/%D8%A8%DB%8C%D9%85%D8%A7%D8%B1%D8%B3%D8%AA%D8%A7%D9%86-%D8%AC%D9%85-%D8%A2%D8%A8%D8%A7%D8%AF%DB%8C%D8%B3.jpg,sitemap_image,.jpg,_customers-sitemap.xml,yes,FACT: referenced in Yoast sitemap image/loc entries,no
https://abadis-med.com/wp-content/uploads/2024/03/%D8%A8%DB%8C%D9%85%D8%A7%D8%B1%D8%B3%D8%AA%D8%A7%D9%86-%D8%AD%D8%B6%D8%B1%D8%AA-%D9%81%D8%A7%D8%B7%D9%85%D9%87-%DA%A9%D8%B1%D9%85%D8%A7%D9%86-%D8%A2%D8%A8%D8%A7%D8%AF%DB%8C%D8%B3.jpg,sitemap_image,.jpg,_customers-sitemap.xml,yes,FACT: referenced in Yoast sitemap image/loc entries,no
https://abadis-med.com/wp-content/uploads/2024/03/%D8%A8%DB%8C%D9%85%D8%A7%D8%B1%D8%B3%D8%AA%D8%A7%D9%86-%D9%81%DB%8C%D8%B6-%D8%A7%D8%B5%D9%81%D9%87%D8%A7%D9%86-%D8%A2%D8%A8%D8%A7%D8%AF%DB%8C%D8%B3.jpg,sitemap_image,.jpg,_customers-sitemap.xml,yes,FACT: referenced in Yoast sitemap image/loc entries,no
https://abadis-med.com/wp-content/uploads/2024/03/%D9%85%D8%B1%DA%A9%D8%B2-%D8%A8%D8%A7%D8%B1%D9%88%D8%B1%DB%8C-%D9%88-%D8%AF%D8%B1%D9%85%D8%A7%D9%86-%D9%86%D8%A7%D8%A8%D8%A7%D8%B1%D9%88%D8%B1%DB%8C-%D9%85%D8%A7%D9%85-%D8%A2%D8%A8%D8%A7%D8%AF%DB%8C%D8%B3.jpg,sitemap_image,.jpg,_customers-sitemap.xml,yes,FACT: referenced in Yoast sitemap image/loc entries,no
https://abadis-med.com/wp-content/uploads/2024/03/%D9%BE%DA%98%D9%88%D9%87%D8%B4%DA%AF%D8%A7%D9%87-%D8%B1%D9%88%DB%8C%D8%A7%D9%86-%D8%A2%D8%A8%D8%A7%D8%AF%DB%8C%D8%B3.jpg,sitemap_image,.jpg,_customers-sitemap.xml,yes,FACT: referenced in Yoast sitemap image/loc entries,no
https://abadis-med.com/wp-content/uploads/2024/03/%D8%A8%DB%8C%D9%85%D8%A7%D8%B1%D8%B3%D8%AA%D8%A7%D9%86-%DA%86%D8%B4%D9%85-%D9%BE%D8%B2%D8%B4%DA%A9%DB%8C-%D8%A8%DB%8C%D9%86%D8%A7-%D8%A2%D8%A8%D8%A7%D8%AF%DB%8C%D8%B3.jpg,sitemap_image,.jpg,_customers-sitemap.xml,yes,FACT: referenced in Yoast sitemap image/loc entries,no
https://abadis-med.com/wp-content/uploads/2024/03/%D9%85%D8%B1%DA%A9%D8%B2-%D8%AC%D8%B1%D8%A7%D8%AD%DB%8C-%D9%81%D9%88%D9%82-%D8%AA%D8%AE%D8%B5%D8%B5%DB%8C-%D8%AF%DA%A9%D8%AA%D8%B1-%D8%AE%DB%8C%D8%B1%D8%AE%D9%88%D8%A7%D9%87-%D8%A2%D8%A8%D8%A7%D8%AF%DB%8C%D8%B3.jpg,sitemap_image,.jpg,_customers-sitemap.xml,yes,FACT: referenced in Yoast sitemap image/loc entries,no
https://abadis-med.com/wp-content/uploads/2023/01/%D8%A8%DB%8C%D9%85%D8%A7%D8%B1%D8%B3%D8%AA%D8%A7%D9%86-%DA%A9%D9%88%D8%AF%DA%A9%D8%A7%D9%86-%D9%85%D9%81%DB%8C%D8%AF-%D8%A2%D8%A8%D8%A7%D8%AF%DB%8C%D8%B3.jpg,sitemap_image,.jpg,_customers-sitemap.xml,yes,FACT: referenced in Yoast sitemap image/loc entries,no
https://abadis-med.com/wp-content/uploads/2023/01/%D8%A8%DB%8C%D9%85%D8%A7%D8%B1%D8%B3%D8%AA%D8%A7%D9%86-%D9%85%D8%B3%DB%8C%D8%AD-%D8%AF%D8%A7%D9%86%D8%B4%D9%88%D8%B1%DB%8C.jpg,sitemap_image,.jpg,_customers-sitemap.xml,yes,FACT: referenced in Yoast sitemap image/loc entries,no
https://abadis-med.com/wp-content/uploads/2023/01/%D9%85%D8%B5%D8%B7%D9%81%DB%8C-%D8%AE%D9%85%DB%8C%D9%86%DB%8C.jpg,sitemap_image,.jpg,_customers-sitemap.xml,yes,FACT: referenced in Yoast sitemap image/loc entries,no
https://abadis-med.com/wp-content/uploads/2023/01/%D8%AE%D8%A7%D8%AA%D9%85-%D8%A7%D9%84%D8%A7%D9%86%D8%A8%DB%8C%D8%A7.jpg,sitemap_image,.jpg,_customers-sitemap.xml,yes,FACT: referenced in Yoast sitemap image/loc entries,no
https://abadis-med.com/wp-content/uploads/2023/01/%D8%A7%D9%85%DB%8C%D8%B1%D8%A7%D9%84%D9%85%D9%88%D9%86%DB%8C%D9%86-%D8%AF%D8%A7%D9%86%D8%B4%DA%AF%D8%A7%D9%87-%D8%A2%D8%B2%D8%A7%D8%AF.jpg,sitemap_image,.jpg,_customers-sitemap.xml,yes,FACT: referenced in Yoast sitemap image/loc entries,no
https://abadis-med.com/wp-content/uploads/2023/01/%D8%B4%D9%87%D8%AF%D8%A7%DB%8C-%D8%AA%D8%AC%D8%B1%DB%8C%D8%B4.jpg,sitemap_image,.jpg,_customers-sitemap.xml,yes,FACT: referenced in Yoast sitemap image/loc entries,no
https://abadis-med.com/wp-content/uploads/2023/01/%D8%A2%D8%A8%D8%A7%D9%86.jpg,sitemap_image,.jpg,_customers-sitemap.xml,yes,FACT: referenced in Yoast sitemap image/loc entries,no
https://abadis-med.com/wp-content/uploads/2023/01/%D9%84%D8%A7%D9%84%D9%87.jpg,sitemap_image,.jpg,_customers-sitemap.xml,yes,FACT: referenced in Yoast sitemap image/loc entries,no
https://abadis-med.com/wp-content/uploads/2023/01/%D8%B5%D8%AF%D9%88%D9%82%DB%8C-%DB%8C%D8%B2%D8%AF.jpg,sitemap_image,.jpg,_customers-sitemap.xml,yes,FACT: referenced in Yoast sitemap image/loc entries,no
https://abadis-med.com/wp-content/uploads/2023/01/%D9%BE%D8%B1%DB%8C-%D8%B3%DB%8C%D9%85%D8%A7.jpg,sitemap_image,.jpg,_customers-sitemap.xml,yes,FACT: referenced in Yoast sitemap image/loc entries,no
https://abadis-med.com/wp-content/uploads/2023/01/%D9%85%D8%A7%D8%AF%D8%B1-%D9%88-%DA%A9%D9%88%D8%AF%DA%A9-%D8%BA%D8%AF%DB%8C%D8%B1.jpg,sitemap_image,.jpg,_customers-sitemap.xml,yes,FACT: referenced in Yoast sitemap image/loc entries,no
https://abadis-med.com/wp-content/uploads/2024/03/%DA%A9%D9%84%DB%8C%D9%86%DB%8C%DA%A9-%D8%B2%D8%AE%D9%85-%D8%A7%D9%84%D8%AA%DB%8C%D8%A7%D9%85-%D8%A2%D8%A8%D8%A7%D8%AF%DB%8C%D8%B3.jpg,sitemap_image,.jpg,_customers-sitemap.xml,yes,FACT: referenced in Yoast sitemap image/loc entries,no
https://abadis-med.com/wp-content/uploads/2024/03/%D8%A8%DB%8C%D9%85%D8%A7%D8%B1%D8%B3%D8%AA%D8%A7%D9%86-%D9%86%DB%8C%DA%A9%D8%A7%D9%86-%D8%B3%D9%BE%DB%8C%D8%AF-%D8%A2%D8%A8%D8%A7%D8%AF%DB%8C%D8%B3.jpg,sitemap_image,.jpg,_customers-sitemap.xml,yes,FACT: referenced in Yoast sitemap image/loc entries,no
https://abadis-med.com/wp-content/uploads/2023/01/%D8%B5%D8%AF%D9%88%D9%82%DB%8C-%D8%A7%D8%B5%D9%81%D9%87%D8%A7%D9%86.jpg,sitemap_image,.jpg,_customers-sitemap.xml,yes,FACT: referenced in Yoast sitemap image/loc entries,no
https://abadis-med.com/wp-content/uploads/2023/01/%D8%A8%DB%8C%D9%85%D8%A7%D8%B1%D8%B3%D8%AA%D8%A7%D9%86-%D9%85%D9%88%D9%82%D9%88%D9%81%D9%87-%DA%AF%D9%88%D8%AF%D8%B1%D8%B2-%DB%8C%D8%B2%D8%AF-%D8%A2%D8%A8%D8%A7%D8%AF%DB%8C%D8%B3.jpg,sitemap_image,.jpg,_customers-sitemap.xml,yes,FACT: referenced in Yoast sitemap image/loc entries,no
https://abadis-med.com/wp-content/uploads/2024/03/%D8%A8%DB%8C%D9%85%D8%A7%D8%B1%D8%B3%D8%AA%D8%A7%D9%86-%D8%AE%DB%8C%D8%B1%DB%8C%D9%87-%D8%B5%D8%AF%DB%8C%D9%82%D9%87-%D8%A7%D9%84%D8%B2%D9%87%D8%B1%D8%A7-%D8%A2%D8%A8%D8%A7%D8%AF%DB%8C%D8%B3.jpg,sitemap_image,.jpg,_customers-sitemap.xml,yes,FACT: referenced in Yoast sitemap image/loc entries,no
https://abadis-med.com/wp-content/uploads/2024/03/%D8%A8%DB%8C%D9%85%D8%A7%D8%B1%D8%B3%D8%AA%D8%A7%D9%86-%D8%B3%D9%88%D9%85-%D8%B4%D8%B9%D8%A8%D8%A7%D9%86-%D8%AA%D9%87%D8%B1%D8%A7%D9%86-%D8%A2%D8%A8%D8%A7%D8%AF%DB%8C%D8%B3.jpg,sitemap_image,.jpg,_customers-sitemap.xml,yes,FACT: referenced in Yoast sitemap image/loc entries,no
https://abadis-med.com/wp-content/uploads/2023/01/%D8%A8%DB%8C%D9%85%D8%A7%D8%B1%D8%B3%D8%AA%D8%A7%D9%86-%DA%86%D9%85%D8%B1%D8%A7%D9%86-%D8%A7%D8%B5%D9%81%D9%87%D8%A7%D9%86.jpg,sitemap_image,.jpg,_customers-sitemap.xml,yes,FACT: referenced in Yoast sitemap image/loc entries,no
https://abadis-med.com/wp-content/uploads/2024/03/%D9%85%D8%B1%DA%A9%D8%B2-%D8%AC%D8%B1%D8%A7%D8%AD%DB%8C-%D9%BE%D8%A7%D8%B1%D8%B3%DB%8C%D8%A7%D9%86-%DA%A9%D8%A7%D8%B4%D8%A7%D9%86-%D8%A2%D8%A8%D8%A7%D8%AF%DB%8C%D8%B3.jpg,sitemap_image,.jpg,_customers-sitemap.xml,yes,FACT: referenced in Yoast sitemap image/loc entries,no
https://abadis-med.com/wp-content/uploads/2024/03/%D8%A8%DB%8C%D9%85%D8%A7%D8%B1%D8%B3%D8%AA%D8%A7%D9%86-%D9%85%DB%8C%D9%84%D8%A7%D8%AF-%D8%A7%D8%B1%D9%88%D9%85%DB%8C%D9%87-%D8%A2%D8%A8%D8%A7%D8%AF%DB%8C%D8%B3.jpg,sitemap_image,.jpg,_customers-sitemap.xml,yes,FACT: referenced in Yoast sitemap image/loc entries,no
https://abadis-med.com/wp-content/uploads/2024/03/%D8%A8%DB%8C%D9%85%D8%A7%D8%B1%D8%B3%D8%AA%D8%A7%D9%86-%D9%85%D8%A7%D8%AF%D8%B1-%D9%85%D8%B4%D9%87%D8%AF-%D8%A2%D8%A8%D8%A7%D8%AF%DB%8C%D8%B3.jpg,sitemap_image,.jpg,_customers-sitemap.xml,yes,FACT: referenced in Yoast sitemap image/loc entries,no
https://abadis-med.com/wp-content/uploads/2024/03/%D8%A8%DB%8C%D9%85%D8%A7%D8%B1%D8%B3%D8%AA%D8%A7%D9%86-%D8%A7%D9%84%D8%B2%D9%87%D8%B1%D8%A7-%D8%A7%D8%B5%D9%81%D9%87%D8%A7%D9%86-%D8%A2%D8%A8%D8%A7%D8%AF%DB%8C%D8%B3.jpg,sitemap_image,.jpg,_customers-sitemap.xml,yes,FACT: referenced in Yoast sitemap image/loc entries,no
https://abadis-med.com/wp-content/uploads/2024/03/%D8%A8%DB%8C%D9%85%D8%A7%D8%B1%D8%B3%D8%AA%D8%A7%D9%86-%D9%85%D9%87%D8%B1%DA%AF%D8%A7%D9%86-%D9%82%D8%B2%D9%88%DB%8C%D9%86-%D8%A2%D8%A8%D8%A7%D8%AF%DB%8C%D8%B3.jpg,sitemap_image,.jpg,_customers-sitemap.xml,yes,FACT: referenced in Yoast sitemap image/loc entries,no
https://abadis-med.com/wp-content/uploads/2024/03/%D9%85%D8%B1%DA%A9%D8%B2-%D8%AC%D8%B1%D8%A7%D8%AD%DB%8C-%D9%85%DB%8C%D8%B1%D8%AF%D8%A7%D9%85%D8%A7%D8%AF-%D8%A2%D8%A8%D8%A7%D8%AF%DB%8C%D8%B3.jpg,sitemap_image,.jpg,_customers-sitemap.xml,yes,FACT: referenced in Yoast sitemap image/loc entries,no
https://abadis-med.com/wp-content/uploads/2024/03/%D8%AF%DB%8C-%DA%A9%D9%84%DB%8C%D9%86%DB%8C%DA%A9-%D9%88%D9%84%D9%86%D8%AC%DA%A9-%D8%A2%D8%A8%D8%A7%D8%AF%DB%8C%D8%B3.jpg,sitemap_image,.jpg,_customers-sitemap.xml,yes,FACT: referenced in Yoast sitemap image/loc entries,no
https://abadis-med.com/wp-content/uploads/2024/03/%D8%A8%DB%8C%D9%85%D8%A7%D8%B1%D8%B3%D8%AA%D8%A7%D9%86-%D8%A8%D8%A7%D9%87%D9%86%D8%B1-%DA%A9%D8%B1%D9%85%D8%A7%D9%86-%D8%A2%D8%A8%D8%A7%D8%AF%DB%8C%D8%B3.jpg,sitemap_image,.jpg,_customers-sitemap.xml,yes,FACT: referenced in Yoast sitemap image/loc entries,no
https://abadis-med.com/wp-content/uploads/2023/01/%D8%B9%D8%A7%D8%B1%D9%81%DB%8C%D8%A7%D9%86.jpg,sitemap_image,.jpg,_customers-sitemap.xml,yes,FACT: referenced in Yoast sitemap image/loc entries,no
https://abadis-med.com/wp-content/uploads/2022/12/%D8%B3%D8%A7%DA%A9%D8%B4%D9%86-%D8%AF%DB%8C%D9%88%D8%A7%D8%B1%DB%8C-%D8%A8%D8%B2%D8%B1%DA%AF%D8%B3%D8%A7%D9%84-1030x1030-1.jpg,sitemap_image,.jpg,_downloadcenter-sitemap.xml,yes,FACT: referenced in Yoast sitemap image/loc entries,no
https://abadis-med.com/wp-content/uploads/2022/12/%D9%86%DA%AF%D9%87%D8%AF%D8%A7%D8%B1%D9%86%D8%AF%D9%87-%D9%84%D9%88%D9%84%D9%87-%D8%AA%D8%B1%D8%A7%D8%B4%D9%87-1030x1030-1.jpg,sitemap_image,.jpg,_downloadcenter-sitemap.xml,yes,FACT: referenced in Yoast sitemap image/loc entries,no
https://abadis-med.com/wp-content/uploads/2022/12/%D9%85%D8%AE%D8%A7%D8%B2%D9%86-%D8%B7%D8%A8%DB%8C-%D8%A2%D8%A8%D8%A7%D8%AF%DB%8C%D8%B3-%DA%A9%D8%A7%D8%AA%D8%A7%D9%84%D9%88%DA%AF-1030x1030-1.jpg,sitemap_image,.jpg,_downloadcenter-sitemap.xml,yes,FACT: referenced in Yoast sitemap image/loc entries,no
https://abadis-med.com/wp-content/uploads/2022/12/%D9%81%DB%8C%D9%84%D8%AA%D8%B1%D9%87%D8%A7%DB%8C-%D9%85%D8%AE%D8%A7%D8%B2%D9%86-%D8%B7%D8%A8%DB%8C-%D8%A2%D8%A8%D8%A7%D8%AF%DB%8C%D8%B3-1030x1030-1.jpg,sitemap_image,.jpg,_downloadcenter-sitemap.xml,yes,FACT: referenced in Yoast sitemap image/loc entries,no
https://abadis-med.com/wp-content/uploads/2024/02/%D8%B1%D8%A7%D9%87%D9%86%D9%85%D8%A7%DB%8C-%D9%86%D8%B5%D8%A8-%D8%A8%D8%B1-%D8%B1%D9%88%DB%8C-%D9%BE%D8%A7%DB%8C%D9%87-%D9%BE%D8%B1%D8%AA%D8%A7%D8%A8%D9%84.jpg,sitemap_image,.jpg,_downloadcenter-sitemap.xml,yes,FACT: referenced in Yoast sitemap image/loc entries,no
https://abadis-med.com/wp-content/uploads/2024/02/%D8%B1%D8%A7%D9%87%D9%86%D9%85%D8%A7%DB%8C-%D9%86%D8%B5%D8%A8-%D9%85%D8%AE%D8%A7%D8%B2%D9%86-%D8%A8%D8%B1-%D8%B1%D9%88%DB%8C-%DA%A9%D9%86%D8%B3%D9%88%D9%84.jpg,sitemap_image,.jpg,_downloadcenter-sitemap.xml,yes,FACT: referenced in Yoast sitemap image/loc entries,no
https://abadis-med.com/wp-content/uploads/2024/02/%D8%B1%D8%A7%D9%87%D9%86%D9%85%D8%A7%DB%8C-%D9%86%D8%B5%D8%A8-%D9%85%D8%AE%D8%A7%D8%B2%D9%86-%D8%A8%D8%B1-%D8%B1%D9%88%DB%8C-%D9%BE%D8%A7%DB%8C%D9%87-%D8%AA%D8%B1%D9%88%D9%84%DB%8C.jpg,sitemap_image,.jpg,_downloadcenter-sitemap.xml,yes,FACT: referenced in Yoast sitemap image/loc entries,no
https://abadis-med.com/wp-content/uploads/2023/12/%DA%A9%D8%A7%D8%AA%D8%A7%D9%84%D9%88%DA%AF-%D8%AC%D8%A7%D9%85%D8%B9-%D8%A2%D8%A8%D8%A7%D8%AF%DB%8C%D8%B3.png,sitemap_image,.png,_downloadcenter-sitemap.xml,yes,FACT: referenced in Yoast sitemap image/loc entries,no
https://abadis-med.com/wp-content/uploads/2026/01/%D8%B3%D8%A7%DA%A9%D8%B4%D9%86-%D8%AA%DB%8C%D9%88%D8%A8.jpg,sitemap_image,.jpg,_downloadcenter-sitemap.xml,yes,FACT: referenced in Yoast sitemap image/loc entries,no
https://abadis-med.com/wp-content/uploads/2023/01/%DA%A9%DB%8C%D8%B3%D9%87-%D8%B3%D8%A7%DA%A9%D8%B4%D9%86-copy.webp,sitemap_image,.webp,jet-menu-sitemap.xml,yes,FACT: referenced in Yoast sitemap image/loc entries,no
https://abadis-med.com/wp-content/uploads/2023/01/%D9%BE%D8%A7%DB%8C%D9%87-%D8%AA%D8%B1%D9%88%D9%84%DB%8C-copy.webp,sitemap_image,.webp,jet-menu-sitemap.xml,yes,FACT: referenced in Yoast sitemap image/loc entries,no
https://abadis-med.com/wp-content/uploads/2023/01/15-1024x1024-copy-1024x1024.webp,sitemap_image,.webp,jet-menu-sitemap.xml,yes,FACT: referenced in Yoast sitemap image/loc entries,no
https://abadis-med.com/wp-content/uploads/2023/01/WhatsApp-Image-2021-06-12-at-14.15.21-1030x1030-1-1024x1024-copy-1024x1024.webp,sitemap_image,.webp,jet-menu-sitemap.xml,yes,FACT: referenced in Yoast sitemap image/loc entries,no
https://abadis-med.com/wp-content/uploads/2023/01/18-1024x732-copy.webp,sitemap_image,.webp,jet-menu-sitemap.xml,yes,FACT: referenced in Yoast sitemap image/loc entries,no
https://abadis-med.com/wp-content/uploads/2023/01/7e83722522e8aeb7512b7075311316b7__m8ULku2SAG__1-1-1024x1024-copy-1024x1024.webp,sitemap_image,.webp,jet-menu-sitemap.xml,yes,FACT: referenced in Yoast sitemap image/loc entries,no
https://abadis-med.com/wp-content/uploads/2023/01/24-1024x683-copy.webp,sitemap_image,.webp,jet-menu-sitemap.xml,yes,FACT: referenced in Yoast sitemap image/loc entries,no
https://abadis-med.com/wp-content/uploads/2023/03/%D9%BE%D9%88%D8%B1%DB%8C%D8%A7-%D9%81%D8%B1%D9%87%D9%86%DA%AF-copy-1.webp,sitemap_image,.webp,jet-menu-sitemap.xml,yes,FACT: referenced in Yoast sitemap image/loc entries,no
https://abadis-med.com/wp-content/uploads/2023/03/%D8%B9%D9%84%DB%8C%D8%B1%D8%B6%D8%A7-%D8%AD%D8%B3%D9%86%D8%B9%D9%84%DB%8C-copy-1.webp,sitemap_image,.webp,jet-menu-sitemap.xml,yes,FACT: referenced in Yoast sitemap image/loc entries,no
https://abadis-med.com/wp-content/uploads/2023/03/%D9%85%D8%AD%D8%A8%D9%88%D8%A8%D9%87-%D8%B1%D8%B9%DB%8C%D8%AA%DB%8C-copy.webp,sitemap_image,.webp,jet-menu-sitemap.xml,yes,FACT: referenced in Yoast sitemap image/loc entries,no
https://abadis-med.com/wp-content/uploads/2023/03/%D9%85%D8%AD%D9%85%D8%AF-%D9%82%D8%A7%D8%A6%D9%85-%D9%BE%D9%86%D8%A7%D9%87-copy.webp,sitemap_image,.webp,jet-menu-sitemap.xml,yes,FACT: referenced in Yoast sitemap image/loc entries,no
https://abadis-med.com/wp-content/uploads/2023/03/%D9%85%DA%98%D8%AF%D9%87-%D9%85%D9%87%DB%8C%D9%86-%D8%AF%D9%88%D8%B3%D8%AA-copy.webp,sitemap_image,.webp,jet-menu-sitemap.xml,yes,FACT: referenced in Yoast sitemap image/loc entries,no
https://abadis-med.com/wp-content/uploads/2023/03/%D9%85%DB%8C%D9%84%D8%A7%D8%AF-%D9%BE%D9%88%D8%B1%D8%AD%D8%B3%D9%86-copy.webp,sitemap_image,.webp,jet-menu-sitemap.xml,yes,FACT: referenced in Yoast sitemap image/loc entries,no
https://abadis-med.com/wp-content/uploads/2023/03/%D9%86%D8%A7%D8%B2%D9%86%DB%8C%D9%86-%D8%AD%D8%B3%D9%86%D8%B9%D9%84%DB%8C-copy.webp,sitemap_image,.webp,jet-menu-sitemap.xml,yes,FACT: referenced in Yoast sitemap image/loc entries,no
https://abadis-med.com/wp-content/uploads/2023/03/%D9%86%D9%88%DB%8C%D8%AF-%D8%AD%D8%B3%D9%86%D8%B9%D9%84%DB%8C-copy.webp,sitemap_image,.webp,jet-menu-sitemap.xml,yes,FACT: referenced in Yoast sitemap image/loc entries,no
https://abadis-med.com/wp-content/uploads/2023/03/%D9%86%DB%8C%D9%84%D9%88%D9%81%D8%B1-%D8%B4%D8%B1%D9%81%DB%8C-copy.webp,sitemap_image,.webp,jet-menu-sitemap.xml,yes,FACT: referenced in Yoast sitemap image/loc entries,no
https://abadis-med.com/wp-content/uploads/2023/03/%D8%A7%D8%A8%D9%88%D8%A7%D9%84%D9%81%D8%B6%D9%84-%D8%AD%D8%B3%D9%86%D8%B9%D9%84%DB%8C.webp,sitemap_image,.webp,jet-menu-sitemap.xml,yes,FACT: referenced in Yoast sitemap image/loc entries,no
https://abadis-med.com/wp-content/uploads/2023/01/%D9%85%DB%8C%D9%84%D8%A7%D8%AF.jpg,sitemap_image,.jpg,jet-menu-sitemap.xml,yes,FACT: referenced in Yoast sitemap image/loc entries,no
https://abadis-med.com/wp-content/uploads/2023/01/abdl43.jpg,sitemap_image,.jpg,jet-menu-sitemap.xml,yes,FACT: referenced in Yoast sitemap image/loc entries,no
https://abadis-med.com/wp-content/uploads/2023/03/%D8%A7%D8%A8%D9%86-%D8%B3%DB%8C%D9%86%D8%A7-copy.webp,sitemap_image,.webp,jet-menu-sitemap.xml,yes,FACT: referenced in Yoast sitemap image/loc entries,no
https://abadis-med.com/wp-content/uploads/2023/03/%D8%A8%D8%A7%D9%86%DA%A9-%D9%85%D9%84%DB%8C-copy.webp,sitemap_image,.webp,jet-menu-sitemap.xml,yes,FACT: referenced in Yoast sitemap image/loc entries,no
https://abadis-med.com/wp-content/uploads/2023/03/%D8%AE%D8%A7%D8%AA%D9%85-%D8%A7%D9%84%D8%A7%D9%86%D8%A8%DB%8C%D8%A7-copy.webp,sitemap_image,.webp,jet-menu-sitemap.xml,yes,FACT: referenced in Yoast sitemap image/loc entries,no
https://abadis-med.com/wp-content/uploads/2023/03/%D9%85%D8%AD%D8%A8-%DA%A9%D9%88%D8%AB%D8%B1-copy.webp,sitemap_image,.webp,jet-menu-sitemap.xml,yes,FACT: referenced in Yoast sitemap image/loc entries,no
https://abadis-med.com/wp-content/uploads/2026/09/Abadis-Factory-1024x576.png,sitemap_image,.png,page-sitemap.xml,yes,FACT: referenced in Yoast sitemap image/loc entries,no
https://abadis-med.com/wp-content/uploads/2023/02/abd3.png,sitemap_image,.png,page-sitemap.xml,yes,FACT: referenced in Yoast sitemap image/loc entries,no
https://abadis-med.com/wp-content/uploads/2023/02/abd6.png,sitemap_image,.png,page-sitemap.xml,yes,FACT: referenced in Yoast sitemap image/loc entries,no
https://abadis-med.com/wp-content/uploads/2023/02/abd5.png,sitemap_image,.png,page-sitemap.xml,yes,FACT: referenced in Yoast sitemap image/loc entries,no
https://abadis-med.com/wp-content/uploads/2023/02/abd4.png,sitemap_image,.png,page-sitemap.xml,yes,FACT: referenced in Yoast sitemap image/loc entries,no
https://abadis-med.com/wp-content/uploads/2023/03/Untitled-2-01-copy.webp,sitemap_image,.webp,page-sitemap.xml,yes,FACT: referenced in Yoast sitemap image/loc entries,no
https://abadis-med.com/wp-content/uploads/2023/03/Untitled-2-10-10-copy.webp,sitemap_image,.webp,page-sitemap.xml,yes,FACT: referenced in Yoast sitemap image/loc entries,no
https://abadis-med.com/wp-content/uploads/2023/03/Untitled-2-07-copy.webp,sitemap_image,.webp,page-sitemap.xml,yes,FACT: referenced in Yoast sitemap image/loc entries,no
https://abadis-med.com/wp-content/uploads/2023/03/Untitled-2-02-copy.webp,sitemap_image,.webp,page-sitemap.xml,yes,FACT: referenced in Yoast sitemap image/loc entries,no
https://abadis-med.com/wp-content/uploads/2023/03/Untitled-2-03-copy.webp,sitemap_image,.webp,page-sitemap.xml,yes,FACT: referenced in Yoast sitemap image/loc entries,no
https://abadis-med.com/wp-content/uploads/2024/01/Abadis-Sign-1024x202.png,sitemap_image,.png,page-sitemap.xml,yes,FACT: referenced in Yoast sitemap image/loc entries,no
https://abadis-med.com/wp-content/uploads/2022/12/abadis-water-collage-1030x506-1-1024x503.png,sitemap_image,.png,page-sitemap.xml,yes,FACT: referenced in Yoast sitemap image/loc entries,no
https://abadis-med.com/wp-content/uploads/2023/01/%DA%AF%D8%A7%D9%86%D8%AF%DB%8C-150x150.jpg,sitemap_image,.jpg,page-sitemap.xml,yes,FACT: referenced in Yoast sitemap image/loc entries,no
https://abadis-med.com/wp-content/uploads/2023/01/%D8%AA%D8%B1%DB%8C%D8%AA%D8%A7-150x150.jpg,sitemap_image,.jpg,page-sitemap.xml,yes,FACT: referenced in Yoast sitemap image/loc entries,no
https://abadis-med.com/wp-content/uploads/2023/01/%D9%86%D9%88%D8%B1-%D8%B4%D9%87%D8%B1%DB%8C%D8%A7%D8%B1-150x150.jpg,sitemap_image,.jpg,page-sitemap.xml,yes,FACT: referenced in Yoast sitemap image/loc entries,no
https://abadis-med.com/wp-content/uploads/2023/01/%D9%86%D9%88%D8%B1-%D8%A7%D9%81%D8%B4%D8%A7%D8%B1-150x150.jpg,sitemap_image,.jpg,page-sitemap.xml,yes,FACT: referenced in Yoast sitemap image/loc entries,no
https://abadis-med.com/wp-content/uploads/2023/01/%D9%86%D9%85%D8%A7%D8%B2%DB%8C-150x150.jpg,sitemap_image,.jpg,page-sitemap.xml,yes,FACT: referenced in Yoast sitemap image/loc entries,no
https://abadis-med.com/wp-content/uploads/2023/01/%D9%85%DB%8C%D9%84%D8%A7%D8%AF-150x150.jpg,sitemap_image,.jpg,page-sitemap.xml,yes,FACT: referenced in Yoast sitemap image/loc entries,no
https://abadis-med.com/wp-content/uploads/2023/01/%D9%85%D9%88%D8%B3%D8%B3%D9%87-%D8%AE%DB%8C%D8%B1%DB%8C%D9%87-%D9%85%D8%AD%DA%A9-150x150.jpg,sitemap_image,.jpg,page-sitemap.xml,yes,FACT: referenced in Yoast sitemap image/loc entries,no
https://abadis-med.com/wp-content/uploads/2023/01/%D9%85%D9%87%D8%B1%D8%A7%D8%AF-150x150.jpg,sitemap_image,.jpg,page-sitemap.xml,yes,FACT: referenced in Yoast sitemap image/loc entries,no
https://abadis-med.com/wp-content/uploads/2023/01/%D9%85%D9%87%D8%B1-150x150.jpg,sitemap_image,.jpg,page-sitemap.xml,yes,FACT: referenced in Yoast sitemap image/loc entries,no
https://abadis-med.com/wp-content/uploads/2023/01/%D9%85%D9%87%D8%B1-%D8%A7%D9%87%D9%88%D8%A7%D8%B2-150x150.jpg,sitemap_image,.jpg,page-sitemap.xml,yes,FACT: referenced in Yoast sitemap image/loc entries,no
https://abadis-med.com/wp-content/uploads/2023/01/%D9%85%D9%81%D8%B1%D8%AD-150x150.jpg,sitemap_image,.jpg,page-sitemap.xml,yes,FACT: referenced in Yoast sitemap image/loc entries,no
https://abadis-med.com/wp-content/uploads/2023/01/%D9%85%D8%B5%D8%B7%D9%81%DB%8C-%D8%AE%D9%85%DB%8C%D9%86%DB%8C-150x150.jpg,sitemap_image,.jpg,page-sitemap.xml,yes,FACT: referenced in Yoast sitemap image/loc entries,no
https://abadis-med.com/wp-content/uploads/2023/01/%D9%85%D8%B1%DA%A9%D8%B2-%D8%AC%D8%B1%D8%A7%D8%AD%DB%8C-%D9%86%DB%8C%D8%A7%D9%88%D8%B1%D8%A7%D9%86-150x150.jpg,sitemap_image,.jpg,page-sitemap.xml,yes,FACT: referenced in Yoast sitemap image/loc entries,no
https://abadis-med.com/wp-content/uploads/2023/01/%D9%85%D8%B1%DA%A9%D8%B2-%D8%AC%D8%B1%D8%A7%D8%AD%DB%8C-%D8%A8%D9%87%D8%A7%D8%B1-150x150.jpg,sitemap_image,.jpg,page-sitemap.xml,yes,FACT: referenced in Yoast sitemap image/loc entries,no
https://abadis-med.com/wp-content/uploads/2023/01/%D9%85%D8%AF%D9%86%DB%8C-150x150.jpg,sitemap_image,.jpg,page-sitemap.xml,yes,FACT: referenced in Yoast sitemap image/loc entries,no
https://abadis-med.com/wp-content/uploads/2023/01/%D9%85%D8%AF%D8%A7%D8%A6%D9%86-150x150.jpg,sitemap_image,.jpg,page-sitemap.xml,yes,FACT: referenced in Yoast sitemap image/loc entries,no
https://abadis-med.com/wp-content/uploads/2023/01/%D8%A8%DB%8C%D9%85%D8%A7%D8%B1%D8%B3%D8%AA%D8%A7%D9%86-%D8%A7%DB%8C%D8%B1%D8%A7%D9%86%D8%B4%D9%87%D8%B1-150x150.jpg,sitemap_image,.jpg,page-sitemap.xml,yes,FACT: referenced in Yoast sitemap image/loc entries,no
https://abadis-med.com/wp-content/uploads/2023/01/%D8%A8%DB%8C%D9%85%D8%A7%D8%B1%D8%B3%D8%AA%D8%A7%D9%86-%D9%BE%D8%A7%D8%B1%D8%B3-150x150.jpg,sitemap_image,.jpg,page-sitemap.xml,yes,FACT: referenced in Yoast sitemap image/loc entries,no
https://abadis-med.com/wp-content/uploads/2023/03/abdl43-copy-150x150.webp,sitemap_image,.webp,page-sitemap.xml,yes,FACT: referenced in Yoast sitemap image/loc entries,no
https://abadis-med.com/wp-content/uploads/2023/03/%D9%85%DB%8C%D9%84%D8%A7%D8%AF-%D8%A7%D8%B1%D9%88%D9%85%DB%8C%D9%87-150x150-copy-150x150.webp,sitemap_image,.webp,page-sitemap.xml,yes,FACT: referenced in Yoast sitemap image/loc entries,no
https://abadis-med.com/wp-content/uploads/2023/01/%D9%85%D8%AF%D9%86%DB%8C.jpg,sitemap_image,.jpg,page-sitemap.xml,yes,FACT: referenced in Yoast sitemap image/loc entries,no
https://abadis-med.com/wp-content/uploads/2023/01/%D8%A8%DB%8C%D9%85%D8%A7%D8%B1%D8%B3%D8%AA%D8%A7%D9%86-%D9%BE%D8%A7%D8%B1%D8%B3.jpg,sitemap_image,.jpg,page-sitemap.xml,yes,FACT: referenced in Yoast sitemap image/loc entries,no
https://abadis-med.com/wp-content/uploads/2022/12/AMR_4779-scaled-1-1-1030x1030-1-1024x1024.jpg,sitemap_image,.jpg,page-sitemap.xml,yes,FACT: referenced in Yoast sitemap image/loc entries,no
https://abadis-med.com/wp-content/uploads/2022/12/WhatsApp-Image-2021-06-12-at-14.15.21-1030x1030-1-1024x1024.jpeg,sitemap_image,.jpeg,page-sitemap.xml,yes,FACT: referenced in Yoast sitemap image/loc entries,no
https://abadis-med.com/wp-content/uploads/2022/12/abadis-install.jpg,sitemap_image,.jpg,page-sitemap.xml,yes,FACT: referenced in Yoast sitemap image/loc entries,no
https://abadis-med.com/wp-content/uploads/2022/12/0001-233x300.jpg,sitemap_image,.jpg,page-sitemap.xml,yes,FACT: referenced in Yoast sitemap image/loc entries,no
https://abadis-med.com/wp-content/uploads/2022/12/01-300x200.jpg,sitemap_image,.jpg,page-sitemap.xml,yes,FACT: referenced in Yoast sitemap image/loc entries,no
https://abadis-med.com/wp-content/uploads/2022/12/02-200x300.jpg,sitemap_image,.jpg,page-sitemap.xml,yes,FACT: referenced in Yoast sitemap image/loc entries,no
https://abadis-med.com/wp-content/uploads/2022/12/03.jpg,sitemap_image,.jpg,page-sitemap.xml,yes,FACT: referenced in Yoast sitemap image/loc entries,no
https://abadis-med.com/wp-content/uploads/2022/12/04.jpg,sitemap_image,.jpg,page-sitemap.xml,yes,FACT: referenced in Yoast sitemap image/loc entries,no
https://abadis-med.com/wp-content/uploads/2022/12/05.jpeg,sitemap_image,.jpeg,page-sitemap.xml,yes,FACT: referenced in Yoast sitemap image/loc entries,no
https://abadis-med.com/wp-content/uploads/2022/12/02-01-300x188.gif,sitemap_image,.gif,page-sitemap.xml,yes,FACT: referenced in Yoast sitemap image/loc entries,no
https://abadis-med.com/wp-content/uploads/2022/12/02-02-300x188.jpg,sitemap_image,.jpg,page-sitemap.xml,yes,FACT: referenced in Yoast sitemap image/loc entries,no
https://abadis-med.com/wp-content/uploads/2022/12/02-03.jpg,sitemap_image,.jpg,page-sitemap.xml,yes,FACT: referenced in Yoast sitemap image/loc entries,no
https://abadis-med.com/wp-content/uploads/2022/12/02-04-300x188.gif,sitemap_image,.gif,page-sitemap.xml,yes,FACT: referenced in Yoast sitemap image/loc entries,no
https://abadis-med.com/wp-content/uploads/2022/12/02-05-300x188.gif,sitemap_image,.gif,page-sitemap.xml,yes,FACT: referenced in Yoast sitemap image/loc entries,no
https://abadis-med.com/wp-content/uploads/2022/12/03-01-300x188.gif,sitemap_image,.gif,page-sitemap.xml,yes,FACT: referenced in Yoast sitemap image/loc entries,no
https://abadis-med.com/wp-content/uploads/2022/12/03-02-300x285.gif,sitemap_image,.gif,page-sitemap.xml,yes,FACT: referenced in Yoast sitemap image/loc entries,no
https://abadis-med.com/wp-content/uploads/2022/12/03-03.jpg,sitemap_image,.jpg,page-sitemap.xml,yes,FACT: referenced in Yoast sitemap image/loc entries,no
https://abadis-med.com/wp-content/uploads/2022/12/03-04-200x300.gif,sitemap_image,.gif,page-sitemap.xml,yes,FACT: referenced in Yoast sitemap image/loc entries,no
https://abadis-med.com/wp-content/uploads/2022/12/211-232x300.png,sitemap_image,.png,page-sitemap.xml,yes,FACT: referenced in Yoast sitemap image/loc entries,no
https://abadis-med.com/wp-content/uploads/2022/12/212-300x199.png,sitemap_image,.png,page-sitemap.xml,yes,FACT: referenced in Yoast sitemap image/loc entries,no
https://abadis-med.com/wp-content/uploads/2022/12/18-1024x732.jpg,sitemap_image,.jpg,page-sitemap.xml,yes,FACT: referenced in Yoast sitemap image/loc entries,no
https://abadis-med.com/wp-content/uploads/2022/12/20-1024x1024.jpg,sitemap_image,.jpg,page-sitemap.xml,yes,FACT: referenced in Yoast sitemap image/loc entries,no
https://abadis-med.com/wp-content/uploads/2022/12/21.jpg,sitemap_image,.jpg,page-sitemap.xml,yes,FACT: referenced in Yoast sitemap image/loc entries,no
https://abadis-med.com/wp-content/uploads/2022/12/22-683x1024.jpg,sitemap_image,.jpg,page-sitemap.xml,yes,FACT: referenced in Yoast sitemap image/loc entries,no
https://abadis-med.com/wp-content/uploads/2023/02/Untitled-1.jpg,sitemap_image,.jpg,page-sitemap.xml,yes,FACT: referenced in Yoast sitemap image/loc entries,no
https://abadis-med.com/wp-content/uploads/2022/12/23-1024x880.jpg,sitemap_image,.jpg,page-sitemap.xml,yes,FACT: referenced in Yoast sitemap image/loc entries,no
https://abadis-med.com/wp-content/uploads/2023/02/7e83722522e8aeb7512b7075311316b7__m8ULku2SAG__1-1-300x300.jpg,sitemap_image,.jpg,page-sitemap.xml,yes,FACT: referenced in Yoast sitemap image/loc entries,no
https://abadis-med.com/wp-content/uploads/2025/11/fingertip-1.jpeg,sitemap_image,.jpeg,page-sitemap.xml,yes,FACT: referenced in Yoast sitemap image/loc entries,no
https://abadis-med.com/wp-content/uploads/2025/10/E-WEB-Goal-03-2-1024x1024.png,sitemap_image,.png,page-sitemap.xml,yes,FACT: referenced in Yoast sitemap image/loc entries,no
https://abadis-med.com/wp-content/uploads/2025/10/Sustainable_Development_Goal_06CleanWaterSanitation.svg-1024x1024.png,sitemap_image,.png,page-sitemap.xml,yes,FACT: referenced in Yoast sitemap image/loc entries,no
https://abadis-med.com/wp-content/uploads/2025/10/Sustainable_Development_Goal_07CleanEnergy.svg-1024x1024.png,sitemap_image,.png,page-sitemap.xml,yes,FACT: referenced in Yoast sitemap image/loc entries,no
https://abadis-med.com/wp-content/uploads/2025/10/Sustainable_Development_Goal_08DecentWork.svg-1024x1024.png,sitemap_image,.png,page-sitemap.xml,yes,FACT: referenced in Yoast sitemap image/loc entries,no
https://abadis-med.com/wp-content/uploads/2025/10/Sustainable_Development_Goal_09Industry.svg-1024x1024.png,sitemap_image,.png,page-sitemap.xml,yes,FACT: referenced in Yoast sitemap image/loc entries,no
https://abadis-med.com/wp-content/uploads/2025/10/E_SDG-goals_icons-individual-rgb-12-1024x1024.png,sitemap_image,.png,page-sitemap.xml,yes,FACT: referenced in Yoast sitemap image/loc entries,no
https://abadis-med.com/wp-content/uploads/2025/10/Sustainable_Development_Goal_13Climate.svg-1024x1024.png,sitemap_image,.png,page-sitemap.xml,yes,FACT: referenced in Yoast sitemap image/loc entries,no
https://abadis-med.com/wp-content/uploads/2022/12/19-1024x880.jpg,sitemap_image,.jpg,page-sitemap.xml,yes,FACT: referenced in Yoast sitemap image/loc entries,no
https://abadis-med.com/wp-content/uploads/2022/12/24-1024x683.jpg,sitemap_image,.jpg,page-sitemap.xml,yes,FACT: referenced in Yoast sitemap image/loc entries,no
https://abadis-med.com/wp-content/uploads/2022/12/26-1024x386.jpg,sitemap_image,.jpg,page-sitemap.xml,yes,FACT: referenced in Yoast sitemap image/loc entries,no
https://abadis-med.com/wp-content/uploads/2024/08/%D9%86%D8%AC%D8%A7%D8%AA-%D8%B2%D8%A7%DA%AF%D8%B1%D8%B3%D8%8C%E2%80%8C%D9%85%D8%B3%D8%A6%D9%88%D9%84%DB%8C%D8%AA-%D8%A7%D8%AC%D8%AA%D9%85%D8%A7%D8%B9%DB%8C-%D8%A2%D8%A8%D8%A7%D8%AF%DB%8C%D8%B3-1024x536.jpg,sitemap_image,.jpg,page-sitemap.xml,yes,FACT: referenced in Yoast sitemap image/loc entries,no
https://abadis-med.com/wp-content/uploads/2023/10/%D9%85%D8%AC%D8%AA%D9%85%D8%B9-%D8%B9%D8%AF%D8%A7%D9%84%D8%AA-745x1024.jpg,sitemap_image,.jpg,page-sitemap.xml,yes,FACT: referenced in Yoast sitemap image/loc entries,no
https://abadis-med.com/wp-content/uploads/2023/10/%D8%BA%D8%AF%DB%8C%D8%B1-745x1024.jpg,sitemap_image,.jpg,page-sitemap.xml,yes,FACT: referenced in Yoast sitemap image/loc entries,no
https://abadis-med.com/wp-content/uploads/2023/10/%D8%A7%D9%86%D8%AC%D9%85%D9%86-%D8%B2%D9%86%D8%AF%D8%A7%D9%86%DB%8C%D8%A7%D9%86-745x1024.jpg,sitemap_image,.jpg,page-sitemap.xml,yes,FACT: referenced in Yoast sitemap image/loc entries,no
https://abadis-med.com/wp-content/uploads/2023/10/%D8%A7%D9%86%D8%AC%D9%85%D9%86-%D8%AD%D9%85%D8%A7%DB%8C%D8%AA-%D8%B2%D9%86%D8%AF%D8%A7%D9%86%DB%8C%D8%A7%D9%86-745x1024.jpg,sitemap_image,.jpg,page-sitemap.xml,yes,FACT: referenced in Yoast sitemap image/loc entries,no
https://abadis-med.com/wp-content/uploads/2023/10/%D8%B9%D8%AF%D8%A7%D9%84%D8%AA-745x1024.jpg,sitemap_image,.jpg,page-sitemap.xml,yes,FACT: referenced in Yoast sitemap image/loc entries,no
https://abadis-med.com/wp-content/uploads/2022/12/15-1024x1024.jpg,sitemap_image,.jpg,page-sitemap.xml,yes,FACT: referenced in Yoast sitemap image/loc entries,no
https://abadis-med.com/wp-content/uploads/2026/08/%D9%81%DB%8C%D9%84%D8%AA%D8%B1-%D8%A2%D9%86%D8%AA%DB%8C-%D8%A8%D8%A7%DA%A9%D8%AA%D8%B1%DB%8C%D8%A7%D9%84-150x150.png,sitemap_image,.png,page-sitemap.xml,yes,FACT: referenced in Yoast sitemap image/loc entries,no
https://abadis-med.com/wp-content/uploads/2022/12/13-1-1024x1024.jpg,sitemap_image,.jpg,page-sitemap.xml,yes,FACT: referenced in Yoast sitemap image/loc entries,no
https://abadis-med.com/wp-content/uploads/2026/08/%D9%81%DB%8C%D9%84%D8%AA%D8%B1-%D9%82%D8%B7%D8%B9-%DA%A9%D9%86%D9%86%D8%AF%D9%87-%D8%AC%D8%B1%DB%8C%D8%A7%D9%86-150x150.png,sitemap_image,.png,page-sitemap.xml,yes,FACT: referenced in Yoast sitemap image/loc entries,no
https://abadis-med.com/wp-content/uploads/2023/07/1.jpg,sitemap_image,.jpg,page-sitemap.xml,yes,FACT: referenced in Yoast sitemap image/loc entries,no
https://abadis-med.com/wp-content/uploads/2022/12/16-1024x832.jpg,sitemap_image,.jpg,page-sitemap.xml,yes,FACT: referenced in Yoast sitemap image/loc entries,no
https://abadis-med.com/wp-content/uploads/2026/08/abadis_suction_canister_1l_lineart_dimensions_final-150x150.png,sitemap_image,.png,page-sitemap.xml,yes,FACT: referenced in Yoast sitemap image/loc entries,no
https://abadis-med.com/wp-content/uploads/2026/08/%D9%85%D8%AE%D8%B2%D9%86-2-%D9%84%DB%8C%D8%AA%D8%B1%DB%8C-1-150x150.png,sitemap_image,.png,page-sitemap.xml,yes,FACT: referenced in Yoast sitemap image/loc entries,no
https://abadis-med.com/wp-content/uploads/2026/08/%D9%85%D8%AE%D8%B2%D9%86-3-%D9%84%DB%8C%D8%AA%D8%B1%DB%8C-1-150x150.png,sitemap_image,.png,page-sitemap.xml,yes,FACT: referenced in Yoast sitemap image/loc entries,no
https://abadis-med.com/wp-content/uploads/2023/03/1-300x200-1.jpg,sitemap_image,.jpg,page-sitemap.xml,yes,FACT: referenced in Yoast sitemap image/loc entries,no
https://abadis-med.com/wp-content/uploads/2026/08/abadis-fat-injection-device-transparent-1-1024x1024.png,sitemap_image,.png,page-sitemap.xml,yes,FACT: referenced in Yoast sitemap image/loc entries,no
https://abadis-med.com/wp-content/uploads/2026/08/Abadis-map-scaled.jpg,sitemap_image,.jpg,page-sitemap.xml,yes,FACT: referenced in Yoast sitemap image/loc entries,no
https://abadis-med.com/wp-content/uploads/2022/12/%DA%A9%DB%8C%D8%B3%D9%87-%D8%B3%D8%A7%DA%A9%D8%B4%D9%86.jpg,sitemap_image,.jpg,page-sitemap.xml,yes,FACT: referenced in Yoast sitemap image/loc entries,no
https://abadis-med.com/wp-content/uploads/2022/12/%D9%BE%D8%A7%DB%8C%D9%87-%D8%AA%D8%B1%D9%88%D9%84%DB%8C.jpg,sitemap_image,.jpg,page-sitemap.xml,yes,FACT: referenced in Yoast sitemap image/loc entries,no
https://abadis-med.com/wp-content/uploads/2022/12/%D9%81%DB%8C%D9%84%D8%AA%D8%B11-2-845x684-1.jpg,sitemap_image,.jpg,page-sitemap.xml,yes,FACT: referenced in Yoast sitemap image/loc entries,no
https://abadis-med.com/wp-content/uploads/2022/12/AMR_4901.jpg,sitemap_image,.jpg,page-sitemap.xml,yes,FACT: referenced in Yoast sitemap image/loc entries,no
https://abadis-med.com/wp-content/uploads/2022/12/%D8%A7%D8%AA%D8%B5%D8%A7%D9%84%D8%A7%D8%AA-845x684-1.jpg,sitemap_image,.jpg,page-sitemap.xml,yes,FACT: referenced in Yoast sitemap image/loc entries,no
https://abadis-med.com/wp-content/uploads/2022/12/%D8%A8%D9%87-%D8%B2%D9%88%D8%AF%DB%8C-845x684-1.jpg,sitemap_image,.jpg,page-sitemap.xml,yes,FACT: referenced in Yoast sitemap image/loc entries,no
https://abadis-med.com/wp-content/uploads/2022/12/%DA%A9%DB%8C%D8%B3%D9%87-%DB%8C%DA%A9-%D9%84%DB%8C%D8%AA%D8%B1%DB%8C-1-1030x1030-1-1024x1024.png,sitemap_image,.png,page-sitemap.xml,yes,FACT: referenced in Yoast sitemap image/loc entries,no
https://abadis-med.com/wp-content/uploads/2023/01/12.jpg,sitemap_image,.jpg,page-sitemap.xml,yes,FACT: referenced in Yoast sitemap image/loc entries,no
https://abadis-med.com/wp-content/uploads/2022/12/o3.png,sitemap_image,.png,page-sitemap.xml,yes,FACT: referenced in Yoast sitemap image/loc entries,no
https://abadis-med.com/wp-content/uploads/2022/12/o1.png,sitemap_image,.png,page-sitemap.xml,yes,FACT: referenced in Yoast sitemap image/loc entries,no
https://abadis-med.com/wp-content/uploads/2022/12/dentistry.png,sitemap_image,.png,page-sitemap.xml,yes,FACT: referenced in Yoast sitemap image/loc entries,no
https://abadis-med.com/wp-content/uploads/2022/12/1111111.png,sitemap_image,.png,page-sitemap.xml,yes,FACT: referenced in Yoast sitemap image/loc entries,no
https://abadis-med.com/wp-content/uploads/2022/12/o4.png,sitemap_image,.png,page-sitemap.xml,yes,FACT: referenced in Yoast sitemap image/loc entries,no
https://abadis-med.com/wp-content/uploads/2022/12/%DA%A9%DB%8C%D8%B3%D9%87-%D8%AF%D9%88%D9%84%DB%8C%D8%AA%D8%B1%DB%8C-1030x1030-1-1024x1024.png,sitemap_image,.png,page-sitemap.xml,yes,FACT: referenced in Yoast sitemap image/loc entries,no
https://abadis-med.com/wp-content/uploads/2023/02/YELL.jpg,sitemap_image,.jpg,page-sitemap.xml,yes,FACT: referenced in Yoast sitemap image/loc entries,no
https://abadis-med.com/wp-content/uploads/2023/02/%D9%82%D8%B1%D9%85%D8%B2.jpg,sitemap_image,.jpg,page-sitemap.xml,yes,FACT: referenced in Yoast sitemap image/loc entries,no
https://abadis-med.com/wp-content/uploads/2022/12/hnghg.png,sitemap_image,.png,page-sitemap.xml,yes,FACT: referenced in Yoast sitemap image/loc entries,no
https://abadis-med.com/wp-content/uploads/2022/12/o2.png,sitemap_image,.png,page-sitemap.xml,yes,FACT: referenced in Yoast sitemap image/loc entries,no
https://abadis-med.com/wp-content/uploads/2022/12/icu.png,sitemap_image,.png,page-sitemap.xml,yes,FACT: referenced in Yoast sitemap image/loc entries,no
https://abadis-med.com/wp-content/uploads/2022/12/o6.png,sitemap_image,.png,page-sitemap.xml,yes,FACT: referenced in Yoast sitemap image/loc entries,no
https://abadis-med.com/wp-content/uploads/2022/12/o7.png,sitemap_image,.png,page-sitemap.xml,yes,FACT: referenced in Yoast sitemap image/loc entries,no
https://abadis-med.com/wp-content/uploads/2022/12/AMR_4721-642x1030-1-638x1024.jpg,sitemap_image,.jpg,page-sitemap.xml,yes,FACT: referenced in Yoast sitemap image/loc entries,no
https://abadis-med.com/wp-content/uploads/2022/12/sergerry.png,sitemap_image,.png,page-sitemap.xml,yes,FACT: referenced in Yoast sitemap image/loc entries,no
https://abadis-med.com/wp-content/uploads/2022/12/ytju.png,sitemap_image,.png,page-sitemap.xml,yes,FACT: referenced in Yoast sitemap image/loc entries,no
https://abadis-med.com/wp-content/uploads/2022/12/11-1024x880.jpg,sitemap_image,.jpg,page-sitemap.xml,yes,FACT: referenced in Yoast sitemap image/loc entries,no
https://abadis-med.com/wp-content/uploads/2026/08/abadis-wall-mounted-canister-clamp-website.jpg,sitemap_image,.jpg,page-sitemap.xml,yes,FACT: referenced in Yoast sitemap image/loc entries,no
https://abadis-med.com/wp-content/uploads/2026/09/ChatGPT-Image-Sep-2-2026-10_38_58-AM-2-150x150.png,sitemap_image,.png,page-sitemap.xml,yes,FACT: referenced in Yoast sitemap image/loc entries,no
https://abadis-med.com/wp-content/uploads/2026/08/abadis-wall-mounted-canister-clamp-set-website.jpg,sitemap_image,.jpg,page-sitemap.xml,yes,FACT: referenced in Yoast sitemap image/loc entries,no
https://abadis-med.com/wp-content/uploads/2026/09/ChatGPT-Image-Sep-2-2026-10_38_58-AM-1-150x150.png,sitemap_image,.png,page-sitemap.xml,yes,FACT: referenced in Yoast sitemap image/loc entries,no
https://abadis-med.com/wp-content/uploads/2023/11/logoAbadisFinal.png,sitemap_image,.png,page-sitemap.xml,yes,FACT: referenced in Yoast sitemap image/loc entries,no
https://abadis-med.com/wp-content/uploads/2022/12/ANIMATED-LINER-BAG-01.png,sitemap_image,.png,page-sitemap.xml,yes,FACT: referenced in Yoast sitemap image/loc entries,no
https://abadis-med.com/wp-content/uploads/2022/12/Untitled-2-01.png,sitemap_image,.png,page-sitemap.xml,yes,FACT: referenced in Yoast sitemap image/loc entries,no
https://abadis-med.com/wp-content/uploads/2022/12/Untitled-2-09.png,sitemap_image,.png,page-sitemap.xml,yes,FACT: referenced in Yoast sitemap image/loc entries,no
https://abadis-med.com/wp-content/uploads/2022/12/Untitled-2-07.png,sitemap_image,.png,page-sitemap.xml,yes,FACT: referenced in Yoast sitemap image/loc entries,no
https://abadis-med.com/wp-content/uploads/2022/12/Untitled-2-02.png,sitemap_image,.png,page-sitemap.xml,yes,FACT: referenced in Yoast sitemap image/loc entries,no
https://abadis-med.com/wp-content/uploads/2022/12/Untitled-2-13-14.png,sitemap_image,.png,page-sitemap.xml,yes,FACT: referenced in Yoast sitemap image/loc entries,no
https://abadis-med.com/wp-content/uploads/2022/12/Untitled-2-03.png,sitemap_image,.png,page-sitemap.xml,yes,FACT: referenced in Yoast sitemap image/loc entries,no
https://abadis-med.com/wp-content/uploads/2022/12/Untitled-2-12.png,sitemap_image,.png,page-sitemap.xml,yes,FACT: referenced in Yoast sitemap image/loc entries,no
https://abadis-med.com/wp-content/uploads/2022/12/Untitled-2-06.png,sitemap_image,.png,page-sitemap.xml,yes,FACT: referenced in Yoast sitemap image/loc entries,no
https://abadis-med.com/wp-content/uploads/2022/12/Untitled-2-10-10.png,sitemap_image,.png,page-sitemap.xml,yes,FACT: referenced in Yoast sitemap image/loc entries,no
https://abadis-med.com/wp-content/uploads/2022/12/Untitled-2-08.png,sitemap_image,.png,page-sitemap.xml,yes,FACT: referenced in Yoast sitemap image/loc entries,no
https://abadis-med.com/wp-content/uploads/2022/12/Untitled-2-05.png,sitemap_image,.png,page-sitemap.xml,yes,FACT: referenced in Yoast sitemap image/loc entries,no
https://abadis-med.com/wp-content/uploads/2022/12/Untitled-2-04.png,sitemap_image,.png,page-sitemap.xml,yes,FACT: referenced in Yoast sitemap image/loc entries,no
https://abadis-med.com/wp-content/uploads/2022/12/Icons013-13.png,sitemap_image,.png,page-sitemap.xml,yes,FACT: referenced in Yoast sitemap image/loc entries,no
https://abadis-med.com/wp-content/uploads/2022/12/Untitled-2-11.png,sitemap_image,.png,page-sitemap.xml,yes,FACT: referenced in Yoast sitemap image/loc entries,no
https://abadis-med.com/wp-content/uploads/2023/04/13.png,sitemap_image,.png,page-sitemap.xml,yes,FACT: referenced in Yoast sitemap image/loc entries,no
https://abadis-med.com/wp-content/uploads/2022/12/gulf-innovation-gate-1030x510-1-1024x507.png,sitemap_image,.png,page-sitemap.xml,yes,FACT: referenced in Yoast sitemap image/loc entries,no
https://abadis-med.com/wp-content/uploads/2022/12/Group-2.jpg,sitemap_image,.jpg,page-sitemap.xml,yes,FACT: referenced in Yoast sitemap image/loc entries,no
https://abadis-med.com/wp-content/uploads/2023/12/v-mn-02-1.webp,sitemap_image,.webp,page-sitemap.xml,yes,FACT: referenced in Yoast sitemap image/loc entries,no
https://abadis-med.com/wp-content/uploads/2026/08/abadis-abolfazl-hassanali-web.jpg,sitemap_image,.jpg,page-sitemap.xml,yes,FACT: referenced in Yoast sitemap image/loc entries,no
https://abadis-med.com/wp-content/uploads/2026/08/ChatGPT-Image-Aug-29-2026-08_37_15-AM.png,sitemap_image,.png,page-sitemap.xml,yes,FACT: referenced in Yoast sitemap image/loc entries,no
https://abadis-med.com/wp-content/uploads/2026/09/%D9%86%D8%A7%D8%B2%D9%86%DB%8C%D9%86-%D8%AD%D8%B3%D9%86%D8%B9%D9%84%DB%8C-%D8%A2%D8%A8%D8%A7%D8%AF%DB%8C%D8%B3.png,sitemap_image,.png,page-sitemap.xml,yes,FACT: referenced in Yoast sitemap image/loc entries,no
https://abadis-med.com/wp-content/uploads/2025/04/%D8%A2%D8%A8%D8%A7%D8%AF%DB%8C%D8%B3-%D8%B3%D9%88%D9%86%D8%A7-%D9%87%D8%A7%D8%B4%D9%85%DB%8C%D8%A7%D9%86.jpg,sitemap_image,.jpg,page-sitemap.xml,yes,FACT: referenced in Yoast sitemap image/loc entries,no
https://abadis-med.com/wp-content/uploads/2026/08/ChatGPT-Image-Aug-29-2026-09_29_47-AM.png,sitemap_image,.png,page-sitemap.xml,yes,FACT: referenced in Yoast sitemap image/loc entries,no
https://abadis-med.com/wp-content/uploads/2026/09/abadis-team-installation-specialist-new-web.jpg,sitemap_image,.jpg,page-sitemap.xml,yes,FACT: referenced in Yoast sitemap image/loc entries,no
https://abadis-med.com/wp-content/uploads/2026/08/abadis-team-pouria-farhang-white-fade-restored.jpg,sitemap_image,.jpg,page-sitemap.xml,yes,FACT: referenced in Yoast sitemap image/loc entries,no
https://abadis-med.com/wp-content/uploads/2026/08/ChatGPT-Image-Aug-29-2026-08_39_31-AM.png,sitemap_image,.png,page-sitemap.xml,yes,FACT: referenced in Yoast sitemap image/loc entries,no
https://abadis-med.com/wp-content/uploads/2026/08/%D8%A2%D8%A8%D8%A7%D8%AF%DB%8C%D8%B3-%D8%B9%D9%84%DB%8C%D8%B1%D8%B6%D8%A7-%D8%AD%D8%B3%D9%86%D8%B9%D9%84%DB%8C.jpg,sitemap_image,.jpg,page-sitemap.xml,yes,FACT: referenced in Yoast sitemap image/loc entries,no
https://abadis-med.com/wp-content/uploads/2026/08/ChatGPT-Image-Aug-29-2026-12_10_18-PM.png,sitemap_image,.png,page-sitemap.xml,yes,FACT: referenced in Yoast sitemap image/loc entries,no
https://abadis-med.com/wp-content/uploads/2026/08/ChatGPT-Image-Aug-26-2026-11_00_46-AM.png,sitemap_image,.png,page-sitemap.xml,yes,FACT: referenced in Yoast sitemap image/loc entries,no
https://abadis-med.com/wp-content/uploads/2026/08/ChatGPT-Image-Aug-29-2026-09_20_44-AM.png,sitemap_image,.png,page-sitemap.xml,yes,FACT: referenced in Yoast sitemap image/loc entries,no
https://abadis-med.com/wp-content/uploads/2026/08/ChatGPT-Image-Aug-29-2026-09_34_39-AM.png,sitemap_image,.png,page-sitemap.xml,yes,FACT: referenced in Yoast sitemap image/loc entries,no
https://abadis-med.com/wp-content/uploads/2026/09/%D9%85%D8%A7%D8%A6%D8%AF%D9%87-%D9%86%D8%A7%D8%B5%D8%B1%DB%8C-%D8%A2%D8%A8%D8%A7%D8%AF%DB%8C%D8%B3.png,sitemap_image,.png,page-sitemap.xml,yes,FACT: referenced in Yoast sitemap image/loc entries,no
https://abadis-med.com/wp-content/uploads/2026/09/%D8%A7%D9%85%DB%8C%D8%B1%D8%B9%D8%B1%D8%B4%DB%8C%D8%A7-%D8%AA%D9%82%D9%88%DB%8C-%D8%A2%D8%A8%D8%A7%D8%AF%DB%8C%D8%B3.jpg,sitemap_image,.jpg,page-sitemap.xml,yes,FACT: referenced in Yoast sitemap image/loc entries,no
https://abadis-med.com/wp-content/uploads/2026/09/abadis-team-navid-hassanali-slim-torso-face-locked-web-1.jpg,sitemap_image,.jpg,page-sitemap.xml,yes,FACT: referenced in Yoast sitemap image/loc entries,no
https://abadis-med.com/wp-content/uploads/2026/08/abadis-team-member-face-locked-web.jpg,sitemap_image,.jpg,page-sitemap.xml,yes,FACT: referenced in Yoast sitemap image/loc entries,no
https://abadis-med.com/wp-content/uploads/2026/09/%D9%86%DB%8C%D9%84%D9%88%D9%81%D8%B1-%D8%B4%D8%B1%D9%81%DB%8C-%D8%A2%D8%A8%D8%A7%D8%AF%DB%8C%D8%B3.png,sitemap_image,.png,page-sitemap.xml,yes,FACT: referenced in Yoast sitemap image/loc entries,no
https://abadis-med.com/wp-content/uploads/2026/08/ChatGPT-Image-Aug-29-2026-10_48_35-AM.png,sitemap_image,.png,page-sitemap.xml,yes,FACT: referenced in Yoast sitemap image/loc entries,no
https://abadis-med.com/wp-content/uploads/2026/08/abadis-team-face-composite-pure-white-web-1.jpg,sitemap_image,.jpg,page-sitemap.xml,yes,FACT: referenced in Yoast sitemap image/loc entries,no
https://abadis-med.com/wp-content/uploads/2026/08/ChatGPT-Image-Aug-29-2026-11_21_51-AM.png,sitemap_image,.png,page-sitemap.xml,yes,FACT: referenced in Yoast sitemap image/loc entries,no
https://abadis-med.com/wp-content/uploads/2026/08/ChatGPT-Image-Aug-29-2026-10_57_23-AM.png,sitemap_image,.png,page-sitemap.xml,yes,FACT: referenced in Yoast sitemap image/loc entries,no
https://abadis-med.com/wp-content/uploads/2026/09/abadis-team-navid-hassanali-slim-torso-face-locked-web.jpg,sitemap_image,.jpg,page-sitemap.xml,yes,FACT: referenced in Yoast sitemap image/loc entries,no
https://abadis-med.com/wp-content/uploads/2026/08/ChatGPT-Image-Aug-27-2026-08_03_48-AM.png,sitemap_image,.png,page-sitemap.xml,yes,FACT: referenced in Yoast sitemap image/loc entries,no
https://abadis-med.com/wp-content/uploads/2026/08/abadis-team-arshia-taghavi-installation-logo-embroidered-web.jpg,sitemap_image,.jpg,page-sitemap.xml,yes,FACT: referenced in Yoast sitemap image/loc entries,no
https://abadis-med.com/wp-content/uploads/2019/05/Fixture-2.jpg,sitemap_image,.jpg,post-sitemap.xml,yes,FACT: referenced in Yoast sitemap image/loc entries,no
https://abadis-med.com/wp-content/uploads/2020/01/%D8%A7%D8%B3%D8%A7%D9%85%DB%8C-%D8%A8%D8%B1%D9%86%D8%AF%DA%AF%D8%A7%D9%86-%D8%B1%D9%88%D8%B2%D9%BE%D8%B1%D8%B3%D8%AA%D8%A7%D8%B1-%D8%B3%D8%A7%D9%84-1398.jpg,sitemap_image,.jpg,post-sitemap.xml,yes,FACT: referenced in Yoast sitemap image/loc entries,no
https://abadis-med.com/wp-content/uploads/2020/01/Abadis-New-New-1030x1030-1.jpg,sitemap_image,.jpg,post-sitemap.xml,yes,FACT: referenced in Yoast sitemap image/loc entries,no
https://abadis-med.com/wp-content/uploads/2017/06/%DA%A9%D9%86%D8%AA%D8%B1%D9%84-%D8%B9%D9%81%D9%88%D9%86%D8%AA-%D8%AF%D8%B1-%D8%A8%DB%8C%D9%85%D8%A7%D8%B1%D8%B3%D8%AA%D8%A7%D9%86.jpg,sitemap_image,.jpg,post-sitemap.xml,yes,FACT: referenced in Yoast sitemap image/loc entries,no
https://abadis-med.com/wp-content/uploads/2017/06/%D8%A7%D8%B3%D8%AA%D9%81%D8%A7%D8%AF%D9%87-%D8%A7%D8%B2-%DA%A9%DB%8C%D8%B3%D9%87-%D8%B3%D8%A7%DA%A9%D8%B4%D9%86-%D8%A7%D8%B2-%D9%85%D8%A4%D8%AB%D8%B1%D8%AA%D8%B1%DB%8C%D9%86-%D8%B1%D8%A7%D9%87%E2%80%8C%D9%87%D8%A7-%D8%A8%D8%B1%D8%A7%DB%8C-%DA%A9%D9%86%D8%AA%D8%B1%D9%84-%D8%B9%D9%81%D9%88%D9%86%D8%AA-%D8%AF%D8%B1-%D8%A8%DB%8C%D9%85%D8%A7%D8%B1%D8%B3%D8%AA%D8%A7%D9%86%E2%80%8C%D9%87%D8%A7-%D8%A7%D8%B3%D8%AA..jpg,sitemap_image,.jpg,post-sitemap.xml,yes,FACT: referenced in Yoast sitemap image/loc entries,no
https://abadis-med.com/wp-content/uploads/2017/06/%D9%BE%D8%B1%D9%88%D8%AA%DA%A9%D9%84%E2%80%8C%D9%87%D8%A7%DB%8C%DB%8C-%DA%A9%D9%87-%D8%A8%D8%B1%D8%A7%DB%8C-%DA%A9%D9%86%D8%AA%D8%B1%D9%84-%D8%B9%D9%81%D9%88%D9%86%D8%AA-%D8%A8%D8%A7%DB%8C%D8%AF-%D8%B1%D8%B9%D8%A7%DB%8C%D8%AA-%DA%A9%D8%B1%D8%AF..jpg,sitemap_image,.jpg,post-sitemap.xml,yes,FACT: referenced in Yoast sitemap image/loc entries,no
https://abadis-med.com/wp-content/uploads/2017/06/%D8%AE%D8%B7%D8%B1%D9%86%D8%A7%DA%A9-%D8%AA%D8%B1%DB%8C%D9%86-%D9%88%DB%8C%D8%B1%D9%88%D8%B3-%D8%AF%D8%B1-%D8%AF%D9%86%DB%8C%D8%A7%DB%8C-%D8%A7%D9%85%D8%B1%D9%88%D8%B2%D9%87-%DA%A9%D8%B1%D9%88%D9%86%D8%A7-%D8%A8%D9%88%D8%AF%D9%87-%D8%A7%D8%B3%D8%AA..jpg,sitemap_image,.jpg,post-sitemap.xml,yes,FACT: referenced in Yoast sitemap image/loc entries,no
https://abadis-med.com/wp-content/uploads/2022/12/%D9%85%D8%AE%D8%B2%D9%86-%D8%B3%D8%A7%DA%A9%D8%B4%D9%86-%DA%86%DB%8C%D8%B3%D8%AA%D8%9F-1.jpg,sitemap_image,.jpg,post-sitemap.xml,yes,FACT: referenced in Yoast sitemap image/loc entries,no
https://abadis-med.com/wp-content/uploads/2023/01/%D9%85%D8%AE%D8%B2%D9%86-%D8%B3%D8%A7%DA%A9%D8%B4%D9%86.jpg,sitemap_image,.jpg,post-sitemap.xml,yes,FACT: referenced in Yoast sitemap image/loc entries,no
https://abadis-med.com/wp-content/uploads/2023/01/%D8%AF%D8%B3%D8%AA%DA%AF%D8%A7%D9%87-%D8%B3%D8%A7%DA%A9%D8%B4%D9%86-%D8%A8%D8%B1%D8%A7%DB%8C-%DA%A9%D9%85%DA%A9-%D8%A8%D9%87-%D8%A8%DB%8C%D9%85%D8%A7%D8%B1%D8%A7%D9%86-%D8%AA%D9%86%D9%81%D8%B3%DB%8C.jpg,sitemap_image,.jpg,post-sitemap.xml,yes,FACT: referenced in Yoast sitemap image/loc entries,no
https://abadis-med.com/wp-content/uploads/2023/01/%D9%85%D8%AE%D8%B2%D9%86-%D8%B3%D8%A7%DA%A9%D8%B4%D9%86-%D8%AF%DB%8C%D9%88%D8%A7%D8%B1%DB%8C.jpg,sitemap_image,.jpg,post-sitemap.xml,yes,FACT: referenced in Yoast sitemap image/loc entries,no
https://abadis-med.com/wp-content/uploads/2022/08/%D8%A7%D9%85%D8%AD%D8%A7-%D8%B2%D8%A8%D8%A7%D9%84%D9%87-%D9%87%D8%A7%DB%8C-%D8%A8%DB%8C%D9%85%D8%A7%D8%B1%D8%B3%D8%AA%D8%A7%D9%86%DB%8C-1.jpg,sitemap_image,.jpg,post-sitemap.xml,yes,FACT: referenced in Yoast sitemap image/loc entries,no
https://abadis-med.com/wp-content/uploads/2023/01/%D8%B2%D8%A8%D8%A7%D9%84%D9%87-%D9%87%D8%A7%DB%8C-%D8%A8%DB%8C%D9%85%D8%A7%D8%B1%D8%B3%D8%AA%D8%A7%D9%86%DB%8C.jpg,sitemap_image,.jpg,post-sitemap.xml,yes,FACT: referenced in Yoast sitemap image/loc entries,no
https://abadis-med.com/wp-content/uploads/2023/01/%D9%BE%D8%B3%D9%85%D8%A7%D9%86%D8%AF-%D9%87%D8%A7%DB%8C-%D8%A8%DB%8C%D9%85%D8%A7%D8%B1%D8%B3%D8%AA%D8%A7%D9%86%DB%8C.jpg,sitemap_image,.jpg,post-sitemap.xml,yes,FACT: referenced in Yoast sitemap image/loc entries,no
https://abadis-med.com/wp-content/uploads/2023/01/%D8%A7%D9%86%D9%88%D8%A7%D8%B9-%D8%B1%D9%88%D8%B4-%D9%87%D8%A7%DB%8C-%DA%AF%D9%86%D8%AF-%D8%B2%D8%AF%D8%A7%D8%A6%DB%8C-%D9%BE%D8%B3%D9%85%D8%A7%D9%86%D8%AF-%D9%87%D8%A7.jpg,sitemap_image,.jpg,post-sitemap.xml,yes,FACT: referenced in Yoast sitemap image/loc entries,no
https://abadis-med.com/wp-content/uploads/2023/01/%D8%AF%D9%84%D8%A7%DB%8C%D9%84-%D8%B4%DA%A9%D8%B3%D8%AA-%D9%85%D8%AF%DB%8C%D8%B1%DB%8C%D8%AA-%D9%BE%D8%B3%D9%85%D8%A7%D9%86%D8%AF.jpg,sitemap_image,.jpg,post-sitemap.xml,yes,FACT: referenced in Yoast sitemap image/loc entries,no
https://abadis-med.com/wp-content/uploads/2023/10/%D8%A8%D8%A7%D8%AA%D9%84-%D8%B3%D8%A7%DA%A9%D8%B4%D9%86-%DB%8C%DA%A9%D8%A8%D8%A7%D8%B1-%D9%85%D8%B5%D8%B1%D9%81-%D8%AF%D8%B1-%D8%A7%DB%8C%D8%B1%D8%A7%D9%86-%D8%A2%DB%8C%D8%A7-%D9%85%D9%82%D8%B1%D9%88%D9%86-%D8%A8%D9%87-%D8%B5%D8%B1%D9%81%D9%87-%D8%A7%D8%B3%D8%AA-2.jpg,sitemap_image,.jpg,post-sitemap.xml,yes,FACT: referenced in Yoast sitemap image/loc entries,no
https://abadis-med.com/wp-content/uploads/2023/10/-%D9%85%D9%82%D8%A7%D9%84%D9%87-%D8%B3%D8%A7%DB%8C%D8%AA-e1696863735604.jpg,sitemap_image,.jpg,post-sitemap.xml,yes,FACT: referenced in Yoast sitemap image/loc entries,no
https://abadis-med.com/wp-content/uploads/2023/09/%D8%A8%D9%87%D8%A8%D9%88%D8%AF-%D8%A7%D8%AB%D8%B1%D8%A7%D8%AA-%D8%B2%DB%8C%D8%B3%D8%AA-%D9%85%D8%AD%DB%8C%D8%B7%DB%8C-%D9%BE%D8%B3%D8%A7%D8%A8-%D9%87%D8%A7%DB%8C-%D8%B9%D9%81%D9%88%D9%86%DB%8C-%D8%A8%D8%A7-%D8%A7%D8%B3%D8%AA%D9%81%D8%A7%D8%AF%D9%87-%D8%A7%D8%B2-%DA%A9%DB%8C%D8%B3%D9%87-%D8%B3%D8%A7%DA%A9%D8%B4%D9%86-%DB%8C%DA%A9%D8%A8%D8%A7%D8%B1-%D9%85%D8%B5%D8%B1%D9%81-1.jpg,sitemap_image,.jpg,post-sitemap.xml,yes,FACT: referenced in Yoast sitemap image/loc entries,no
https://abadis-med.com/wp-content/uploads/2023/09/%D8%A8%D9%87%D8%A8%D9%88%D8%AF-%D8%A7%D8%AB%D8%B1%D8%A7%D8%AA-%D8%B2%DB%8C%D8%B3%D8%AA-%D9%85%D8%AD%DB%8C%D8%B7%DB%8C-%D9%86%D8%A7%D8%B4%DB%8C-%D8%A7%D8%B2-%D9%BE%D8%B3%D8%A7%D8%A8-%D9%87%D8%A7%DB%8C-%D8%B9%D9%81%D9%88%D9%86%DB%8C-%D8%A8%DB%8C%D9%85%D8%A7%D8%B1%D8%B3%D8%AA%D8%A7%D9%86-%D9%87%D8%A7-%D8%A8%D8%A7-%D8%A7%D8%B3%D8%AA%D9%81%D8%A7%D8%AF%D9%87-%D8%A7%D8%B2-%DA%A9%DB%8C%D8%B3%D9%87-%D8%B3%D8%A7%DA%A9%D8%B4%D9%86-%DB%8C%DA%A9%D8%A8%D8%A7%D8%B1-%D9%85%D8%B5%D8%B1%D9%81.jpg,sitemap_image,.jpg,post-sitemap.xml,yes,FACT: referenced in Yoast sitemap image/loc entries,no
https://abadis-med.com/wp-content/uploads/2023/09/%DA%AF%D8%B2%D8%A7%D8%B1%D8%B4-%D8%AA%D8%AD%D9%82%DB%8C%D9%82-%D8%A8%D8%A7%D8%B2%D8%A7%D8%B1-%DA%A9%DB%8C%D8%B3%D9%87-%D8%B3%D8%A7%DA%A9%D8%B4%D9%86-%DB%8C%DA%A9%D8%A8%D8%A7%D8%B1-%D9%85%D8%B5%D8%B1%D9%81.jpg,sitemap_image,.jpg,post-sitemap.xml,yes,FACT: referenced in Yoast sitemap image/loc entries,no
https://abadis-med.com/wp-content/uploads/2024/06/%D8%A7%D8%B1%D8%B2%D9%8A%D8%A7%D8%A8%D9%8A-%D9%88-%D8%AA%D8%AD%D9%84%D9%8A%D9%84-%D9%85%D9%88%D8%A7%D8%AC%D9%87%D8%A7%D8%AA-%D8%B4%D8%BA%D9%84%D9%8A-%DA%A9%D8%A7%D8%AF%D8%B1-%D8%AF%D8%B1%D9%85%D8%A7%D9%86%D9%8A-%D8%A8%D9%8A%D9%85%D8%A7%D8%B1%D8%B3%D8%AA%D8%A7%D9%86-%D8%AD%D8%AC%D8%AA-%D9%83%D9%88%D9%87-%D9%83%D9%85%D8%B1%D9%8A-%D9%85%D8%B1%D9%86%D8%AF-%D8%AF%D8%B1-6-%D9%85%D8%A7%D9%87%D9%87-%D8%A7%D9%88%D9%84-1402.jpg,sitemap_image,.jpg,post-sitemap.xml,yes,FACT: referenced in Yoast sitemap image/loc entries,no
https://abadis-med.com/wp-content/uploads/2024/06/%D9%86%D9%85%D9%88%D8%AF%D8%A7%D8%B1-%D9%85%D9%82%D8%A7%D9%84%D9%87-%D8%A2%D8%A8%D8%A7%D8%AF%DB%8C%D8%B3.png,sitemap_image,.png,post-sitemap.xml,yes,FACT: referenced in Yoast sitemap image/loc entries,no
https://abadis-med.com/wp-content/uploads/2022/07/%D8%AA%D8%B5%D9%81%DB%8C%D9%87-%D9%81%D8%A7%D8%B6%D9%84%D8%A7%D8%A8-%D8%A8%DB%8C%D9%85%D8%A7%D8%B1%D8%B3%D8%AA%D8%A7%D9%86%DB%8C-1.jpg,sitemap_image,.jpg,post-sitemap.xml,yes,FACT: referenced in Yoast sitemap image/loc entries,no
https://abadis-med.com/wp-content/uploads/2023/01/Abadis-Posts-3.jpg,sitemap_image,.jpg,post-sitemap.xml,yes,FACT: referenced in Yoast sitemap image/loc entries,no
https://abadis-med.com/wp-content/uploads/2023/01/Abadis-Posts.jpg-1.jpg,sitemap_image,.jpg,post-sitemap.xml,yes,FACT: referenced in Yoast sitemap image/loc entries,no
https://abadis-med.com/wp-content/uploads/2023/01/Abadis-Posts-4.jpg,sitemap_image,.jpg,post-sitemap.xml,yes,FACT: referenced in Yoast sitemap image/loc entries,no
https://abadis-med.com/wp-content/uploads/2023/01/Abadis-Posts-2.jpg,sitemap_image,.jpg,post-sitemap.xml,yes,FACT: referenced in Yoast sitemap image/loc entries,no
https://abadis-med.com/wp-content/uploads/2022/04/%DA%A9%DB%8C%D8%B3%D9%87-%D8%B3%D8%A7%DA%A9%D8%B4%D9%86-%DA%86%DB%8C%D8%B3%D8%AA%D8%9F.jpg,sitemap_image,.jpg,post-sitemap.xml,yes,FACT: referenced in Yoast sitemap image/loc entries,no
https://abadis-med.com/wp-content/uploads/2022/04/%DA%A9%DB%8C%D8%B3%D9%87%E2%80%8C%D9%87%D8%A7%DB%8C-%D8%B3%D8%A7%DA%A9%D8%B4%D9%86-%D8%AF%D8%B1-%D8%AD%D8%AC%D9%85%E2%80%8C%D9%87%D8%A7%DB%8C-%DB%8C%DA%A9-%D9%84%DB%8C%D8%AA%D8%B1%DB%8C%D8%8C-%D8%AF%D9%88-%D9%84%DB%8C%D8%AA%D8%B1%DB%8C-%D9%88-%D8%B3%D9%87-%D9%84%DB%8C%D8%AA%D8%B1%DB%8C-%D8%AA%D9%88%D9%84%DB%8C%D8%AF-%D9%85%DB%8C%E2%80%8C%D8%B4%D9%88%D9%86%D8%AF..jpg,sitemap_image,.jpg,post-sitemap.xml,yes,FACT: referenced in Yoast sitemap image/loc entries,no
https://abadis-med.com/wp-content/uploads/2022/04/%D8%AC%D9%84%D9%88%DA%AF%DB%8C%D8%B1%DB%8C-%D8%A7%D8%B2-%D8%B4%DB%8C%D9%88%D8%B9-%D8%A8%DB%8C%D9%85%D8%A7%D8%B1%DB%8C-%D9%88-%D8%A7%D9%86%D8%AA%D8%B4%D8%A7%D8%B1-%D8%B9%D9%81%D9%88%D9%86%D8%AA-%D8%A7%D8%B2-%D9%85%D8%B2%DB%8C%D8%AA%E2%80%8C%D9%87%D8%A7%DB%8C-%DA%A9%DB%8C%D8%B3%D9%87-%D8%B3%D8%A7%DA%A9%D8%B4%D9%86-%DB%8C%DA%A9%D8%A8%D8%A7%D8%B1-%D9%85%D8%B5%D8%B1%D9%81-%D8%A7%D8%B3%D8%AA..jpg,sitemap_image,.jpg,post-sitemap.xml,yes,FACT: referenced in Yoast sitemap image/loc entries,no
https://abadis-med.com/wp-content/uploads/2022/04/%D9%86%D9%85%D9%88%D9%86%D9%87-%D8%A7%DB%8C-%D8%A7%D8%B2-%DA%A9%DB%8C%D8%B3%D9%87-%D8%B3%D8%A7%DA%A9%D8%B4%D9%86-%D9%87%D8%A7%DB%8C-%DB%8C%DA%A9%D8%A8%D8%A7%D8%B1%D9%85%D8%B5%D8%B1%D9%81.jpg,sitemap_image,.jpg,post-sitemap.xml,yes,FACT: referenced in Yoast sitemap image/loc entries,no
https://abadis-med.com/wp-content/uploads/2022/04/%D8%B2%D9%86%D8%AC%DB%8C%D8%B1%D9%87-%D8%B9%D9%81%D9%88%D9%86%D8%AA-%D8%A8%D9%87-%D8%B5%D9%88%D8%B1%D8%AA-%D9%86%D9%85%D9%88%D8%AF%D8%A7%D8%B1-%D9%86%D9%85%D8%A7%DB%8C%D8%B4-%D8%AF%D8%A7%D8%AF%D9%87-%D8%B4%D8%AF%D9%87-%D8%A7%D8%B3%D8%AA-.jpg,sitemap_image,.jpg,post-sitemap.xml,yes,FACT: referenced in Yoast sitemap image/loc entries,no
https://abadis-med.com/wp-content/uploads/2024/06/%D8%B1%D8%B3%DB%8C%D9%88%D8%B1-%D9%BE%D8%B2%D8%B4%DA%A9%DB%8C-%DA%86%DB%8C%D8%B3%D8%AA-%D8%A2%D8%A8%D8%A7%D8%AF%DB%8C%D8%B3.jpg,sitemap_image,.jpg,post-sitemap.xml,yes,FACT: referenced in Yoast sitemap image/loc entries,no
https://abadis-med.com/wp-content/uploads/2024/06/%D8%A7%D9%86%D9%88%D8%A7%D8%B9-%D8%B1%D8%B3%DB%8C%D9%88%D8%B1-%D9%BE%D8%B2%D8%B4%DA%A9%DB%8C-%D8%A2%D8%A8%D8%A7%D8%AF%DB%8C%D8%B3.jpg,sitemap_image,.jpg,post-sitemap.xml,yes,FACT: referenced in Yoast sitemap image/loc entries,no
https://abadis-med.com/wp-content/uploads/2024/07/%D8%AD%D8%B0%D9%81-%D8%A2%D9%86%D8%AA%DB%8C-%D8%A8%DB%8C%D9%88%D8%AA%DB%8C%DA%A9-%D9%88%D9%86%DA%A9%D9%88%D9%85%D8%A7%DB%8C%D8%B3%DB%8C%D9%86-%D8%A8%D8%A7-%D8%A7%D8%B3%D8%AA%D9%81%D8%A7%D8%AF%D9%87-%D8%A7%D8%B2-%D8%B1%D9%88%D8%B4-%D9%81%D8%AA%D9%88%DA%A9%D8%A7%D8%AA%D8%A7%D9%84%DB%8C%D8%B3%D8%AA%DB%8C.jpg,sitemap_image,.jpg,post-sitemap.xml,yes,FACT: referenced in Yoast sitemap image/loc entries,no
https://abadis-med.com/wp-content/uploads/2024/01/%D9%86%D9%85%D9%88%D8%AF%D8%A7%D8%B1-%D9%85%D9%82%D8%A7%D9%84%D9%87-%D8%A2%D9%86%D8%AA%DB%8C-%D8%A8%DB%8C%D9%88%D8%AA%DB%8C%DA%A9-%D8%A2%D8%A8%D8%A7%D8%AF%DB%8C%D8%B3.png,sitemap_image,.png,post-sitemap.xml,yes,FACT: referenced in Yoast sitemap image/loc entries,no
https://abadis-med.com/wp-content/uploads/2019/01/%D8%A7%D8%B3%D8%AA%D9%81%D8%A7%D8%AF%D9%87-%D8%A7%D8%B2-%D8%AA%D8%AC%D9%87%DB%8C%D8%B2%D8%A7%D8%AA-%D9%88-%D9%85%D8%AD%D8%B5%D9%88%D9%84%D8%A7%D8%AA-%D8%A8%DB%8C%D9%85%D8%A7%D8%B1%D8%B3%D8%AA%D8%A7%D9%86%DB%8C-%D8%A8%D8%A7-%DA%A9%DB%8C%D9%81%DB%8C%D8%AA.jpg,sitemap_image,.jpg,post-sitemap.xml,yes,FACT: referenced in Yoast sitemap image/loc entries,no
https://abadis-med.com/wp-content/uploads/2019/01/%D9%85%D8%B9%D8%B1%D9%81%DB%8C-%D9%85%D8%AA%D8%AF%D8%A7%D9%88%D9%84-%D8%AA%D8%B1%DB%8C%D9%86-%D9%BE%D8%A7%D8%AA%D9%88%DA%98%D9%86-%D9%87%D8%A7-1.jpg,sitemap_image,.jpg,post-sitemap.xml,yes,FACT: referenced in Yoast sitemap image/loc entries,no
https://abadis-med.com/wp-content/uploads/2024/03/%D8%B3%DB%8C%D8%B3%D8%AA%D9%85-%D8%B4%D8%B3%D8%AA%D8%B4%D9%88%DB%8C-%D8%A8%DB%8C%D9%85%D8%A7%D8%B1-%D9%88-%D8%B6%D8%AF%D8%B9%D9%81%D9%88%D9%86%DB%8C-%DA%A9%D9%86%D9%86%D8%AF%D9%87-%D8%AA%D8%AC%DA%BE%DB%8C%D8%B2%D8%A7%D8%AA-%D8%A8%D8%A7-%D8%A7%D8%B3%D8%AA%D9%81%D8%A7%D8%AF%D9%87-%D8%A7%D8%B2-%D8%B3%DB%8C%D8%B3%D8%AA%D9%85-%D9%88%D9%86%D8%AA%D9%88%D8%B1%DB%8C-%D8%A2%D8%A8%D8%A7%D8%AF%DB%8C%D8%B3.jpg,sitemap_image,.jpg,post-sitemap.xml,yes,FACT: referenced in Yoast sitemap image/loc entries,no
https://abadis-med.com/wp-content/uploads/2024/03/%D9%85%D9%82%D8%A7%D9%84%D9%87-%D8%B3%DB%8C%D8%B3%D8%AA%D9%85-%D9%88%D9%86%D8%AA%D9%88%D8%B1%DB%8C-%D8%A2%D8%A8%D8%A7%D8%AF%DB%8C%D8%B3.jpeg,sitemap_image,.jpeg,post-sitemap.xml,yes,FACT: referenced in Yoast sitemap image/loc entries,no
https://abadis-med.com/wp-content/uploads/2024/01/%D8%A8%D8%B1%D8%B1%D8%B3%DB%8C-%D8%B9%D9%84%D9%84-%D8%A7%DB%8C%D8%AC%D8%A7%D8%AF-%D9%BE%D8%B1%DB%8C%D8%AA%D9%88%D9%86%DB%8C%D8%AA-%D8%AF%D8%B1-%D8%A8%D8%AE%D8%B4-%D8%AF%DB%8C%D8%A7%D9%84%DB%8C%D8%B2-%D8%B5%D9%81%D8%A7%D9%82%DB%8C-%D9%85%D8%B1%DA%A9%D8%B2-%D8%A2%D9%85%D9%88%D8%B2%D8%B4%DB%8C-%D8%AF%D8%B1%D9%85%D8%A7%D9%86%DB%8C-%D8%A7%D9%84%D8%B2%D9%87%D8%B1%D8%A7-%D8%B3-%D8%AA%D8%A7%D8%A8%D8%B3%D8%AA%D8%A7%D9%86-1401.jpg,sitemap_image,.jpg,post-sitemap.xml,yes,FACT: referenced in Yoast sitemap image/loc entries,no
https://abadis-med.com/wp-content/uploads/2023/01/%D8%AC%D8%AF%D9%88%D9%84-%D9%85%D9%82%D8%A7%D9%84%D9%87-%D8%A2%D8%A8%D8%A7%D8%AF%DB%8C%D8%B3-1.jpg,sitemap_image,.jpg,post-sitemap.xml,yes,FACT: referenced in Yoast sitemap image/loc entries,no
https://abadis-med.com/wp-content/uploads/2023/01/%D9%86%D9%85%D9%88%D8%AF%D8%A7%D8%B1-%D9%85%D9%82%D8%A7%D9%84%D9%87-%D8%A2%D8%A8%D8%A7%D8%AF%DB%8C%D8%B3.jpg,sitemap_image,.jpg,post-sitemap.xml,yes,FACT: referenced in Yoast sitemap image/loc entries,no
https://abadis-med.com/wp-content/uploads/2024/01/%D9%85%D9%82%D8%A7%DB%8C%D8%B3%D9%87-%DB%8C-%D9%86%D8%A7%D9%86%D9%88-%D9%88%D8%A7%DA%A9%D8%B3%D9%86-%D9%87%D8%A7-%D9%88-%D9%88%D8%A7%DA%A9%D8%B3%D9%86-%D9%87%D8%A7%DB%8C-%D8%A8%D8%B1-%D9%BE%D8%A7%DB%8C%D9%87-%DB%8C-mRNA-%D8%AF%D8%B1-%D9%BE%DB%8C%D8%B4-%DA%AF%DB%8C%D8%B1%DB%8C-%D9%88-%DA%A9%D9%86%D8%AA%D8%B1%D9%84-%D9%85%D9%82%D8%A7%D9%88%D9%85%D8%AA-%D9%85%DB%8C%DA%A9%D8%B1%D9%88%D8%A8%DB%8C.jpg,sitemap_image,.jpg,post-sitemap.xml,yes,FACT: referenced in Yoast sitemap image/loc entries,no
https://abadis-med.com/wp-content/uploads/2023/01/%D8%A8%D8%B1%D8%B1%D8%B3%DB%8C-%D8%A2%D9%84%D9%88%D8%AF%DA%AF%DB%8C-%D9%87%D8%A7%DB%8C%D9%82%D8%A7%D8%B1%DA%86-%D8%B3%D9%8A%D8%A7%D9%87-%D8%AF%D8%B1-%D9%87%D9%88%D8%A7%DB%8C-%D8%A8%D8%AE%D8%B4-%D9%87%D8%A7%DB%8C-%D8%A8%D8%B3%D8%AA%D8%B1%DB%8C-%D8%A8%D9%8A%D9%85%D8%A7%D8%B1%D8%A7%D9%86-%D9%85%D8%A8%D8%AA%D9%84%D8%A7-%D8%A8%D9%87-%D9%83%D8%B1%D9%88%D9%86%D8%A7.jpg,sitemap_image,.jpg,post-sitemap.xml,yes,FACT: referenced in Yoast sitemap image/loc entries,no
https://abadis-med.com/wp-content/uploads/2023/01/%D8%AC%D8%AF%D9%88%D9%84-%DB%B1-%D9%85%D9%82%D8%A7%D9%84%D9%87-%D8%A2%D8%A8%D8%A7%D8%AF%DB%8C%D8%B3-1.jpg,sitemap_image,.jpg,post-sitemap.xml,yes,FACT: referenced in Yoast sitemap image/loc entries,no
https://abadis-med.com/wp-content/uploads/2023/01/%D8%AC%D8%AF%D9%88%D9%84-%DB%B4-%D9%85%D9%82%D8%A7%D9%84%D9%87-%D8%A2%D8%A8%D8%A7%D8%AF%DB%8C%D8%B3.jpg,sitemap_image,.jpg,post-sitemap.xml,yes,FACT: referenced in Yoast sitemap image/loc entries,no
https://abadis-med.com/wp-content/uploads/2023/01/%D8%AC%D8%AF%D9%88%D9%84-%DB%B2-%D9%85%D9%82%D8%A7%D9%84%D9%87-%D8%A2%D8%A8%D8%A7%D8%AF%DB%8C%D8%B3.jpg,sitemap_image,.jpg,post-sitemap.xml,yes,FACT: referenced in Yoast sitemap image/loc entries,no
https://abadis-med.com/wp-content/uploads/2023/01/%D8%AC%D8%AF%D9%88%D9%84-%DB%B3-%D9%85%D9%82%D8%A7%D9%84%D9%87-%D8%A2%D8%A8%D8%A7%D8%AF%DB%8C%D8%B3-1.jpg,sitemap_image,.jpg,post-sitemap.xml,yes,FACT: referenced in Yoast sitemap image/loc entries,no
https://abadis-med.com/wp-content/uploads/2024/01/%D9%86%D8%B8%D8%A7%D9%85-%D9%85%D8%B1%D8%A7%D9%82%D8%A8%D8%AA-%D8%B9%D9%81%D9%88%D9%86%D8%AA-%D9%87%D8%A7%DB%8C-%D8%A8%DB%8C%D9%85%D8%A7%D8%B1%D8%B3%D8%AA%D8%A7%D9%86%DB%8C-%D9%88-%D9%BE%DB%8C%D8%B4%DA%AF%DB%8C%D8%B1%DB%8C-%D9%88-%DA%A9%D9%86%D8%AA%D8%B1%D9%84-%D8%B9%D9%81%D9%88%D9%86%D8%AA-%D9%87%D8%A7%DB%8C-%D9%86%D8%A7%D8%B4%DB%8C-%D8%A7%D8%B2-%D8%A7%D8%B1%D8%A7%DB%8C%D9%87-%D8%AE%D8%AF%D9%85%D8%A7%D8%AA-%D8%B3%D9%84%D8%A7%D9%85%D8%AA.jpg,sitemap_image,.jpg,post-sitemap.xml,yes,FACT: referenced in Yoast sitemap image/loc entries,no
https://abadis-med.com/wp-content/uploads/2023/01/%D8%AC%D8%AF%D9%88%D9%84-%D9%85%D9%82%D8%A7%D9%84%D9%87-%D9%86%D8%B8%D8%A7%D9%85-%D9%85%D8%B1%D8%A7%D9%82%D8%A8%D8%AA%DB%B1-%D8%A2%D8%A8%D8%A7%D8%AF%DB%8C%D8%B3.jpg,sitemap_image,.jpg,post-sitemap.xml,yes,FACT: referenced in Yoast sitemap image/loc entries,no
https://abadis-med.com/wp-content/uploads/2023/01/%D8%AC%D8%AF%D9%88%D9%84-%D9%85%D9%82%D8%A7%D9%84%D9%87-%D9%86%D8%B8%D8%A7%D9%85-%D9%85%D8%B1%D8%A7%D9%82%D8%A8%D8%AA%DB%B2-%D8%A2%D8%A8%D8%A7%D8%AF%DB%8C%D8%B3.jpg,sitemap_image,.jpg,post-sitemap.xml,yes,FACT: referenced in Yoast sitemap image/loc entries,no
https://abadis-med.com/wp-content/uploads/2023/01/%D8%AC%D8%AF%D9%88%D9%84-%D9%85%D9%82%D8%A7%D9%84%D9%87-%D9%86%D8%B8%D8%A7%D9%85-%D9%85%D8%B1%D8%A7%D9%82%D8%A8%D8%AA%DB%B3-%D8%A2%D8%A8%D8%A7%D8%AF%DB%8C%D8%B3.jpg,sitemap_image,.jpg,post-sitemap.xml,yes,FACT: referenced in Yoast sitemap image/loc entries,no
https://abadis-med.com/wp-content/uploads/2023/01/%D8%AC%D8%AF%D9%88%D9%84-%D9%85%D9%82%D8%A7%D9%84%D9%87-%D9%86%D8%B8%D8%A7%D9%85-%D9%85%D8%B1%D8%A7%D9%82%D8%A8%D8%AA%DB%B4-%D8%A2%D8%A8%D8%A7%D8%AF%DB%8C%D8%B3.jpg,sitemap_image,.jpg,post-sitemap.xml,yes,FACT: referenced in Yoast sitemap image/loc entries,no
https://abadis-med.com/wp-content/uploads/2023/01/%D8%AC%D8%AF%D9%88%D9%84-%D9%85%D9%82%D8%A7%D9%84%D9%87-%D9%86%D8%B8%D8%A7%D9%85-%D9%85%D8%B1%D8%A7%D9%82%D8%A8%D8%AA%DB%B5-%D8%A2%D8%A8%D8%A7%D8%AF%DB%8C%D8%B3.jpg,sitemap_image,.jpg,post-sitemap.xml,yes,FACT: referenced in Yoast sitemap image/loc entries,no
https://abadis-med.com/wp-content/uploads/2023/01/%D8%AC%D8%AF%D9%88%D9%84-%D9%85%D9%82%D8%A7%D9%84%D9%87-%D9%86%D8%B8%D8%A7%D9%85-%D9%85%D8%B1%D8%A7%D9%82%D8%A8%D8%AA%DB%B6-%D8%A2%D8%A8%D8%A7%D8%AF%DB%8C%D8%B3.jpg,sitemap_image,.jpg,post-sitemap.xml,yes,FACT: referenced in Yoast sitemap image/loc entries,no
https://abadis-med.com/wp-content/uploads/2023/01/%D8%AC%D8%AF%D9%88%D9%84-%D9%85%D9%82%D8%A7%D9%84%D9%87-%D9%86%D8%B8%D8%A7%D9%85-%D9%85%D8%B1%D8%A7%D9%82%D8%A8%D8%AA%DB%B7-%D8%A2%D8%A8%D8%A7%D8%AF%DB%8C%D8%B3.jpg,sitemap_image,.jpg,post-sitemap.xml,yes,FACT: referenced in Yoast sitemap image/loc entries,no
https://abadis-med.com/wp-content/uploads/2023/01/%D8%AC%D8%AF%D9%88%D9%84-%D9%85%D9%82%D8%A7%D9%84%D9%87-%D9%86%D8%B8%D8%A7%D9%85-%D9%85%D8%B1%D8%A7%D9%82%D8%A8%D8%AA%DB%B8-%D8%A2%D8%A8%D8%A7%D8%AF%DB%8C%D8%B3.jpg,sitemap_image,.jpg,post-sitemap.xml,yes,FACT: referenced in Yoast sitemap image/loc entries,no
https://abadis-med.com/wp-content/uploads/2024/01/%D8%AF%D8%B3%D8%AA%D9%88%D8%B1%D8%A7%D9%84%D8%B9%D9%85%D9%84-%D8%A7%D8%AC%D8%B1%D8%A7%DB%8C%DB%8C-%D9%86%D8%AD%D9%88%D9%87-%D8%B6%D8%AF%D8%B9%D9%81%D9%88%D9%86%DB%8C-%D8%A7%D8%A8%D8%B2%D8%A7%D8%B1-%D9%88-%D8%AA%D8%AC%D9%87%D9%8A%D8%B2%D8%A7%D8%AA-%D9%BE%D8%B2%D8%B4%D9%83%DB%8C.jpg,sitemap_image,.jpg,post-sitemap.xml,yes,FACT: referenced in Yoast sitemap image/loc entries,no
https://abadis-med.com/wp-content/uploads/2023/01/%D8%AC%D8%AF%D9%88%D9%84-%DB%B1-%D9%85%D9%82%D8%A7%D9%84%D9%87-%D8%AF%D8%B3%D8%AA%D9%88%D8%B1%D8%A7%D9%84%D8%B9%D9%85%D9%84-%D8%A7%D8%AC%D8%B1%D8%A7%DB%8C%DB%8C-%D8%A2%D8%A8%D8%A7%D8%AF%DB%8C%D8%B3.jpg,sitemap_image,.jpg,post-sitemap.xml,yes,FACT: referenced in Yoast sitemap image/loc entries,no
https://abadis-med.com/wp-content/uploads/2023/01/%D8%AC%D8%AF%D9%88%D9%84-%DB%B2-%D8%AF%D8%B3%D8%AA%D9%88%D8%B1%D8%A7%D9%84%D8%B9%D9%85%D9%84-%D8%A7%D8%AC%D8%B1%D8%A7%DB%8C%DB%8C-%D8%A2%D8%A8%D8%A7%D8%AF%DB%8C%D8%B3.jpg,sitemap_image,.jpg,post-sitemap.xml,yes,FACT: referenced in Yoast sitemap image/loc entries,no
https://abadis-med.com/wp-content/uploads/2023/01/%D8%AC%D8%AF%D9%88%D9%84-%DB%B3-%D8%AF%D8%B3%D8%AA%D9%88%D8%B1%D8%A7%D9%84%D8%B9%D9%85%D9%84-%D8%A7%D8%AC%D8%B1%D8%A7%DB%8C%DB%8C-%D8%A2%D8%A8%D8%A7%D8%AF%DB%8C%D8%B3.jpg,sitemap_image,.jpg,post-sitemap.xml,yes,FACT: referenced in Yoast sitemap image/loc entries,no
https://abadis-med.com/wp-content/uploads/2024/02/%D9%BE%D8%B1%D9%88%D8%AA%DA%A9%D9%84-%D8%AC%D8%A7%D9%85%D8%B9-%D9%81%D8%B1%D8%A2%DB%8C%D9%86%D8%AF-%D8%B6%D8%AF-%D8%B9%D9%81%D9%88%D9%86%DB%8C-%D8%A8%D8%A7-%D9%86%D9%88%D8%B1-%D9%81%D8%B1%D8%A7%D8%A8%D9%86%D9%81%D8%B4-UVC.jpg,sitemap_image,.jpg,post-sitemap.xml,yes,FACT: referenced in Yoast sitemap image/loc entries,no
https://abadis-med.com/wp-content/uploads/2024/02/2-4.jpg,sitemap_image,.jpg,post-sitemap.xml,yes,FACT: referenced in Yoast sitemap image/loc entries,no
https://abadis-med.com/wp-content/uploads/2024/02/2-5.jpg,sitemap_image,.jpg,post-sitemap.xml,yes,FACT: referenced in Yoast sitemap image/loc entries,no
https://abadis-med.com/wp-content/uploads/2023/12/%D9%81%D8%B1%D9%85%D9%88%D9%84-%DB%B1-%D8%A2%D8%A8%D8%A7%D8%AF%DB%8C%D8%B3.jpg,sitemap_image,.jpg,post-sitemap.xml,yes,FACT: referenced in Yoast sitemap image/loc entries,no
https://abadis-med.com/wp-content/uploads/2023/12/%D9%81%D8%B1%D9%85%D9%88%D9%84-%DB%B2-%D8%A2%D8%A8%D8%A7%D8%AF%DB%8C%D8%B3.jpg,sitemap_image,.jpg,post-sitemap.xml,yes,FACT: referenced in Yoast sitemap image/loc entries,no
https://abadis-med.com/wp-content/uploads/2024/05/%D8%A7%D9%84%DA%AF%D9%88%DB%8C-%D9%85%D9%82%D8%A7%D9%88%D9%85%D8%AA-%D8%A2%D9%86%D8%AA%DB%8C-%D8%A8%DB%8C%D9%88%D8%AA%DB%8C%DA%A9%DB%8C-%D8%A8%D8%A7%DA%A9%D8%AA%D8%B1%DB%8C-%D9%87%D8%A7%DB%8C-%D8%AC%D8%AF%D8%A7%D8%B4%D8%AF%D9%87-%D8%A7%D8%B2-%D8%B9%D9%81%D9%88%D9%86%D8%AA-%D8%A2%D8%A8%D8%A7%D8%AF%DB%8C%D8%B3.jpg,sitemap_image,.jpg,post-sitemap.xml,yes,FACT: referenced in Yoast sitemap image/loc entries,no
https://abadis-med.com/wp-content/uploads/2023/12/%D9%86%D9%85%D9%88%D8%AF%D8%A7%D8%B1-%D9%85%D9%82%D8%A7%D9%84%D9%87-%D8%A2%D8%A8%D8%A7%D8%AF%DB%8C%D8%B3.jpg,sitemap_image,.jpg,post-sitemap.xml,yes,FACT: referenced in Yoast sitemap image/loc entries,no
https://abadis-med.com/wp-content/uploads/2023/12/%D9%86%D9%85%D9%88%D8%AF%D8%A7%D8%B1-%D9%85%D9%82%D8%A7%D9%84%D9%87-2-%D8%A2%D8%A8%D8%A7%D8%AF%DB%8C%D8%B3.jpg,sitemap_image,.jpg,post-sitemap.xml,yes,FACT: referenced in Yoast sitemap image/loc entries,no
https://abadis-med.com/wp-content/uploads/2023/12/%D9%86%D9%85%D9%88%D8%AF%D8%A7%D8%B1-%D9%85%D9%82%D8%A7%D9%84%D9%87-3-%D8%A2%D8%A8%D8%A7%D8%AF%DB%8C%D8%B3.jpg,sitemap_image,.jpg,post-sitemap.xml,yes,FACT: referenced in Yoast sitemap image/loc entries,no
https://abadis-med.com/wp-content/uploads/2024/07/%D8%A8%D8%B1%D8%B1%D8%B3%DB%8C-%D9%81%D8%B1%D8%A7%D9%88%D8%A7%D9%86%DB%8C-%D9%BE%D9%86%D9%88%D9%85%D9%88%D9%86%DB%8C-%D9%86%D8%A7%D8%B4%DB%8C-%D8%A7%D8%B2-%D9%88%D9%86%D8%AA%DB%8C%D9%84%D8%A7%D8%AA%D9%88%D8%B1-%D8%AF%D8%B1-ICU-%D9%85%D8%B1%DA%A9%D8%B2-%D8%A2%D9%85%D9%88%D8%B2%D8%B4%DB%8C-%D8%AF%D8%B1%D9%85%D8%A7%D9%86%DB%8C-%D8%B4%D9%87%DB%8C%D8%AF-%D8%A8%D8%A7%D9%87%D9%86%D8%B1-%DA%A9%D8%B1%D9%85%D8%A7%D9%86-%D8%A2%D8%A8%D8%A7%D8%AF%DB%8C%D8%B3.jpg,sitemap_image,.jpg,post-sitemap.xml,yes,FACT: referenced in Yoast sitemap image/loc entries,no
https://abadis-med.com/wp-content/uploads/2024/07/%D8%AC%D8%AF%D9%88%D9%84-%D9%85%D9%82%D8%A7%D9%84%D9%87-%D9%81%D8%B1%D8%A7%D9%88%D8%A7%D9%86%DB%8C-%D9%BE%D9%86%D9%88%D9%85%D9%88%D9%86%DB%8C-%D8%A2%D8%A8%D8%A7%D8%AF%DB%8C%D8%B3.jpg,sitemap_image,.jpg,post-sitemap.xml,yes,FACT: referenced in Yoast sitemap image/loc entries,no
https://abadis-med.com/wp-content/uploads/2024/07/%D9%86%D9%85%D9%88%D8%AF%D8%A7%D8%B1-%D9%85%D9%82%D8%A7%D9%84%D9%87-%D8%A8%D8%B1%D8%B1%D8%B3%DB%8C-%D9%BE%D9%86%D9%88%D9%85%D9%88%D9%86%DB%8C-%D8%A2%D8%A8%D8%A7%D8%AF%DB%8C%D8%B3.jpg,sitemap_image,.jpg,post-sitemap.xml,yes,FACT: referenced in Yoast sitemap image/loc entries,no
https://abadis-med.com/wp-content/uploads/2024/07/%D8%AC%D8%AF%D9%88%D9%84-%DB%B2-%D9%85%D9%82%D8%A7%D9%84%D9%87-%DA%A9%D9%86%DA%AF%D8%B1%D9%87-%D8%A2%D8%A8%D8%A7%D8%AF%DB%8C%D8%B3.jpg,sitemap_image,.jpg,post-sitemap.xml,yes,FACT: referenced in Yoast sitemap image/loc entries,no
https://abadis-med.com/wp-content/uploads/2024/07/%D9%85%DB%8C%D8%B2%D8%A7%D9%86-%D8%AF%D8%A7%D9%86%D8%B4-%D9%85%D8%B1%D8%A7%D9%82%D8%A8%D8%AA-%D8%A8%D8%B3%D8%AA%D9%87-%D8%A7%DB%8C-%D8%AF%D8%B1-%D9%BE%DB%8C%D8%B4%DA%AF%DB%8C%D8%B1%DB%8C-%D9%88-%DA%A9%D9%86%D8%AA%D8%B1%D9%84-%D9%BE%D9%86%D9%88%D9%85%D9%88%D9%86%DB%8C-%D9%86%D8%A7%D8%B4%DB%8C-%D8%A7%D8%B2-%D9%88%D9%86%D8%AA%DB%8C%D9%84%D8%A7%D8%AA%D9%88%D8%B1-%D9%BE%D8%B1%D8%B3%D8%AA%D8%A7%D8%B1%D8%A7%D9%86-%D8%B4%D8%A7%D8%BA%D9%84-%D8%AF%D8%B1-%D8%AF%D8%A7%D9%86%D8%B4%DA%AF%D8%A7%D9%87-%D8%B9%D9%84%D9%88%D9%85-%D9%BE%D8%B2%D8%B4%DA%A9%DB%8C-%DA%AF%DB%8C%D9%84%D8%A7%D9%86-%D8%A2%D8%A8%D8%A7%D8%AF%DB%8C%D8%B3.jpg,sitemap_image,.jpg,post-sitemap.xml,yes,FACT: referenced in Yoast sitemap image/loc entries,no
https://abadis-med.com/wp-content/uploads/2024/07/%D9%85%D8%AF%DB%8C%D8%B1%DB%8C%D8%AA-%D9%BE%D8%B3%D9%85%D8%A7%D9%86%D8%AF-%D9%87%D8%A7%DB%8C-%D8%B9%D9%81%D9%88%D9%86%DB%8C-%D8%A8%DB%8C%D9%85%D8%A7%D8%B1%D8%B3%D8%AA%D8%A7%D9%86-%D8%A2%D8%A8%D8%A7%D8%AF%DB%8C%D8%B3.jpg,sitemap_image,.jpg,post-sitemap.xml,yes,FACT: referenced in Yoast sitemap image/loc entries,no
https://abadis-med.com/wp-content/uploads/2024/07/%D8%B7%D8%B1%D8%A7%D8%AD%DB%8C-%D9%88-%D8%A7%D8%AC%D8%B1%D8%A7%DB%8C-%D8%AF%D8%B3%D8%AA%D9%88%D8%B1%D8%A7%D9%84%D8%B9%D9%85%D9%84-%D9%85%D8%AF%DB%8C%D8%B1%DB%8C%D8%AA-%D9%85%D8%B5%D8%B1%D9%81-%D9%88%D9%86%DA%A9%D9%88%D9%85%D8%A7%DB%8C%D8%B3%DB%8C%D9%86-%D8%AF%D8%B1-%D8%A8%D8%AE%D8%B4-%D8%A7%D8%B1%D8%AA%D9%88%D9%BE%D8%AF%DB%8C-%D8%A2%D8%A8%D8%A7%D8%AF%DB%8C%D8%B3.jpg,sitemap_image,.jpg,post-sitemap.xml,yes,FACT: referenced in Yoast sitemap image/loc entries,no
https://abadis-med.com/wp-content/uploads/2024/07/%DA%A9%D9%84%D8%A7%D8%B3-%D8%AE%D8%B7%D8%B1-%D8%AA%D8%AC%D9%87%DB%8C%D8%B2%D8%A7%D8%AA-%D9%BE%D8%B2%D8%B4%DA%A9%DB%8C-%DA%86%DB%8C%D8%B3%D8%AA-%D8%9F.jpg,sitemap_image,.jpg,post-sitemap.xml,yes,FACT: referenced in Yoast sitemap image/loc entries,no
https://abadis-med.com/wp-content/uploads/2024/07/%DA%A9%D9%84%D8%A7%D8%B3-%D8%AE%D8%B7%D8%B1-%D8%AA%D8%AC%D9%87%DB%8C%D8%B2%D8%A7%D8%AA-%D9%BE%D8%B2%D8%B4%DA%A9%DB%8C-%D8%A2%D8%A8%D8%A7%D8%AF%DB%8C%D8%B3.jpg,sitemap_image,.jpg,post-sitemap.xml,yes,FACT: referenced in Yoast sitemap image/loc entries,no
https://abadis-med.com/wp-content/uploads/2018/08/%DA%AF%D8%B2%D8%A7%D8%B1%D8%B4-%DA%A9%D9%86%DA%AF%D8%B1%D9%87-%DA%A9%D9%86%D8%AA%D8%B1%D9%84-%D8%B9%D9%81%D9%88%D9%86%D8%AA-1397-%D8%A2%D8%A8%D8%A7%D8%AF%DB%8C%D8%B3.jpg,sitemap_image,.jpg,post-sitemap.xml,yes,FACT: referenced in Yoast sitemap image/loc entries,no
https://abadis-med.com/wp-content/uploads/2024/05/%D8%BA%D8%B1%D9%81%D9%87-%D8%A2%D8%A8%D8%A7%D8%AF%DB%8C%D8%B3-%DA%A9%D9%86%DA%AF%D8%B1%D9%87-%DA%A9%D9%86%D8%AA%D8%B1%D9%84-%D8%B9%D9%81%D9%88%D9%86%D8%AA-%DB%B9%DB%B7.jpeg,sitemap_image,.jpeg,post-sitemap.xml,yes,FACT: referenced in Yoast sitemap image/loc entries,no
https://abadis-med.com/wp-content/uploads/2019/06/%D8%B1%D9%88%D9%86%D9%85%D8%A7%DB%8C%DB%8C-%D8%A7%D8%B2-%D9%85%D8%AD%D8%B5%D9%88%D9%84-%D9%81%DB%8C%DA%A9%D8%B3%D8%B1-%D8%A2%D8%A8%D8%A7%D8%AF%DB%8C%D8%B3.jpg,sitemap_image,.jpg,post-sitemap.xml,yes,FACT: referenced in Yoast sitemap image/loc entries,no
https://abadis-med.com/wp-content/uploads/2019/06/Fixture-post-2.jpg,sitemap_image,.jpg,post-sitemap.xml,yes,FACT: referenced in Yoast sitemap image/loc entries,no
https://abadis-med.com/wp-content/uploads/2019/06/%D9%85%D8%B5%D8%A7%D8%AD%D8%A8%D9%87-%D8%A8%D8%A7-%D8%AA%DB%8C%D9%85-%D8%A2%D8%A8%D8%A7%D8%AF%DB%8C%D8%B3-%D8%AF%D8%B1-%D9%86%D9%85%D8%A7%DB%8C%D8%B4%DA%AF%D8%A7%D9%87-%D8%A7%DB%8C%D8%B1%D8%A7%D9%86-%D9%87%D9%84%D8%AB-1398.jpg,sitemap_image,.jpg,post-sitemap.xml,yes,FACT: referenced in Yoast sitemap image/loc entries,no
https://abadis-med.com/wp-content/uploads/2019/06/%D9%85%D8%B5%D8%A7%D8%AD%D8%A8%D9%87-%D8%A2%D8%A8%D8%A7%D8%AF%DB%8C%D8%B3-%D8%A8%D8%A7-%D8%B1%D8%A7%D8%AF%DB%8C%D9%88-%D8%A7%DB%8C%D8%B1%D8%A7%D9%86-%D8%AF%D8%B1-%D8%A7%DB%8C%D8%B1%D8%A7%D9%86-%D9%87%D9%84%D8%AB-1398.jpg,sitemap_image,.jpg,post-sitemap.xml,yes,FACT: referenced in Yoast sitemap image/loc entries,no
https://abadis-med.com/wp-content/uploads/2019/07/%D9%85%D8%B5%D8%A7%D8%AD%D8%A8%D9%87-%D9%85%D8%A7%D9%87%D9%86%D8%A7%D9%85%D9%87-%D9%85%D9%87%D9%86%D8%AF%D8%B3%DB%8C-%D9%BE%D8%B2%D8%B4%DA%A9%DB%8C-%D8%A8%D8%A7-%D9%85%D8%B4%D8%A7%D9%88%D8%B1-%D8%A7%D8%B3%D8%AA%D8%B1%D8%A7%D8%AA%DA%98%DB%8C%DA%A9-%D8%A2%D8%A8%D8%A7%D8%AF%DB%8C%D8%B3.jpg,sitemap_image,.jpg,post-sitemap.xml,yes,FACT: referenced in Yoast sitemap image/loc entries,no
https://abadis-med.com/wp-content/uploads/2019/07/Photo-432.jpg,sitemap_image,.jpg,post-sitemap.xml,yes,FACT: referenced in Yoast sitemap image/loc entries,no
https://abadis-med.com/wp-content/uploads/2020/01/%D8%AD%D8%B6%D9%88%D8%B1-%D8%A2%D8%A8%D8%A7%D8%AF%DB%8C%D8%B3-%D8%AF%D8%B1-%DA%86%D9%87%D8%A7%D8%B1%D8%AF%D9%87%D9%85%DB%8C%D9%86-%D9%86%D9%85%D8%A7%DB%8C%D8%B4%DA%AF%D8%A7%D9%87-%D8%AA%D8%AC%D9%87%DB%8C%D8%B2%D8%A7%D8%AA-%D9%BE%D8%B2%D8%B4%DA%A9%DB%8C-%D8%A7%D8%B5%D9%81%D9%87%D8%A7%D9%86.jpg,sitemap_image,.jpg,post-sitemap.xml,yes,FACT: referenced in Yoast sitemap image/loc entries,no
https://abadis-med.com/wp-content/uploads/2023/07/1-1.jpg,sitemap_image,.jpg,post-sitemap.xml,yes,FACT: referenced in Yoast sitemap image/loc entries,no
https://abadis-med.com/wp-content/uploads/2021/09/%D8%A7%D8%AE%D8%B0-%DA%AF%D9%88%D8%A7%D9%87%DB%8C-CE-%D8%A7%D8%AA%D8%AD%D8%A7%D8%AF%DB%8C%D9%87-%D8%A7%D8%B1%D9%88%D9%BE%D8%A7-%D8%AA%D9%88%D8%B3%D8%B7-%D8%A2%D8%A8%D8%A7%D8%AF%DB%8C%D8%B3.jpg,sitemap_image,.jpg,post-sitemap.xml,yes,FACT: referenced in Yoast sitemap image/loc entries,no
https://abadis-med.com/wp-content/uploads/2021/09/CE-1.jpg,sitemap_image,.jpg,post-sitemap.xml,yes,FACT: referenced in Yoast sitemap image/loc entries,no
https://abadis-med.com/wp-content/uploads/2021/11/%D8%B1%D9%88%D9%86%D9%85%D8%A7%DB%8C%DB%8C-%D8%A7%D8%B2-%D9%85%D8%AD%D8%B5%D9%88%D9%84%D8%A7%D8%AA-%D8%AC%D8%AF%DB%8C%D8%AF-%D8%A2%D8%A8%D8%A7%D8%AF%DB%8C%D8%B3-%D8%AF%D8%B1-%D8%AD%D9%88%D8%B2%D9%87-%D9%81%DB%8C%D9%84%D8%AA%D8%B1%D8%A7%D8%B3%DB%8C%D9%88%D9%86.jpg,sitemap_image,.jpg,post-sitemap.xml,yes,FACT: referenced in Yoast sitemap image/loc entries,no
https://abadis-med.com/wp-content/uploads/2021/11/%D9%BE%D8%B3%D8%AA-%D8%B1%D9%88%D9%86%D9%85%D8%A7%DB%8C%DB%8C-1.jpg,sitemap_image,.jpg,post-sitemap.xml,yes,FACT: referenced in Yoast sitemap image/loc entries,no
https://abadis-med.com/wp-content/uploads/2021/12/%D8%B1%D9%88%D8%B2-%D9%BE%D8%B1%D8%B3%D8%AA%D8%A7%D8%B1-%D8%B3%D8%A7%D9%84-1400-%D8%AF%D8%B1-%D8%A2%D8%A8%D8%A7%D8%AF%DB%8C%D8%B3.jpg,sitemap_image,.jpg,post-sitemap.xml,yes,FACT: referenced in Yoast sitemap image/loc entries,no
https://abadis-med.com/wp-content/uploads/2021/12/%D8%A7%D8%B3%D8%A7%D9%85%DB%8C-%D8%A8%D8%B1%D9%86%D8%AF%DA%AF%D8%A7%D9%86-%D8%B1%D9%88%D8%B2-%D9%BE%D8%B1%D8%B3%D8%AA%D8%A7%D8%B1.jpg,sitemap_image,.jpg,post-sitemap.xml,yes,FACT: referenced in Yoast sitemap image/loc entries,no
https://abadis-med.com/wp-content/uploads/2022/03/%D9%85%D8%B5%D8%A7%D8%AD%D8%A8%D9%87-%D9%85%D8%AF%DB%8C%D8%B1%D8%A7%D9%86-%D9%85%D8%AE%D8%A7%D8%B2%D9%86-%D8%B7%D8%A8%DB%8C-%D8%A2%D8%A8%D8%A7%D8%AF%DB%8C%D8%B3-%D8%A8%D8%A7-%D9%85%D8%AF%DB%8C%D8%B1%D9%86%D8%B3.jpg,sitemap_image,.jpg,post-sitemap.xml,yes,FACT: referenced in Yoast sitemap image/loc entries,no
https://abadis-med.com/wp-content/uploads/2022/03/%D9%85%D8%B5%D8%A7%D8%AD%D8%A8%D9%87-%D8%A8%D8%A7-%D9%85%D8%AF%DB%8C%D8%B1%D9%86%D8%B3.jpeg,sitemap_image,.jpeg,post-sitemap.xml,yes,FACT: referenced in Yoast sitemap image/loc entries,no
https://abadis-med.com/wp-content/uploads/2022/05/%D9%85%D8%B5%D8%A7%D8%AD%D8%A8%D9%87-%D9%85%D8%AF%DB%8C%D8%B1%D8%A7%D9%86-%D8%A2%D8%A8%D8%A7%D8%AF%DB%8C%D8%B3-%D8%A8%D8%A7-%D8%AE%D8%A8%D8%B1%DA%AF%D8%B2%D8%A7%D8%B1%DB%8C-%D9%81%D8%A7%D8%B1%D8%B3.jpg,sitemap_image,.jpg,post-sitemap.xml,yes,FACT: referenced in Yoast sitemap image/loc entries,no
https://abadis-med.com/wp-content/uploads/2022/05/%D9%86%D9%88%DB%8C%D8%AF-%D8%AD%D8%B3%D9%86%D8%B9%D9%84%DB%8C-scaled-1.jpg,sitemap_image,.jpg,post-sitemap.xml,yes,FACT: referenced in Yoast sitemap image/loc entries,no
https://abadis-med.com/wp-content/uploads/2022/05/%D8%B9%D9%84%DB%8C%D8%B1%D8%B6%D8%A7-%D8%AD%D8%B3%D9%86%D8%B9%D9%84%DB%8C.jpg,sitemap_image,.jpg,post-sitemap.xml,yes,FACT: referenced in Yoast sitemap image/loc entries,no
https://abadis-med.com/wp-content/uploads/2022/06/%D9%85%D8%B5%D8%A7%D8%AD%D8%A8%D9%87-%D9%85%D8%AF%DB%8C%D8%B1%D8%A7%D9%86-%D8%A2%D8%A8%D8%A7%D8%AF%DB%8C%D8%B3-%D8%A8%D8%A7-%D8%AE%D8%A8%D8%B1%DA%AF%D8%B2%D8%A7%D8%B1%DB%8C-%D8%A7%D8%AE%D8%A8%D8%A7%D8%B1-%D8%B1%D8%B3%D9%85%DB%8C.jpg,sitemap_image,.jpg,post-sitemap.xml,yes,FACT: referenced in Yoast sitemap image/loc entries,no
https://abadis-med.com/wp-content/uploads/2022/06/%DA%AF%D8%B2%D8%A7%D8%B1%D8%B4-%D8%A8%DB%8C%D8%B3%D8%AA-%D9%88-%D8%B3%D9%88%D9%85%DB%8C%D9%86-%D9%86%D9%85%D8%A7%DB%8C%D8%B4%DA%AF%D8%A7%D9%87-%D8%A8%DB%8C%D9%86-%D8%A7%D9%84%D9%85%D9%84%D9%84%DB%8C-%D8%A7%DB%8C%D8%B1%D8%A7%D9%86-%D9%87%D9%84%D8%AB.jpg,sitemap_image,.jpg,post-sitemap.xml,yes,FACT: referenced in Yoast sitemap image/loc entries,no
https://abadis-med.com/wp-content/uploads/2022/06/11-1.jpg,sitemap_image,.jpg,post-sitemap.xml,yes,FACT: referenced in Yoast sitemap image/loc entries,no
https://abadis-med.com/wp-content/uploads/2022/06/12-1.jpg,sitemap_image,.jpg,post-sitemap.xml,yes,FACT: referenced in Yoast sitemap image/loc entries,no
https://abadis-med.com/wp-content/uploads/2022/06/13-1.jpg,sitemap_image,.jpg,post-sitemap.xml,yes,FACT: referenced in Yoast sitemap image/loc entries,no
https://abadis-med.com/wp-content/uploads/2022/06/15-1.jpg,sitemap_image,.jpg,post-sitemap.xml,yes,FACT: referenced in Yoast sitemap image/loc entries,no
https://abadis-med.com/wp-content/uploads/2022/06/17.png,sitemap_image,.png,post-sitemap.xml,yes,FACT: referenced in Yoast sitemap image/loc entries,no
https://abadis-med.com/wp-content/uploads/2022/06/18.png,sitemap_image,.png,post-sitemap.xml,yes,FACT: referenced in Yoast sitemap image/loc entries,no
https://abadis-med.com/wp-content/uploads/2022/06/19-2.jpg,sitemap_image,.jpg,post-sitemap.xml,yes,FACT: referenced in Yoast sitemap image/loc entries,no
https://abadis-med.com/wp-content/uploads/2022/06/20-1.jpg,sitemap_image,.jpg,post-sitemap.xml,yes,FACT: referenced in Yoast sitemap image/loc entries,no
https://abadis-med.com/wp-content/uploads/2022/06/21-2-rotated-1.jpg,sitemap_image,.jpg,post-sitemap.xml,yes,FACT: referenced in Yoast sitemap image/loc entries,no
https://abadis-med.com/wp-content/uploads/2022/06/22-1.jpg,sitemap_image,.jpg,post-sitemap.xml,yes,FACT: referenced in Yoast sitemap image/loc entries,no
https://abadis-med.com/wp-content/uploads/2022/06/23-1.jpg,sitemap_image,.jpg,post-sitemap.xml,yes,FACT: referenced in Yoast sitemap image/loc entries,no
https://abadis-med.com/wp-content/uploads/2022/06/23-2.jpg,sitemap_image,.jpg,post-sitemap.xml,yes,FACT: referenced in Yoast sitemap image/loc entries,no
https://abadis-med.com/wp-content/uploads/2022/06/24-1.jpg,sitemap_image,.jpg,post-sitemap.xml,yes,FACT: referenced in Yoast sitemap image/loc entries,no
https://abadis-med.com/wp-content/uploads/2022/06/24-2.jpg,sitemap_image,.jpg,post-sitemap.xml,yes,FACT: referenced in Yoast sitemap image/loc entries,no
https://abadis-med.com/wp-content/uploads/2022/06/22-2.jpg,sitemap_image,.jpg,post-sitemap.xml,yes,FACT: referenced in Yoast sitemap image/loc entries,no
https://abadis-med.com/wp-content/uploads/2022/06/21-3.jpg,sitemap_image,.jpg,post-sitemap.xml,yes,FACT: referenced in Yoast sitemap image/loc entries,no
https://abadis-med.com/wp-content/uploads/2022/06/21-4.jpg,sitemap_image,.jpg,post-sitemap.xml,yes,FACT: referenced in Yoast sitemap image/loc entries,no
https://abadis-med.com/wp-content/uploads/2022/06/21-5.jpg,sitemap_image,.jpg,post-sitemap.xml,yes,FACT: referenced in Yoast sitemap image/loc entries,no
https://abadis-med.com/wp-content/uploads/2022/06/21-6.jpg,sitemap_image,.jpg,post-sitemap.xml,yes,FACT: referenced in Yoast sitemap image/loc entries,no
https://abadis-med.com/wp-content/uploads/2022/06/21-7.jpg,sitemap_image,.jpg,post-sitemap.xml,yes,FACT: referenced in Yoast sitemap image/loc entries,no
https://abadis-med.com/wp-content/uploads/2022/06/21-8.jpg,sitemap_image,.jpg,post-sitemap.xml,yes,FACT: referenced in Yoast sitemap image/loc entries,no
https://abadis-med.com/wp-content/uploads/2022/06/21-9.jpg,sitemap_image,.jpg,post-sitemap.xml,yes,FACT: referenced in Yoast sitemap image/loc entries,no
https://abadis-med.com/wp-content/uploads/2022/06/21-10.jpg,sitemap_image,.jpg,post-sitemap.xml,yes,FACT: referenced in Yoast sitemap image/loc entries,no
https://abadis-med.com/wp-content/uploads/2022/06/21-11.jpg,sitemap_image,.jpg,post-sitemap.xml,yes,FACT: referenced in Yoast sitemap image/loc entries,no
https://abadis-med.com/wp-content/uploads/2022/06/21-12-1.jpg,sitemap_image,.jpg,post-sitemap.xml,yes,FACT: referenced in Yoast sitemap image/loc entries,no
https://abadis-med.com/wp-content/uploads/2022/06/21-13.jpg,sitemap_image,.jpg,post-sitemap.xml,yes,FACT: referenced in Yoast sitemap image/loc entries,no
https://abadis-med.com/wp-content/uploads/2022/06/21-14.jpg,sitemap_image,.jpg,post-sitemap.xml,yes,FACT: referenced in Yoast sitemap image/loc entries,no
https://abadis-med.com/wp-content/uploads/2022/06/21-15.jpg,sitemap_image,.jpg,post-sitemap.xml,yes,FACT: referenced in Yoast sitemap image/loc entries,no
https://abadis-med.com/wp-content/uploads/2022/06/21-16.jpg,sitemap_image,.jpg,post-sitemap.xml,yes,FACT: referenced in Yoast sitemap image/loc entries,no
https://abadis-med.com/wp-content/uploads/2022/06/21-17.jpg,sitemap_image,.jpg,post-sitemap.xml,yes,FACT: referenced in Yoast sitemap image/loc entries,no
https://abadis-med.com/wp-content/uploads/2022/06/21-18.jpg,sitemap_image,.jpg,post-sitemap.xml,yes,FACT: referenced in Yoast sitemap image/loc entries,no
https://abadis-med.com/wp-content/uploads/2022/06/21-19.jpg,sitemap_image,.jpg,post-sitemap.xml,yes,FACT: referenced in Yoast sitemap image/loc entries,no
https://abadis-med.com/wp-content/uploads/2022/06/21-21.jpg,sitemap_image,.jpg,post-sitemap.xml,yes,FACT: referenced in Yoast sitemap image/loc entries,no
https://abadis-med.com/wp-content/uploads/2022/06/21-22.jpg,sitemap_image,.jpg,post-sitemap.xml,yes,FACT: referenced in Yoast sitemap image/loc entries,no
https://abadis-med.com/wp-content/uploads/2022/09/%D8%B4%D8%B1%DA%A9%D8%AA-%D9%85%D8%AE%D8%A7%D8%B2%D9%86-%D8%B7%D8%A8%DB%8C-%D8%A2%D8%A8%D8%A7%D8%AF%DB%8C%D8%B3-%D8%AF%D8%A7%D9%86%D8%B4-%D8%A8%D9%86%DB%8C%D8%A7%D9%86-%D8%B4%D8%AF.jpg,sitemap_image,.jpg,post-sitemap.xml,yes,FACT: referenced in Yoast sitemap image/loc entries,no
https://abadis-med.com/wp-content/uploads/2022/09/%D8%A2%D8%A8%D8%A7%D8%AF%DB%8C%D8%B3-%D8%AF%D8%B1-%D9%86%D9%85%D8%A7%DB%8C%D8%B4%DA%AF%D8%A7%D9%87-%D8%AA%D8%AC%D9%87%DB%8C%D8%B2%D8%A7%D8%AA-%D9%BE%D8%B2%D8%B4%DA%A9%DB%8C-%D8%AA%D8%A8%D8%B1%DB%8C%D8%B2-%D8%B3%D8%A7%D9%84-1401.jpg,sitemap_image,.jpg,post-sitemap.xml,yes,FACT: referenced in Yoast sitemap image/loc entries,no
https://abadis-med.com/wp-content/uploads/2022/09/WhatsApp-Image-2022-10-02-at-10.40.12-AM-1.jpeg,sitemap_image,.jpeg,post-sitemap.xml,yes,FACT: referenced in Yoast sitemap image/loc entries,no
https://abadis-med.com/wp-content/uploads/2022/09/WhatsApp-Image-2022-10-02-at-10.40.12-AM.jpeg,sitemap_image,.jpeg,post-sitemap.xml,yes,FACT: referenced in Yoast sitemap image/loc entries,no
https://abadis-med.com/wp-content/uploads/2024/06/%D9%85%D8%AC%D9%85%D8%B9-%D9%81%D9%88%D9%82-%D8%A7%D9%84%D8%B9%D8%A7%D8%AF%D9%87-%D8%A7%D8%AA%D8%AD%D8%A7%D8%AF%DB%8C%D9%87-%D8%AA%D9%88%D9%84%DB%8C%D8%AF%DA%A9%D9%86%D9%86%D8%AF%DA%AF%D8%A7%D9%86-%D9%88-%D8%B5%D8%A7%D8%AF%D8%B1%DA%A9%D9%86%D9%86%D8%AF%DA%AF%D8%A7%D9%86-%D8%AA%D8%AC%D9%87%DB%8C%D8%B2%D8%A7%D8%AA-%D9%BE%D8%B2%D8%B4%DA%A9%DB%8C-%D8%A7%DB%8C%D8%B1%D8%A7%D9%86.jpg,sitemap_image,.jpg,post-sitemap.xml,yes,FACT: referenced in Yoast sitemap image/loc entries,no
https://abadis-med.com/wp-content/uploads/2022/11/%D8%B1%D9%88%D9%86%D9%85%D8%A7%DB%8C%DB%8C-%D8%A2%D8%A8%D8%A7%D8%AF%DB%8C%D8%B3-%D8%A7%D8%B2-%D9%85%D8%AD%D8%B5%D9%88%D9%84-%D8%AC%D8%AF%DB%8C%D8%AF-%D8%AE%D9%88%D8%AF-%D8%AF%D8%B1-%D8%AD%D9%88%D8%B2%D9%87-%DA%A9%D9%86%D8%AA%D8%B1%D9%84-%D8%B9%D9%81%D9%88%D9%86%D8%AA-1.jpg,sitemap_image,.jpg,post-sitemap.xml,yes,FACT: referenced in Yoast sitemap image/loc entries,no
https://abadis-med.com/wp-content/uploads/2023/03/%D8%A2%D8%A8%D8%A7%D8%AF%DB%8C%D8%B3-%D8%A7%D8%AE%D8%A8%D8%A7%D8%B1-21.jpg,sitemap_image,.jpg,post-sitemap.xml,yes,FACT: referenced in Yoast sitemap image/loc entries,no
https://abadis-med.com/wp-content/uploads/2021/09/%D8%B1%D9%88%D9%86%D9%85%D8%A7%DB%8C%DB%8C-%D8%A7%D8%B2-%D9%85%D8%AD%D8%B5%D9%88%D9%84-%D8%AC%D8%AF%DB%8C%D8%AF-%D8%A2%D8%A8%D8%A7%D8%AF%DB%8C%D8%B3.jpg,sitemap_image,.jpg,post-sitemap.xml,yes,FACT: referenced in Yoast sitemap image/loc entries,no
https://abadis-med.com/wp-content/uploads/2021/09/%D8%B1%DA%AF%D9%88%D9%84%D8%A7%D8%AA%D9%88%D8%B1-%D8%A8%D8%B2%D8%B1%DA%AF%D8%B3%D8%A7%D9%84-%D9%85%D8%AF%D9%84-VR-A1-scaled-1.jpg,sitemap_image,.jpg,post-sitemap.xml,yes,FACT: referenced in Yoast sitemap image/loc entries,no
https://abadis-med.com/wp-content/uploads/2021/09/1-scaled-1.jpg,sitemap_image,.jpg,post-sitemap.xml,yes,FACT: referenced in Yoast sitemap image/loc entries,no
https://abadis-med.com/wp-content/uploads/2022/11/%D8%AD%D8%B6%D9%88%D8%B1-%D8%A2%D8%A8%D8%A7%D8%AF%DB%8C%D8%B3-%D8%AF%D8%B1-%D9%86%D9%85%D8%A7%DB%8C%D8%B4%DA%AF%D8%A7%D9%87-%D8%AA%D8%AC%D9%87%DB%8C%D8%B2%D8%A7%D8%AA-%D9%BE%D8%B2%D8%B4%DA%A9%DB%8C-%D9%85%D8%B4%D9%87%D8%AF.jpg,sitemap_image,.jpg,post-sitemap.xml,yes,FACT: referenced in Yoast sitemap image/loc entries,no
https://abadis-med.com/wp-content/uploads/2022/11/image_6487327-5-1030x578-3.jpg,sitemap_image,.jpg,post-sitemap.xml,yes,FACT: referenced in Yoast sitemap image/loc entries,no
https://abadis-med.com/wp-content/uploads/2022/11/image_6487327-3-1030x578-1.jpg,sitemap_image,.jpg,post-sitemap.xml,yes,FACT: referenced in Yoast sitemap image/loc entries,no
https://abadis-med.com/wp-content/uploads/2022/12/%D8%A2%D8%A8%D8%A7%D8%AF%DB%8C%D8%B3-%D8%AF%D8%B1-%D9%86%D9%85%D8%A7%DB%8C%D8%B4%DA%AF%D8%A7%D9%87-%D8%AA%D8%AC%D9%87%DB%8C%D8%B2%D8%A7%D8%AA-%D9%BE%D8%B2%D8%B4%DA%A9%DB%8C-%DA%AF%DB%8C%D9%84%D8%A7%D9%86-%D8%B3%D8%A7%D9%84-1401.jpg,sitemap_image,.jpg,post-sitemap.xml,yes,FACT: referenced in Yoast sitemap image/loc entries,no
https://abadis-med.com/wp-content/uploads/2022/12/1670675584572-scaled-1.jpg,sitemap_image,.jpg,post-sitemap.xml,yes,FACT: referenced in Yoast sitemap image/loc entries,no
https://abadis-med.com/wp-content/uploads/2022/12/%D9%85%D8%AD%D8%B5%D9%88%D9%84-%D8%AC%D8%AF%DB%8C%D8%AF-%D8%A2%D8%A8%D8%A7%D8%AF%DB%8C%D8%B3-%D8%AF%D8%B1-%D8%AD%D9%88%D8%B2%D9%87-%D9%81%DB%8C%D9%84%D8%AA%D8%B1%D8%A7%D8%B3%DB%8C%D9%88%D9%86.jpg,sitemap_image,.jpg,post-sitemap.xml,yes,FACT: referenced in Yoast sitemap image/loc entries,no
https://abadis-med.com/wp-content/uploads/2022/12/%D9%81%DB%8C%D9%84%D8%AA%D8%B1%D9%87%D8%A7%DB%8C-%D8%A2%D8%A8%D8%A7%D8%AF%DB%8C%D8%B3.jpg,sitemap_image,.jpg,post-sitemap.xml,yes,FACT: referenced in Yoast sitemap image/loc entries,no
https://abadis-med.com/wp-content/uploads/2022/12/%D8%B7%D8%B1%D8%A7%D8%AD%DB%8C-%D8%AC%D8%AF%DB%8C%D8%AF-%D8%A7%DA%A9%D8%B3%D8%B3%D9%88%D8%B1%DB%8C-%D9%87%D8%A7%DB%8C-%D8%A2%D8%A8%D8%A7%D8%AF%DB%8C%D8%B3-1.jpg,sitemap_image,.jpg,post-sitemap.xml,yes,FACT: referenced in Yoast sitemap image/loc entries,no
https://abadis-med.com/wp-content/uploads/2023/03/%D8%A2%D8%A8%D8%A7%D8%AF%DB%8C%D8%B3-%D8%A7%D8%AE%D8%A8%D8%A7%D8%B1-13.jpg,sitemap_image,.jpg,post-sitemap.xml,yes,FACT: referenced in Yoast sitemap image/loc entries,no
https://abadis-med.com/wp-content/uploads/2022/12/11.png,sitemap_image,.png,post-sitemap.xml,yes,FACT: referenced in Yoast sitemap image/loc entries,no
https://abadis-med.com/wp-content/uploads/2022/12/22.png,sitemap_image,.png,post-sitemap.xml,yes,FACT: referenced in Yoast sitemap image/loc entries,no
https://abadis-med.com/wp-content/uploads/2022/12/33.png,sitemap_image,.png,post-sitemap.xml,yes,FACT: referenced in Yoast sitemap image/loc entries,no
https://abadis-med.com/wp-content/uploads/2022/12/%D8%B1%D9%88%D9%86%D9%85%D8%A7%DB%8C%DB%8C-%D8%A2%D8%A8%D8%A7%D8%AF%DB%8C%D8%B3-%D8%A7%D8%B2-%DA%A9%DB%8C%D8%B3%D9%87-%D8%B3%D8%A7%DA%A9%D8%B4%D9%86-%D8%A8%D8%A7-%D9%81%DB%8C%D9%84%D8%AA%D8%B1-%D9%85%DA%A9%D8%A7%D9%86%DB%8C%DA%A9%DB%8C.jpg,sitemap_image,.jpg,post-sitemap.xml,yes,FACT: referenced in Yoast sitemap image/loc entries,no
https://abadis-med.com/wp-content/uploads/2022/12/%D9%81%DB%8C%D9%84%D8%AA%D8%B1-%D9%85%DA%A9%D8%A7%D9%86%DB%8C%DA%A9%DB%8C-%D8%A2%D8%A8%D8%A7%D8%AF%DB%8C%D8%B3-1.jpg,sitemap_image,.jpg,post-sitemap.xml,yes,FACT: referenced in Yoast sitemap image/loc entries,no
https://abadis-med.com/wp-content/uploads/2023/01/%D8%AF%D8%B9%D9%88%D8%AA-%D9%86%D8%A7%D9%85%D9%87-%D8%A2%D8%A8%D8%A7%D8%AF%DB%8C%D8%B3-%DA%A9%D9%86%DA%AF%D8%B1%D9%87-1401.jpg,sitemap_image,.jpg,post-sitemap.xml,yes,FACT: referenced in Yoast sitemap image/loc entries,no
https://abadis-med.com/wp-content/uploads/2023/01/Abadis-Posts.jpg,sitemap_image,.jpg,post-sitemap.xml,yes,FACT: referenced in Yoast sitemap image/loc entries,no
https://abadis-med.com/wp-content/uploads/2023/01/%DA%AF%D8%B2%D8%A7%D8%B1%D8%B4-%D8%AD%D8%B6%D9%88%D8%B1-%D8%A2%D8%A8%D8%A7%D8%AF%DB%8C%D8%B3-%D8%AF%D8%B1-%DA%A9%D9%86%DA%AF%D8%B1%D9%87-%DA%A9%D9%86%D8%AA%D8%B1%D9%84-%D8%B9%D9%81%D9%88%D9%86%D8%AA-1401.jpg,sitemap_image,.jpg,post-sitemap.xml,yes,FACT: referenced in Yoast sitemap image/loc entries,no
https://abadis-med.com/wp-content/uploads/2023/01/IMG_0303_0003_IMG_6297-scaled.jpg,sitemap_image,.jpg,post-sitemap.xml,yes,FACT: referenced in Yoast sitemap image/loc entries,no
https://abadis-med.com/wp-content/uploads/2023/01/012.jpg,sitemap_image,.jpg,post-sitemap.xml,yes,FACT: referenced in Yoast sitemap image/loc entries,no
https://abadis-med.com/wp-content/uploads/2023/01/IMG_0303_0000_IMG_6402-Copy-scaled.jpg,sitemap_image,.jpg,post-sitemap.xml,yes,FACT: referenced in Yoast sitemap image/loc entries,no
https://abadis-med.com/wp-content/uploads/2023/01/IMG_0303_0005_Background-scaled.jpg,sitemap_image,.jpg,post-sitemap.xml,yes,FACT: referenced in Yoast sitemap image/loc entries,no
https://abadis-med.com/wp-content/uploads/2023/01/IMG_0303_0002_IMG_6395-scaled.jpg,sitemap_image,.jpg,post-sitemap.xml,yes,FACT: referenced in Yoast sitemap image/loc entries,no
https://abadis-med.com/wp-content/uploads/2023/01/IMG_0303_0004_IMG_6259-scaled.jpg,sitemap_image,.jpg,post-sitemap.xml,yes,FACT: referenced in Yoast sitemap image/loc entries,no
https://abadis-med.com/wp-content/uploads/2023/03/%D8%A2%D8%A8%D8%A7%D8%AF%DB%8C%D8%B3-%D9%81%D8%B9%D8%A7%D9%84-%D8%AA%D8%B1%DB%8C%D9%86-%D8%B4%D8%B1%DA%A9%D8%AA-%D8%AA%D8%AC%D9%87%DB%8C%D8%B2%D8%A7%D8%AA-%D9%BE%D8%B2%D8%B4%DA%A9%DB%8C.jpg,sitemap_image,.jpg,post-sitemap.xml,yes,FACT: referenced in Yoast sitemap image/loc entries,no
https://abadis-med.com/wp-content/uploads/2023/04/1.jpg,sitemap_image,.jpg,post-sitemap.xml,yes,FACT: referenced in Yoast sitemap image/loc entries,no
https://abadis-med.com/wp-content/uploads/2023/05/%D8%A8%DB%8C%D8%A7%D9%86%DB%8C%D9%87-%D9%85%D8%AF%DB%8C%D8%B1%D8%A7%D9%86-%D8%A2%D8%A8%D8%A7%D8%AF%DB%8C%D8%B3-%D8%AF%D8%B1-%D9%85%D9%88%D8%B1%D8%AF-%D9%86%D9%85%D8%A7%DB%8C%D8%B4%DA%AF%D8%A7%D9%87-%D8%A7%DB%8C%D8%B1%D8%A7%D9%86-%D9%87%D9%84%D8%AB-1402.jpg,sitemap_image,.jpg,post-sitemap.xml,yes,FACT: referenced in Yoast sitemap image/loc entries,no
https://abadis-med.com/wp-content/uploads/2023/06/%D8%AF%DB%8C%D8%AF%D8%A7%D8%B1-%D9%85%D8%AF%DB%8C%D8%B1%D8%A7%D9%86-%D8%A2%D8%A8%D8%A7%D8%AF%DB%8C%D8%B3-%D8%A8%D8%A7-%D8%A7%D8%AA%D8%A7%D9%82-%D8%A8%D8%A7%D8%B2%D8%B1%DA%AF%D8%A7%D9%86%DB%8C-%D8%B9%D9%85%D8%A7%D9%86.jpg,sitemap_image,.jpg,post-sitemap.xml,yes,FACT: referenced in Yoast sitemap image/loc entries,no
https://abadis-med.com/wp-content/uploads/2023/06/2.jpg,sitemap_image,.jpg,post-sitemap.xml,yes,FACT: referenced in Yoast sitemap image/loc entries,no
https://abadis-med.com/wp-content/uploads/2023/09/%D8%A2%D8%A8%D8%A7%D8%AF%DB%8C%D8%B3-%D8%AF%D8%B1-%D9%86%D9%85%D8%A7%DB%8C%D8%B4%DA%AF%D8%A7%D9%87-%D8%AA%D8%AC%D9%87%DB%8C%D8%B2%D8%A7%D8%AA-%D9%BE%D8%B2%D8%B4%DA%A9%DB%8C-%D8%A7%D8%B2%D8%A8%DA%A9%D8%B3%D8%AA%D8%A7%D9%86.webp,sitemap_image,.webp,post-sitemap.xml,yes,FACT: referenced in Yoast sitemap image/loc entries,no
https://abadis-med.com/wp-content/uploads/2023/09/%D8%A2%D8%A8%D8%A7%D8%AF%DB%8C%D8%B3-%D8%AF%D8%B1-uzmedexpo2023.jpg,sitemap_image,.jpg,post-sitemap.xml,yes,FACT: referenced in Yoast sitemap image/loc entries,no
https://abadis-med.com/wp-content/uploads/2023/09/%D8%AD%D8%A7%D9%84-%D8%AE%D9%88%D8%B4-%D9%85%D9%87%D8%B1-%D8%AF%D8%B1-%D8%A2%D8%A8%D8%A7%D8%AF%DB%8C%D8%B3.jpg,sitemap_image,.jpg,post-sitemap.xml,yes,FACT: referenced in Yoast sitemap image/loc entries,no
https://abadis-med.com/wp-content/uploads/2023/10/%D8%AD%D8%B6%D9%88%D8%B1-%D8%A2%D8%A8%D8%A7%D8%AF%DB%8C%D8%B3-%D8%AF%D8%B1-%D9%86%D9%85%D8%A7%DB%8C%D8%B4%DA%AF%D8%A7%D9%87-%D8%AA%D8%AC%D9%87%DB%8C%D8%B2%D8%A7%D8%AA-%D9%BE%D8%B2%D8%B4%DA%A9%DB%8C-%D8%A7%D8%B2%D8%A8%DA%A9%D8%B3%D8%AA%D8%A7%D9%86.jpg,sitemap_image,.jpg,post-sitemap.xml,yes,FACT: referenced in Yoast sitemap image/loc entries,no
https://abadis-med.com/wp-content/uploads/2023/10/B.jpg,sitemap_image,.jpg,post-sitemap.xml,yes,FACT: referenced in Yoast sitemap image/loc entries,no
https://abadis-med.com/wp-content/uploads/2023/10/D.jpg,sitemap_image,.jpg,post-sitemap.xml,yes,FACT: referenced in Yoast sitemap image/loc entries,no
https://abadis-med.com/wp-content/uploads/2023/10/F.jpg,sitemap_image,.jpg,post-sitemap.xml,yes,FACT: referenced in Yoast sitemap image/loc entries,no
https://abadis-med.com/wp-content/uploads/2023/10/G.jpg,sitemap_image,.jpg,post-sitemap.xml,yes,FACT: referenced in Yoast sitemap image/loc entries,no
https://abadis-med.com/wp-content/uploads/2023/10/H.jpg,sitemap_image,.jpg,post-sitemap.xml,yes,FACT: referenced in Yoast sitemap image/loc entries,no
https://abadis-med.com/wp-content/uploads/2023/10/E.jpg,sitemap_image,.jpg,post-sitemap.xml,yes,FACT: referenced in Yoast sitemap image/loc entries,no
https://abadis-med.com/wp-content/uploads/2023/10/A.jpg,sitemap_image,.jpg,post-sitemap.xml,yes,FACT: referenced in Yoast sitemap image/loc entries,no
https://abadis-med.com/wp-content/uploads/2023/10/C.jpg,sitemap_image,.jpg,post-sitemap.xml,yes,FACT: referenced in Yoast sitemap image/loc entries,no
https://abadis-med.com/wp-content/uploads/2023/10/%D9%84%D8%B2%D9%88%D9%85-%D8%A7%D8%B3%D8%AA%D9%81%D8%A7%D8%AF%D9%87-%D8%A7%D8%B2-%DA%A9%DB%8C%D8%B3%D9%87-%D8%B3%D8%A7%DA%A9%D8%B4%D9%86-%DB%8C%DA%A9%D8%A8%D8%A7%D8%B1-%D9%85%D8%B5%D8%B1%D9%81-%D8%A2%D8%A8%D8%A7%D8%AF%DB%8C%D8%B3-1.jpg,sitemap_image,.jpg,post-sitemap.xml,yes,FACT: referenced in Yoast sitemap image/loc entries,no
https://abadis-med.com/wp-content/uploads/2023/10/%D9%85%D9%82%D8%A7%D9%84%D9%87-isi-%D8%A2%D8%A8%D8%A7%D8%AF%DB%8C%D8%B3.jpg,sitemap_image,.jpg,post-sitemap.xml,yes,FACT: referenced in Yoast sitemap image/loc entries,no
https://abadis-med.com/wp-content/uploads/2023/11/%D9%85%D8%B1%D8%A7%D8%B3%D9%85-%D9%86%DA%A9%D9%88%D8%AF%D8%A7%D8%B4%D8%AA-%D9%88%D9%84%DB%8C-%D8%A7%D9%84%D9%84%D9%87-%D9%85%D8%AD%D8%B1%D8%A7%D8%A8%DB%8C-%D8%AA%D9%88%D8%B3%D8%B7-%D8%A2%D8%A8%D8%A7%D8%AF%DB%8C%D8%B3.jpg,sitemap_image,.jpg,post-sitemap.xml,yes,FACT: referenced in Yoast sitemap image/loc entries,no
https://abadis-med.com/wp-content/uploads/2023/11/IMG_1585.jpg,sitemap_image,.jpg,post-sitemap.xml,yes,FACT: referenced in Yoast sitemap image/loc entries,no
https://abadis-med.com/wp-content/uploads/2023/11/IMG_2117.jpg,sitemap_image,.jpg,post-sitemap.xml,yes,FACT: referenced in Yoast sitemap image/loc entries,no
https://abadis-med.com/wp-content/uploads/2023/11/IMG_2144.jpg,sitemap_image,.jpg,post-sitemap.xml,yes,FACT: referenced in Yoast sitemap image/loc entries,no
https://abadis-med.com/wp-content/uploads/2023/11/IMG_2172.jpg,sitemap_image,.jpg,post-sitemap.xml,yes,FACT: referenced in Yoast sitemap image/loc entries,no
https://abadis-med.com/wp-content/uploads/2023/11/IMG_2254.jpg,sitemap_image,.jpg,post-sitemap.xml,yes,FACT: referenced in Yoast sitemap image/loc entries,no
https://abadis-med.com/wp-content/uploads/2023/11/%D8%AA%DB%8C%D9%85-%D8%A2%D8%A8%D8%A7%D8%AF%DB%8C%D8%B3-%D8%AF%D8%B1-%D9%85%D8%B1%D8%A7%D8%B3%D9%85-%D9%86%DA%A9%D9%88%D8%AF%D8%A7%D8%B4%D8%AA-%D9%BE%D8%B1%D9%81%D8%B3%D9%88%D8%B1-%D9%88%D9%84%DB%8C-%D8%A7%D9%84%D9%84%D9%87-%D9%85%D8%AD%D8%B1%D8%A7%D8%A8%DB%8C-scaled.jpg,sitemap_image,.jpg,post-sitemap.xml,yes,FACT: referenced in Yoast sitemap image/loc entries,no
https://abadis-med.com/wp-content/uploads/2023/11/IMG_1691.jpg,sitemap_image,.jpg,post-sitemap.xml,yes,FACT: referenced in Yoast sitemap image/loc entries,no
https://abadis-med.com/wp-content/uploads/2023/11/IMG_1897.jpg,sitemap_image,.jpg,post-sitemap.xml,yes,FACT: referenced in Yoast sitemap image/loc entries,no
https://abadis-med.com/wp-content/uploads/2023/11/IMG_1882.jpg,sitemap_image,.jpg,post-sitemap.xml,yes,FACT: referenced in Yoast sitemap image/loc entries,no
https://abadis-med.com/wp-content/uploads/2023/11/IMG_1936.jpg,sitemap_image,.jpg,post-sitemap.xml,yes,FACT: referenced in Yoast sitemap image/loc entries,no
https://abadis-med.com/wp-content/uploads/2023/11/%D8%AC%D8%B4%D9%86-%D8%B1%D9%88%D8%B2-%D9%BE%D8%B1%D8%B3%D8%AA%D8%A7%D8%B1-%D8%AF%D8%B1-%D8%A2%D8%A8%D8%A7%D8%AF%DB%8C%D8%B3.jpg,sitemap_image,.jpg,post-sitemap.xml,yes,FACT: referenced in Yoast sitemap image/loc entries,no
https://abadis-med.com/wp-content/uploads/2023/11/%D8%B1%D9%88%D8%B2-%D9%BE%D8%B1%D8%B3%D8%AA%D8%A7%D8%B1.jpg,sitemap_image,.jpg,post-sitemap.xml,yes,FACT: referenced in Yoast sitemap image/loc entries,no
https://abadis-med.com/wp-content/uploads/2023/11/%D8%B1%D9%88%D8%B2-%D9%BE%D8%B1%D8%B3%D8%AA%D8%A7%D8%B1-%D8%B3%D8%A7%D9%84-1402.jpg,sitemap_image,.jpg,post-sitemap.xml,yes,FACT: referenced in Yoast sitemap image/loc entries,no
https://abadis-med.com/wp-content/uploads/2023/12/-%D9%BE%D8%B1%D8%B3%D8%AA%D8%A7%D8%B1-1402-e1703505769976.jpg,sitemap_image,.jpg,post-sitemap.xml,yes,FACT: referenced in Yoast sitemap image/loc entries,no
https://abadis-med.com/wp-content/uploads/2023/12/%D8%AF%D8%B9%D9%88%D8%AA-%D9%86%D8%A7%D9%85%D9%87-%D8%A2%D8%A8%D8%A7%D8%AF%DB%8C%D8%B3-1.jpg,sitemap_image,.jpg,post-sitemap.xml,yes,FACT: referenced in Yoast sitemap image/loc entries,no
https://abadis-med.com/wp-content/uploads/2023/12/%D8%AF%D8%B9%D9%88%D8%AA%D9%86%D8%A7%D9%85%D9%87.jpg,sitemap_image,.jpg,post-sitemap.xml,yes,FACT: referenced in Yoast sitemap image/loc entries,no
https://abadis-med.com/wp-content/uploads/2024/06/%D8%A8%D8%B1%D8%B1%D8%B3%D9%8A-%D9%85%D8%B4%D9%83%D9%84%D8%A7%D8%AA-%D8%A7%D8%B3%D8%AA%D9%81%D8%A7%D8%AF%D9%87-%D8%A7%D8%B2-%D9%88%D8%B3%D8%A7%D9%8A%D9%84-%D8%AD%D9%81%D8%A7%D8%B8%D8%AA-%D9%81%D8%B1%D8%AF%D9%89.jpg,sitemap_image,.jpg,post-sitemap.xml,yes,FACT: referenced in Yoast sitemap image/loc entries,no
https://abadis-med.com/wp-content/uploads/2024/01/%D8%AD%D8%B6%D9%88%D8%B1-%D8%A2%D8%A8%D8%A7%D8%AF%DB%8C%D8%B3-%D8%AF%D8%B1-%D8%AF%D9%88%D9%85%DB%8C%D9%86-%D9%86%D9%85%D8%A7%DB%8C%D8%B4%DA%AF%D8%A7%D9%87-%D8%B3%D9%84%D8%A7%D9%85%D8%AA-%D8%A8%D9%86%DB%8C%D8%A7%D9%86.jpg,sitemap_image,.jpg,post-sitemap.xml,yes,FACT: referenced in Yoast sitemap image/loc entries,no
https://abadis-med.com/wp-content/uploads/2024/01/%D8%A2%D8%A8%D8%A7%D8%AF%DB%8C%D8%B3-%D8%AF%D8%B1-%D9%86%D9%85%D8%A7%DB%8C%D8%B4%DA%AF%D8%A7%D9%87-%D8%B3%D9%84%D8%A7%D9%85%D8%AA-%D8%A8%D9%86%DB%8C%D8%A7%D9%86.jpeg,sitemap_image,.jpeg,post-sitemap.xml,yes,FACT: referenced in Yoast sitemap image/loc entries,no
https://abadis-med.com/wp-content/uploads/2024/05/%D9%86%D8%B8%D8%B1%D8%B3%D9%86%D8%AC%DB%8C-%D8%A7%DB%8C%D8%B1%D8%A7%D9%86-%D9%87%D9%84%D8%AB-1403-%D8%A2%D8%A8%D8%A7%D8%AF%DB%8C%D8%B3.jpg,sitemap_image,.jpg,post-sitemap.xml,yes,FACT: referenced in Yoast sitemap image/loc entries,no
https://abadis-med.com/wp-content/uploads/2024/05/%D8%A7%D9%81%D8%AA%D8%AA%D8%A7%D8%AD%DB%8C%D9%87-%D8%A7%DB%8C%D8%B1%D8%A7%D9%86-%D9%87%D9%84%D8%AB-1403-%D8%A2%D8%A8%D8%A7%D8%AF%DB%8C%D8%B3.jpg,sitemap_image,.jpg,post-sitemap.xml,yes,FACT: referenced in Yoast sitemap image/loc entries,no
https://abadis-med.com/wp-content/uploads/2024/06/%D9%85%D8%AC%D9%85%D8%B9-%D8%B9%D9%85%D9%88%D9%85%DB%8C-%D8%B9%D8%A7%D8%AF%DB%8C-%D8%B3%D8%A7%D9%84%DB%8C%D8%A7%D9%86%D9%87-%D8%A7%D9%86%D8%AC%D9%85%D9%86-%D8%AA%D9%88%D9%84%DB%8C%D8%AF-%DA%A9%D9%86%D9%86%D8%AF%DA%AF%D8%A7%D9%86-%D9%88-%D8%B5%D8%A7%D8%AF%D8%B1%DA%A9%D9%86%D9%86%D8%AF%DA%AF%D8%A7%D9%86-%D8%AA%D8%AC%D9%87%DB%8C%D8%B2%D8%A7%D8%AA-%D9%BE%D8%B2%D8%B4%DA%A9%DB%8C-%D8%A2%D8%A8%D8%A7%D8%AF%DB%8C%D8%B3.jpg,sitemap_image,.jpg,post-sitemap.xml,yes,FACT: referenced in Yoast sitemap image/loc entries,no
https://abadis-med.com/wp-content/uploads/2024/06/%D8%A7%D9%86%D8%AC%D9%85%D9%86-%D8%AA%D9%88%D9%84%DB%8C%D8%AF%DA%A9%D9%86%D9%86%D8%AF%DA%AF%D8%A7%D9%86-%D9%88-%D8%B5%D8%A7%D8%AF%D8%B1%DA%A9%D9%86%D9%86%D8%AF%DA%AF%D8%A7%D9%86-%D8%AA%D8%AC%D9%87%DB%8C%D8%B2%D8%A7%D8%AA-%D9%88-%D9%85%D9%84%D8%B2%D9%88%D9%85%D8%A7%D8%AA-%D9%BE%D8%B2%D8%B4%DA%A9%DB%8C-%D8%A2%D8%A8%D8%A7%D8%AF%DB%8C%D8%B3.jpeg,sitemap_image,.jpeg,post-sitemap.xml,yes,FACT: referenced in Yoast sitemap image/loc entries,no
https://abadis-med.com/wp-content/uploads/2024/06/%D9%85%D8%AF%DB%8C%D8%B1%D8%A7%D9%86-%D8%A2%D8%A8%D8%A7%D8%AF%DB%8C%D8%B3-%D9%85%D8%AC%D9%85%D8%B9-%D8%A2%D9%85%D8%AF%D8%A7%D9%84.jpeg,sitemap_image,.jpeg,post-sitemap.xml,yes,FACT: referenced in Yoast sitemap image/loc entries,no
https://abadis-med.com/wp-content/uploads/2024/06/%D8%A2%D9%85%D8%AF%D8%A7%D9%84-%D8%A2%D8%A8%D8%A7%D8%AF%DB%8C%D8%B3.jpeg,sitemap_image,.jpeg,post-sitemap.xml,yes,FACT: referenced in Yoast sitemap image/loc entries,no
https://abadis-med.com/wp-content/uploads/2024/06/%D9%85%D8%AC%D9%85%D8%B9-%D8%A7%D9%86%D8%AC%D9%85%D9%86-%D8%AA%D9%88%D9%84%DB%8C%D8%AF%DA%A9%D9%86%D9%86%D8%AF%DA%AF%D8%A7%D9%86-%D8%A2%D8%A8%D8%A7%D8%AF%DB%8C%D8%B3.jpeg,sitemap_image,.jpeg,post-sitemap.xml,yes,FACT: referenced in Yoast sitemap image/loc entries,no
https://abadis-med.com/wp-content/uploads/2024/06/%D8%A7%D9%86%D8%AC%D9%85%D9%86-%D8%B5%D9%86%D9%81%DB%8C-%D8%AA%D9%88%D9%84%DB%8C%D8%AF-%DA%A9%D9%86%D9%86%D8%AF%DA%AF%D8%A7%D9%86-%D8%AA%D8%AC%D9%87%DB%8C%D8%B2%D8%A7%D8%AA-%D9%BE%D8%B2%D8%B4%DA%A9%DB%8C%D8%8C-%D8%AF%D9%86%D8%AF%D8%A7%D9%86%D9%BE%D8%B2%D8%B4%DA%A9%DB%8C-%D9%88-%D8%A2%D8%B2%D9%85%D8%A7%DB%8C%D8%B4%DA%AF%D8%A7%D9%87%DB%8C-%D8%A2%D8%A8%D8%A7%D8%AF%DB%8C%D8%B3.jpeg,sitemap_image,.jpeg,post-sitemap.xml,yes,FACT: referenced in Yoast sitemap image/loc entries,no
https://abadis-med.com/wp-content/uploads/2024/06/%D9%85%D8%AC%D9%85%D8%B9-%D8%B9%D9%85%D9%88%D9%85%DB%8C-%D8%B9%D8%A7%D8%AF%DB%8C-%D8%B3%D8%A7%D9%84%DB%8C%D8%A7%D9%86%D9%87-%D8%A7%D9%86%D8%AC%D9%85%D9%86-%D8%AA%D9%88%D9%84%DB%8C%D8%AF-%DA%A9%D9%86%D9%86%D8%AF%DA%AF%D8%A7%D9%86-%D9%88-%D8%B5%D8%A7%D8%AF%D8%B1%DA%A9%D9%86%D9%86%D8%AF%DA%AF%D8%A7%D9%86-%D8%AA%D8%AC%D9%87%DB%8C%D8%B2%D8%A7%D8%AA-%D9%88-%D9%85%D9%84%D8%B2%D9%88%D9%85%D8%A7%D9%86-%D9%BE%D8%B2%D8%B4%DA%A9%DB%8C.jpeg,sitemap_image,.jpeg,post-sitemap.xml,yes,FACT: referenced in Yoast sitemap image/loc entries,no
https://abadis-med.com/wp-content/uploads/2020/01/%D9%82%D8%B1%D8%B9%D9%87-%DA%A9%D8%B4%DB%8C-%D8%B1%D9%88%D8%B2-%D9%BE%D8%B1%D8%B3%D8%AA%D8%A7%D8%B1-1398-%D8%AF%D8%B1-%D8%A2%D8%A8%D8%A7%D8%AF%DB%8C%D8%B3.jpg,sitemap_image,.jpg,post-sitemap.xml,yes,FACT: referenced in Yoast sitemap image/loc entries,no
https://abadis-med.com/wp-content/uploads/2019/06/%D8%A8%D8%A7%D8%B2%D8%AA%D8%A7%D8%A8-%D8%AE%D8%A8%D8%B1%DB%8C-%D9%85%D8%AF%DB%8C%D8%B1%D9%86%D8%B3-%D8%A7%D8%B2-%D8%AD%D8%B6%D9%88%D8%B1-%D8%A2%D8%A8%D8%A7%D8%AF%DB%8C%D8%B3-%D8%AF%D8%B1-%D8%A7%DB%8C%D8%B1%D8%A7%D9%86-%D9%87%D9%84%D8%AB-1398.jpg,sitemap_image,.jpg,post-sitemap.xml,yes,FACT: referenced in Yoast sitemap image/loc entries,no
https://abadis-med.com/wp-content/uploads/2022/05/%D8%AF%D8%B9%D9%88%D8%AA-%D9%86%D8%A7%D9%85%D9%87-%D9%86%D9%85%D8%A7%DB%8C%D8%B4%DA%AF%D8%A7%D9%87-%D8%A7%DB%8C%D8%B1%D8%A7%D9%86-%D9%87%D9%84%D8%AB-1401.jpg,sitemap_image,.jpg,post-sitemap.xml,yes,FACT: referenced in Yoast sitemap image/loc entries,no
https://abadis-med.com/wp-content/uploads/2020/04/%D9%81%D8%B9%D8%A7%D9%84%DB%8C%D8%AA-%D9%87%D8%A7%DB%8C-%D8%A2%D8%A8%D8%A7%D8%AF%DB%8C%D8%B3-%D8%AF%D8%B1-%D8%A8%D8%AD%D8%B1%D8%A7%D9%86-%DA%A9%D8%B1%D9%88%D9%86%D8%A7.jpg,sitemap_image,.jpg,post-sitemap.xml,yes,FACT: referenced in Yoast sitemap image/loc entries,no
https://abadis-med.com/wp-content/uploads/2024/07/%D9%BE%D9%88%D8%AF%D8%B1-%D8%AC%D8%A7%D8%B0%D8%A8-%D8%AF%D8%B1-%D8%B5%D9%86%D8%B9%D8%AA-%D8%AA%D8%AC%D9%87%DB%8C%D8%B2%D8%A7%D8%AA-%D9%BE%D8%B2%D8%B4%DA%A9%DB%8C.jpg,sitemap_image,.jpg,post-sitemap.xml,yes,FACT: referenced in Yoast sitemap image/loc entries,no
https://abadis-med.com/wp-content/uploads/2024/07/%D9%BE%D9%88%D8%AF%D8%B1-%D8%AC%D8%A7%D8%B0%D8%A8-%D8%A2%D8%A8%D8%A7%D8%AF%DB%8C%D8%B3.png,sitemap_image,.png,post-sitemap.xml,yes,FACT: referenced in Yoast sitemap image/loc entries,no
https://abadis-med.com/wp-content/uploads/2024/07/%D9%86%D8%AD%D9%88%D9%87-%D8%B9%D9%85%D9%84%DA%A9%D8%B1%D8%AF-%D9%BE%D9%88%D8%AF%D8%B1-%D8%AC%D8%A7%D8%B0%D8%A8-%D8%A2%D8%A8%D8%A7%D8%AF%DB%8C%D8%B3.png,sitemap_image,.png,post-sitemap.xml,yes,FACT: referenced in Yoast sitemap image/loc entries,no
https://abadis-med.com/wp-content/uploads/2024/07/%D8%AD%D9%84-%D8%B4%D8%AF%D9%86-%D9%BE%D9%88%D8%AF%D8%B1-%D8%AC%D8%A7%D8%B0%D8%A8-%D8%A2%D8%A8%D8%A7%D8%AF%DB%8C%D8%B3.png,sitemap_image,.png,post-sitemap.xml,yes,FACT: referenced in Yoast sitemap image/loc entries,no
https://abadis-med.com/wp-content/uploads/2024/05/%D9%81%DB%8C%D9%84%D8%AA%D8%B1-%D9%87%D8%A7%DB%8C-%D9%85%D8%AA%D8%AE%D9%84%D8%AE%D9%84-%D8%AF%D8%B1-%D8%B5%D9%86%D8%B9%D8%AA-%D9%BE%D8%B2%D8%B4%DA%A9%DB%8C.jpg,sitemap_image,.jpg,post-sitemap.xml,yes,FACT: referenced in Yoast sitemap image/loc entries,no
https://abadis-med.com/wp-content/uploads/2024/05/%D9%81%DB%8C%D9%84%D8%AA%D8%B1-%D9%87%D8%A7%DB%8C-%D9%85%D8%AA%D8%AE%D9%84%D8%AE%D9%84-%D8%A2%D8%A8%D8%A7%D8%AF%DB%8C%D8%B3.jpg,sitemap_image,.jpg,post-sitemap.xml,yes,FACT: referenced in Yoast sitemap image/loc entries,no
https://abadis-med.com/wp-content/uploads/2024/05/%D9%81%DB%8C%D9%84%D8%AA%D8%B1-%D9%87%D8%A7%DB%8C-%D9%85%D8%AA%D8%AE%D9%84%D8%AE%D9%843-%D8%A2%D8%A8%D8%A7%D8%AF%DB%8C%D8%B3.jpg,sitemap_image,.jpg,post-sitemap.xml,yes,FACT: referenced in Yoast sitemap image/loc entries,no
https://abadis-med.com/wp-content/uploads/2024/05/%D9%81%DB%8C%D9%84%D8%AA%D8%B1-%D9%87%D8%A7%DB%8C-%D9%85%D8%AA%D8%AE%D9%84%D8%AE%D9%842-%D8%A2%D8%A8%D8%A7%D8%AF%DB%8C%D8%B3.jpg,sitemap_image,.jpg,post-sitemap.xml,yes,FACT: referenced in Yoast sitemap image/loc entries,no
https://abadis-med.com/wp-content/uploads/2024/02/%D8%B3%D8%A7%DA%A9%D8%B4%D9%86-%D8%AA%DB%8C%D9%88%D8%A8-%DA%86%DB%8C%D8%B3%D8%AA.jpg,sitemap_image,.jpg,post-sitemap.xml,yes,FACT: referenced in Yoast sitemap image/loc entries,no
https://abadis-med.com/wp-content/uploads/2024/02/%D8%A7%D8%AC%D8%B2%D8%A7%DB%8C-%D8%AA%D8%B4%DA%A9%DB%8C%D9%84-%D8%AF%D9%87%D9%86%D8%AF%D9%87-%D9%84%D9%88%D9%84-%D8%B3%D8%A7%DA%A9%D8%B4%D9%86-%D8%A2%D8%A8%D8%A7%D8%AF%DB%8C%D8%B3.jpg,sitemap_image,.jpg,post-sitemap.xml,yes,FACT: referenced in Yoast sitemap image/loc entries,no
https://abadis-med.com/wp-content/uploads/2024/02/%D9%85%D9%82%D8%A7%D9%84%D9%87-%D8%B3%D8%A7%DA%A9%D8%B4%D9%86-%D8%AA%DB%8C%D9%88%D8%A8-%D8%A2%D8%A8%D8%A7%D8%AF%DB%8C%D8%B3.jpg,sitemap_image,.jpg,post-sitemap.xml,yes,FACT: referenced in Yoast sitemap image/loc entries,no
https://abadis-med.com/wp-content/uploads/2024/02/clean-room-in-factory-abadis.jpeg,sitemap_image,.jpeg,post-sitemap.xml,yes,FACT: referenced in Yoast sitemap image/loc entries,no
https://abadis-med.com/wp-content/uploads/2019/02/%D9%85%D8%B9%D8%B1%D9%81%DB%8C-%D8%B3%D8%A7%DB%8C%D8%AA%E2%80%8C%D9%87%D8%A7%DB%8C-%D9%85%D8%B9%D8%AA%D8%A8%D8%B1-%D9%85%D9%87%D9%86%D8%AF%D8%B3%DB%8C-%D9%BE%D8%B2%D8%B4%DA%A9%DB%8C.jpg,sitemap_image,.jpg,post-sitemap.xml,yes,FACT: referenced in Yoast sitemap image/loc entries,no
https://abadis-med.com/wp-content/uploads/2019/05/%D8%A7%D8%B3%D8%AA%D8%B1%D8%A7%D8%AA%DA%98%DB%8C-%D8%A8%D9%88%D8%AF%D9%86-%D9%88-%D8%B6%D8%B1%D9%88%D8%B1%D8%AA-%D8%A7%D8%B3%D8%AA%D9%81%D8%A7%D8%AF%D9%87-%D8%A7%D8%B2-%DA%A9%DB%8C%D8%B3%D9%87-%D9%87%D8%A7%DB%8C-%D8%B3%D8%A7%DA%A9%D8%B4%D9%86-%DB%8C%DA%A9%D8%A8%D8%A7%D8%B1%D9%85%D8%B5%D8%B1%D9%81.jpg,sitemap_image,.jpg,post-sitemap.xml,yes,FACT: referenced in Yoast sitemap image/loc entries,no
https://abadis-med.com/wp-content/uploads/2020/02/%DA%86%DA%AF%D9%88%D9%86%D9%87-%DA%A9%D8%B1%D9%88%D9%86%D8%A7-%D8%B1%D8%A7-%D8%A7%D8%B2-%D8%B3%D8%B1%D9%85%D8%A7%D8%AE%D9%88%D8%B1%D8%AF%DA%AF%DB%8C-%D9%88-%D8%A2%D9%86%D9%81%D9%84%D9%88%D8%A7%D9%86%D8%B2%D8%A7-%D8%AA%D8%B4%D8%AE%DB%8C%D8%B5-%D8%AF%D9%87%DB%8C%D9%85%D8%9F.jpg,sitemap_image,.jpg,post-sitemap.xml,yes,FACT: referenced in Yoast sitemap image/loc entries,no
https://abadis-med.com/wp-content/uploads/2022/04/%D8%B2%D8%A8%D8%A7%D9%84%D9%87-%D9%87%D8%A7%DB%8C-%D9%BE%D9%84%D8%A7%D8%B3%D8%AA%DB%8C%DA%A9%DB%8C-1.jpg,sitemap_image,.jpg,post-sitemap.xml,yes,FACT: referenced in Yoast sitemap image/loc entries,no
https://abadis-med.com/wp-content/uploads/2022/04/%D8%B2%D8%A8%D8%A7%D9%84%D9%87-%D9%87%D8%A7%DB%8C-%D9%BE%D9%84%D8%A7%D8%B3%D8%AA%DB%8C%DA%A9%DB%8C.jpg,sitemap_image,.jpg,post-sitemap.xml,yes,FACT: referenced in Yoast sitemap image/loc entries,no
https://abadis-med.com/wp-content/uploads/2024/05/%D8%A7%D8%AC%D8%B1%D8%A7-%D9%88-%D8%B1%D8%B9%D8%A7%DB%8C%D8%AA-%D8%AA%D9%88%D8%B5%DB%8C%D9%87-%D9%86%D8%A7%D9%85%D9%87-%D8%A8%D9%87%D8%AF%D8%A7%D8%B4%D8%AA%DB%8C-%D8%AF%D8%B1-%D8%AE%D8%AF%D9%85%D8%A7%D8%AA-%D8%AF%D9%86%D8%AF%D8%A7%D9%86%D9%BE%D8%B2%D8%B4%DA%A9%DB%8C-%D8%AF%D8%B1-%DA%A9%D8%B1%D9%88%D9%86%D8%A7-%D8%A2%D8%A8%D8%A7%D8%AF%DB%8C%D8%B3.jpg,sitemap_image,.jpg,post-sitemap.xml,yes,FACT: referenced in Yoast sitemap image/loc entries,no
https://abadis-med.com/wp-content/uploads/2021/09/%D8%AE%D8%B7%D8%B1%D8%A7%D8%AA-%D9%86%D8%A7%D8%B4%DB%8C-%D8%A7%D8%B2-%D8%A7%D8%B3%D8%AA%D9%81%D8%A7%D8%AF%D9%87-%D9%85%D8%AE%D8%B2%D9%86-%D9%87%D8%A7%DB%8C-%D8%B3%D8%A7%DA%A9%D8%B4%D9%86-%D8%AF%D8%A7%D8%A6%D9%85.jpg,sitemap_image,.jpg,post-sitemap.xml,yes,FACT: referenced in Yoast sitemap image/loc entries,no
https://abadis-med.com/wp-content/uploads/2020/03/%DA%A9%D9%86%D8%AA%D8%B1%D9%84-%D8%B9%D9%81%D9%88%D9%86%D8%AA-%D8%A8%DB%8C%D9%85%D8%A7%D8%B1%D8%B3%D8%AA%D8%A7%D9%86%DB%8C-%D8%AF%D8%B1-%D8%AF%D9%88%D8%B1%D8%A7%D9%86-%D9%BE%D8%B3%D8%A7-%DA%A9%D8%B1%D9%88%D9%86%D8%A7.jpg,sitemap_image,.jpg,post-sitemap.xml,yes,FACT: referenced in Yoast sitemap image/loc entries,no
https://abadis-med.com/wp-content/uploads/2024/08/%D8%A8%D8%B1%D8%B1%D8%B3%DB%8C-%D8%B4%D8%A7%D8%AE%D8%B5-%D9%87%D8%A7%DB%8C-%D9%85%DB%8C%DA%A9%D8%B1%D9%88%D8%A8%DB%8C-%D9%88-%D8%B4%DB%8C%D9%85%DB%8C%D8%A7%DB%8C%DB%8C-%D8%A2%D8%A8-%D9%88%D8%B1%D9%88%D8%AF%DB%8C-%D8%A8%D9%87-%D8%AF%D8%B3%D8%AA%DA%AF%D8%A7%D9%87-%D9%87%D9%85%D9%88%D8%AF%DB%8C%D8%A7%D9%84%DB%8C%D8%B2-%D8%AF%D8%B1-%D8%A8%DB%8C%D9%85%D8%A7%D8%B1%D8%B3%D8%AA%D8%A7%D9%86-%D8%A7%D9%85%D8%A7%D9%85-%D8%B1%D8%B6%D8%A7-%D8%B9-%D9%85%D8%B4%D9%87%D8%AF.jpg,sitemap_image,.jpg,post-sitemap.xml,yes,FACT: referenced in Yoast sitemap image/loc entries,no
https://abadis-med.com/wp-content/uploads/2024/01/%D8%AC%D8%AF%D9%88%D9%84-%D9%85%D9%82%D8%A7%D9%84%D9%87-%DA%A9%D9%86%DA%AF%D8%B1%D9%87-%D8%A2%D8%A8%D8%A7%D8%AF%DB%8C%D8%B3.jpg,sitemap_image,.jpg,post-sitemap.xml,yes,FACT: referenced in Yoast sitemap image/loc entries,no
https://abadis-med.com/wp-content/uploads/2024/08/%D8%A8%D8%B1%D8%B1%D8%B3%DB%8C-%D9%85%DB%8C%D8%B2%D8%A7%D9%86-%D8%B1%D8%B9%D8%A7%DB%8C%D8%AA-%D8%A8%D9%87%D8%AF%D8%A7%D8%B4%D8%AA-%D8%AF%D8%B3%D8%AA-%DA%A9%D8%A7%D8%B1%DA%A9%D9%86%D8%A7%D9%86-%D8%AF%D8%B1%D9%85%D8%A7%D9%86%DB%8C-%D8%AF%D8%B1-%D8%A8%DB%8C%D9%85%D8%A7%D8%B1%D8%B3%D8%AA%D8%A7%D9%86-%D8%AA%D8%A3%D9%85%DB%8C%D9%86-%D8%A7%D8%AC%D8%AA%D9%85%D8%A7%D8%B9%DB%8C-%D8%B2%D8%A7%D9%87%D8%AF%D8%A7%D9%86-%D8%AF%D8%B1%D8%B3%D8%A7%D9%84-1402.jpg,sitemap_image,.jpg,post-sitemap.xml,yes,FACT: referenced in Yoast sitemap image/loc entries,no
https://abadis-med.com/wp-content/uploads/2023/12/%DA%AF%D8%B2%D8%A7%D8%B1%D8%B4-%D8%AD%D8%B6%D9%88%D8%B1-%D8%A2%D8%A8%D8%A7%D8%AF%DB%8C%D8%B3-%D8%AF%D8%B1-%DA%A9%D9%86%DA%AF%D8%B1%D9%87-%DA%A9%D9%86%D8%AA%D8%B1%D9%84-%D8%B9%D9%81%D9%88%D9%86%D8%AA.jpg,sitemap_image,.jpg,post-sitemap.xml,yes,FACT: referenced in Yoast sitemap image/loc entries,no
https://abadis-med.com/wp-content/uploads/2023/12/%D8%A7%D9%81%D8%AA%D8%AA%D8%A7%D8%AD%DB%8C%D9%87-%DA%A9%D9%86%DA%AF%D8%B1%D9%87-%DA%A9%D9%86%D8%AA%D8%B1%D9%84-%D8%B9%D9%81%D9%88%D9%86%D8%AA-%DB%B1%DB%B4%DB%B0%DB%B2-%D9%88-%D8%AD%D8%B6%D9%88%D8%B1-%D8%A2%D8%A8%D8%A7%D8%AF%DB%8C%D8%B3.jpg,sitemap_image,.jpg,post-sitemap.xml,yes,FACT: referenced in Yoast sitemap image/loc entries,no
https://abadis-med.com/wp-content/uploads/2023/12/%D8%A7%D9%81%D8%AA%D8%AA%D8%A7%D8%AD%DB%8C%D9%87-%DB%8C%D8%A7%D8%B2%D8%AF%D9%87%D9%85%DB%8C%D9%86-%DA%A9%D9%86%DA%AF%D8%B1%D9%87-%DA%A9%D9%86%D8%AA%D8%B1%D9%84-%D8%B9%D9%81%D9%88%D9%86%D8%AA-%D9%88-%D8%AD%D8%B6%D9%88%D8%B1-%D8%A2%D8%A8%D8%A7%D8%AF%DB%8C%D8%B3.jpg,sitemap_image,.jpg,post-sitemap.xml,yes,FACT: referenced in Yoast sitemap image/loc entries,no
https://abadis-med.com/wp-content/uploads/2023/12/%D8%A2%D8%A8%D8%A7%D8%AF%DB%8C%D8%B3-%D8%AF%D8%B1-%DA%A9%D9%86%DA%AF%D8%B1%D9%87-%DA%A9%D9%86%D8%AA%D8%B1%D9%84-%D8%B9%D9%81%D9%88%D9%86%D8%AA-%DB%B1%DB%B4%DB%B0%DB%B2.jpeg,sitemap_image,.jpeg,post-sitemap.xml,yes,FACT: referenced in Yoast sitemap image/loc entries,no
https://abadis-med.com/wp-content/uploads/2023/12/%DA%A9%D9%86%DA%AF%D8%B1%D9%87-%DA%A9%D9%86%D8%AA%D8%B1%D9%84-%D8%B9%D9%81%D9%88%D9%86%D8%AA-%DB%B1%DB%B4%DB%B0%DB%B2-%D8%BA%D8%B1%D9%81%D9%87-%D8%A2%D8%A8%D8%A7%D8%AF%DB%8C%D8%B3-1.jpg,sitemap_image,.jpg,post-sitemap.xml,yes,FACT: referenced in Yoast sitemap image/loc entries,no
https://abadis-med.com/wp-content/uploads/2023/12/%D8%AA%DB%8C%D9%85-%D8%A2%D8%A8%D8%A7%D8%AF%DB%8C%D8%B3-%D8%AF%D8%B1-%DB%8C%D8%A7%D8%B2%D8%AF%D9%87%D9%85%DB%8C%D9%86-%DA%A9%D9%86%DA%AF%D8%B1%D9%87-%DA%A9%D9%86%D8%AA%D8%B1%D9%84-%D8%B9%D9%81%D9%88%D9%86%D8%AA.jpg,sitemap_image,.jpg,post-sitemap.xml,yes,FACT: referenced in Yoast sitemap image/loc entries,no
https://abadis-med.com/wp-content/uploads/2023/12/%D8%AA%D9%88%D8%B6%DB%8C%D8%AD-%D9%85%D8%AD%D8%B5%D9%88%D9%84%D8%A7%D8%AA-%D8%A2%D8%A8%D8%A7%D8%AF%DB%8C%D8%B3.jpg,sitemap_image,.jpg,post-sitemap.xml,yes,FACT: referenced in Yoast sitemap image/loc entries,no
https://abadis-med.com/wp-content/uploads/2023/12/%D9%86%D9%85%D8%A7%DB%8C%D9%86%D8%AF%D9%87-%D8%A7%D8%B3%D8%AA%D8%A7%D9%86-%D9%85%D8%B1%DA%A9%D8%B2%DB%8C-%D8%AF%D8%B1-%D8%BA%D8%B1%D9%81%D9%87-%D8%A2%D8%A8%D8%A7%D8%AF%DB%8C%D8%B3.jpg,sitemap_image,.jpg,post-sitemap.xml,yes,FACT: referenced in Yoast sitemap image/loc entries,no
https://abadis-med.com/wp-content/uploads/2023/12/%D9%86%D9%85%D8%A7%DB%8C%D9%86%D8%AF%D9%87-%D9%85%D8%A7%D8%B2%D9%86%D8%AF%D8%B1%D8%A7%D9%86-%D8%AF%D8%B1-%D8%BA%D8%B1%D9%81%D9%87-%D8%A2%D8%A8%D8%A7%D8%AF%DB%8C%D8%B3.jpg,sitemap_image,.jpg,post-sitemap.xml,yes,FACT: referenced in Yoast sitemap image/loc entries,no
https://abadis-med.com/wp-content/uploads/2023/12/%D8%AC%D9%86%D8%A7%D8%A8-%D8%A2%D9%82%D8%A7%DB%8C-%D9%85%D9%87%D9%86%D8%AF%D8%B3-%D8%B7%D8%A8%D8%A7%D8%B7%D8%A8%D8%A7%DB%8C%DB%8C-%D8%AF%D8%B1-%D8%A8%D8%A7%D8%B2%D8%AF%DB%8C%D8%AF-%D8%A7%D8%B2-%D8%BA%D8%B1%D9%81%D9%87-%D8%A2%D8%A8%D8%A7%D8%AF%DB%8C%D8%B3-1.jpg,sitemap_image,.jpg,post-sitemap.xml,yes,FACT: referenced in Yoast sitemap image/loc entries,no
https://abadis-med.com/wp-content/uploads/2023/12/%D9%BE%D8%B1%D8%B3%D8%AA%D8%A7%D8%B1-%D8%A8%D8%B1%D8%AA%D8%B1-%DA%A9%D8%B4%D9%88%D8%B1-%D8%AF%D8%B1-%D8%BA%D8%B1%D9%81%D9%87-%D8%A2%D8%A8%D8%A7%D8%AF%DB%8C%D8%B3-1.jpg,sitemap_image,.jpg,post-sitemap.xml,yes,FACT: referenced in Yoast sitemap image/loc entries,no
https://abadis-med.com/wp-content/uploads/2023/12/%D8%B1%DB%8C%DB%8C%D8%B3-%D8%A7%D9%86%D8%AC%D9%85%D9%86-%D8%AF%D8%B1-%D8%A8%D8%A7%D8%B2%D8%AF%DB%8C%D8%AF-%D8%A7%D8%B2-%D8%BA%D8%B1%D9%81%D9%87-%D8%A2%D8%A8%D8%A7%D8%AF%DB%8C%D8%B3.jpg,sitemap_image,.jpg,post-sitemap.xml,yes,FACT: referenced in Yoast sitemap image/loc entries,no
https://abadis-med.com/wp-content/uploads/2023/12/%D8%AC%D9%86%D8%A7%D8%A8-%D8%A2%D9%82%D8%A7%DB%8C-%D8%AF%DA%A9%D8%AA%D8%B1-%D9%85%D8%B9%D8%B5%D9%88%D9%85%DB%8C-%D8%AF%D8%B1-%D8%A8%D8%A7%D8%B2%D8%AF%DB%8C%D8%AF-%D8%A7%D8%B2-%D8%BA%D8%B1%D9%81%D9%87-%D8%A2%D8%A8%D8%A7%D8%AF%DB%8C%D8%B3-1.jpg,sitemap_image,.jpg,post-sitemap.xml,yes,FACT: referenced in Yoast sitemap image/loc entries,no
https://abadis-med.com/wp-content/uploads/2023/12/%D8%AC%D9%86%D8%A7%D8%A8-%D8%A2%D9%82%D8%A7%DB%8C-%D8%AF%DA%A9%D8%AA%D8%B1-%D9%82%D8%B5%D8%B1%DB%8C-%D8%AF%D8%B1-%D8%A8%D8%A7%D8%B2%D8%AF%DB%8C%D8%AF-%D8%A7%D8%B2-%D8%BA%D8%B1%D9%81%D9%87-%D8%A2%D8%A8%D8%A7%D8%AF%DB%8C%D8%B3.jpg,sitemap_image,.jpg,post-sitemap.xml,yes,FACT: referenced in Yoast sitemap image/loc entries,no
https://abadis-med.com/wp-content/uploads/2023/12/%D9%87%D8%AF%D8%A7%DB%8C-%DB%8C%D9%84%D8%AF%D8%A7%DB%8C%DB%8C-%D8%A2%D8%A8%D8%A7%D8%AF%DB%8C%D8%B3-1.jpg,sitemap_image,.jpg,post-sitemap.xml,yes,FACT: referenced in Yoast sitemap image/loc entries,no
https://abadis-med.com/wp-content/uploads/2023/12/%D9%87%D8%AF%DB%8C%D9%87-%DB%8C%D9%84%D8%AF%D8%A7%DB%8C%DB%8C-%D8%A2%D8%A8%D8%A7%D8%AF%DB%8C%D8%B3-%D8%AF%D8%B1-%D8%AF%D8%B3%D8%AA%D8%A7%D9%86-%D8%A8%D8%A7%D8%B2%D8%AF%DB%8C%D8%AF-%DA%A9%D9%86%D9%86%D8%AF%D9%87-%D9%87%D8%A7.jpg,sitemap_image,.jpg,post-sitemap.xml,yes,FACT: referenced in Yoast sitemap image/loc entries,no
https://abadis-med.com/wp-content/uploads/2023/12/%D9%85%D8%B1%D8%A7%D8%B3%D9%85-%D8%A7%D8%AE%D8%AA%D8%AA%D8%A7%D9%85%DB%8C%D9%87-%DA%A9%D9%86%DA%AF%D8%B1%D9%87-%DA%A9%D9%86%D8%AA%D8%B1%D9%84-%D8%B9%D9%81%D9%88%D9%86%D8%AA-%D9%88-%D8%AD%D8%B6%D9%88%D8%B1-%D8%A2%D8%A8%D8%A7%D8%AF%DB%8C%D8%B3.jpg,sitemap_image,.jpg,post-sitemap.xml,yes,FACT: referenced in Yoast sitemap image/loc entries,no
https://abadis-med.com/wp-content/uploads/2023/12/%D8%B4%D8%B1%DA%A9%D8%AA-%DA%A9%D9%86%D9%86%D8%AF%D9%87-%D9%82%D8%B1%D8%B9%D9%87-%DA%A9%D8%B4%DB%8C-%D8%A2%D8%A8%D8%A7%D8%AF%DB%8C%D8%B3-1.jpg,sitemap_image,.jpg,post-sitemap.xml,yes,FACT: referenced in Yoast sitemap image/loc entries,no
https://abadis-med.com/wp-content/uploads/2023/12/%D9%82%D8%B1%D8%B9%D9%87-%DA%A9%D8%B4%DB%8C-%D8%A2%D8%A8%D8%A7%D8%AF%DB%8C%D8%B3-1.jpg,sitemap_image,.jpg,post-sitemap.xml,yes,FACT: referenced in Yoast sitemap image/loc entries,no
https://abadis-med.com/wp-content/uploads/2023/12/%D9%82%D8%B1%D8%B9%D9%87-%DA%A9%D8%B4%DB%8C-%D8%A2%D8%A8%D8%A7%D8%AF%DB%8C%D8%B3-%D8%AF%D8%B1-%D9%85%D8%B1%D8%A7%D8%B3%D9%85-%D8%A7%D8%AE%D8%AA%D8%AA%D8%A7%D9%85%DB%8C%D9%87-1.jpg,sitemap_image,.jpg,post-sitemap.xml,yes,FACT: referenced in Yoast sitemap image/loc entries,no
https://abadis-med.com/wp-content/uploads/2023/12/%D9%82%D8%B1%D8%B9%D9%87-%DA%A9%D8%B4%DB%8C-%D8%A2%D8%A8%D8%A7%D8%AF%DB%8C%D8%B3-%D8%A8%D8%A7-%D8%AD%D8%B6%D9%88%D8%B1-%D9%85%D8%AF%DB%8C%D8%B1%D8%A7%D9%86.jpg,sitemap_image,.jpg,post-sitemap.xml,yes,FACT: referenced in Yoast sitemap image/loc entries,no
https://abadis-med.com/wp-content/uploads/2023/12/%D9%BE%D8%A7%D9%86%D9%84-%D8%A7%D8%AE%D8%AA%D8%AA%D8%A7%D9%85%DB%8C%D9%87-%D9%88-%D9%85%D8%AF%DB%8C%D8%B1%D8%A7%D9%86-%D8%A2%D8%A8%D8%A7%D8%AF%DB%8C%D8%B3.jpg,sitemap_image,.jpg,post-sitemap.xml,yes,FACT: referenced in Yoast sitemap image/loc entries,no
https://abadis-med.com/wp-content/uploads/2024/08/PVA-Film-%D8%AF%D8%B1-%D8%B5%D9%86%D8%B9%D8%AA-%D8%AA%D8%AC%D9%87%DB%8C%D8%B2%D8%A7%D8%AA-%D9%BE%D8%B2%D8%B4%DA%A9%DB%8C-%D8%A2%D8%A8%D8%A7%D8%AF%DB%8C%D8%B3.jpg,sitemap_image,.jpg,post-sitemap.xml,yes,FACT: referenced in Yoast sitemap image/loc entries,no
https://abadis-med.com/wp-content/uploads/2024/08/%D9%81%DB%8C%D9%84%D9%85-pva-%D8%A2%D8%A8%D8%A7%D8%AF%DB%8C%D8%B3.jpg,sitemap_image,.jpg,post-sitemap.xml,yes,FACT: referenced in Yoast sitemap image/loc entries,no
https://abadis-med.com/wp-content/uploads/2024/08/%D9%81%D8%B1%D8%A7%DB%8C%D9%86%D8%AF-%D8%AA%D9%88%D9%84%DB%8C%D8%AF-PVA-%D8%A2%D8%A8%D8%A7%D8%AF%DB%8C%D8%B3.jpg,sitemap_image,.jpg,post-sitemap.xml,yes,FACT: referenced in Yoast sitemap image/loc entries,no
https://abadis-med.com/wp-content/uploads/2024/08/%D9%85%D8%B9%D8%B1%D9%81%DB%8C-%D8%B3%D8%A7%DB%8C%D8%AA-%D9%87%D8%A7%DB%8C-%D8%A7%DB%8C%D9%86%D8%AA%D8%B1%D9%86%D8%AA%DB%8C-%D8%AE%D8%B1%DB%8C%D8%AF-%D8%A2%D9%86%D9%84%D8%A7%DB%8C%D9%86-%D8%AA%D8%AC%D9%87%DB%8C%D8%B2%D8%A7%D8%AA-%D9%BE%D8%B2%D8%B4%DA%A9%DB%8C-%D8%A2%D8%A8%D8%A7%D8%AF%DB%8C%D8%B3.jpg,sitemap_image,.jpg,post-sitemap.xml,yes,FACT: referenced in Yoast sitemap image/loc entries,no
https://abadis-med.com/wp-content/uploads/2024/08/%D8%A7%DB%8C%D8%B2%D9%88-%D8%AF%D8%B1-%D8%B5%D9%86%D8%B9%D8%AA-%D8%AA%D8%AC%D9%87%DB%8C%D8%B2%D8%A7%D8%AA-%D9%BE%D8%B2%D8%B4%DA%A9%DB%8C-%D8%A2%D8%A8%D8%A7%D8%AF%DB%8C%D8%B3.jpg,sitemap_image,.jpg,post-sitemap.xml,yes,FACT: referenced in Yoast sitemap image/loc entries,no
https://abadis-med.com/wp-content/uploads/2024/08/%D8%A7%DB%8C%D8%B2%D9%88-%D8%AF%D8%B1-%D8%AA%D8%AC%D9%87%DB%8C%D8%B2%D8%A7%D8%AA-%D9%BE%D8%B2%D8%B4%DA%A9%DB%8C-%D8%A2%D8%A8%D8%A7%D8%AF%DB%8C%D8%B3.png,sitemap_image,.png,post-sitemap.xml,yes,FACT: referenced in Yoast sitemap image/loc entries,no
https://abadis-med.com/wp-content/uploads/2024/01/%DA%AF%D8%B2%D8%A7%D8%B1%D8%B4-%D8%AD%D8%B6%D9%88%D8%B1-%D8%A2%D8%A8%D8%A7%D8%AF%DB%8C%D8%B3-%D8%AF%D8%B1-%D8%AF%D9%88%D9%85%DB%8C%D9%86-%D9%86%D9%85%D8%A7%DB%8C%D8%B4%DA%AF%D8%A7%D9%87-%D8%B3%D9%84%D8%A7%D9%85%D8%AA-%D8%A8%D9%86%DB%8C%D8%A7%D9%86-1.jpg,sitemap_image,.jpg,post-sitemap.xml,yes,FACT: referenced in Yoast sitemap image/loc entries,no
https://abadis-med.com/wp-content/uploads/2024/08/%D8%A7%D8%B1%D8%B2%DB%8C%D8%A7%D8%A8%DB%8C-%D9%85%D9%82%D8%A7%DB%8C%D8%B3%D9%87-%D8%A7%DB%8C-%D9%85%D8%AF%DB%8C%D8%B1%DB%8C%D8%AA-%D9%85%D8%B5%D8%B1%D9%81-%D8%A2%D9%86%D8%AA%DB%8C-%D8%A8%DB%8C%D9%88%D8%AA%DB%8C%DA%A9%E2%80%8C%D9%87%D8%A7%DB%8C-%D9%BE%D8%B1-%D9%87%D8%B2%DB%8C%D9%86%D9%87-%D8%A2%D8%A8%D8%A7%D8%AF%DB%8C%D8%B3.jpg,sitemap_image,.jpg,post-sitemap.xml,yes,FACT: referenced in Yoast sitemap image/loc entries,no
https://abadis-med.com/wp-content/uploads/2024/08/%D8%AC%D8%AF%D9%88%D9%84-%DB%B1-%D8%A2%D8%A8%D8%A7%D8%AF%DB%8C%D8%B3.jpg,sitemap_image,.jpg,post-sitemap.xml,yes,FACT: referenced in Yoast sitemap image/loc entries,no
https://abadis-med.com/wp-content/uploads/2024/08/%D8%AC%D8%AF%D9%88%D9%84-%DB%B2-%D8%A2%D8%A8%D8%A7%D8%AF%DB%8C%D8%B3.jpg,sitemap_image,.jpg,post-sitemap.xml,yes,FACT: referenced in Yoast sitemap image/loc entries,no
https://abadis-med.com/wp-content/uploads/2024/08/%D9%88%D8%B3%D8%A7%DB%8C%D9%84-%DB%8C%DA%A9%D8%A8%D8%A7%D8%B1%D9%85%D8%B5%D8%B1%D9%81-%D9%BE%D8%B2%D8%B4%DA%A9%DB%8C-%D9%88-%D8%A7%D8%B3%D8%AA%D8%A7%D9%86%D8%AF%D8%A7%D8%B1%D8%AF%E2%80%8C%D9%87%D8%A7%DB%8C-%D9%81%D8%B1%D8%A2%D9%88%D8%B1%DB%8C-%D9%85%D8%AC%D8%AF%D8%AF-%D8%A7%DB%8C%D9%85%D9%86-%D9%88-%D9%BE%D8%A7%DB%8C%D8%AF%D8%A7%D8%B1%DB%8C-%D8%AF%D8%B1-%D9%85%D8%AD%DB%8C%D8%B7-%D9%87%D8%A7%DB%8C-%D8%A8%D9%87%D8%AF%D8%A7%D8%B4%D8%AA%DB%8C-%D8%A2%D8%A8%D8%A7%D8%AF%DB%8C%D8%B3.jpg,sitemap_image,.jpg,post-sitemap.xml,yes,FACT: referenced in Yoast sitemap image/loc entries,no
https://abadis-med.com/wp-content/uploads/2024/09/%D9%85%D9%86%D8%B3%D9%88%D8%AC%D8%A7%D8%AA-%D9%BE%D8%B2%D8%B4%DA%A9%DB%8C-%DA%86%DB%8C%D8%B3%D8%AA%D8%9F.jpg,sitemap_image,.jpg,post-sitemap.xml,yes,FACT: referenced in Yoast sitemap image/loc entries,no
https://abadis-med.com/wp-content/uploads/2024/09/%D9%85%D9%86%D8%B3%D9%88%D8%AC%D8%A7%D8%AA-%D9%BE%D8%B2%D8%B4%DA%A9%DB%8C-%D8%A2%D8%A8%D8%A7%D8%AF%DB%8C%D8%B3.png,sitemap_image,.png,post-sitemap.xml,yes,FACT: referenced in Yoast sitemap image/loc entries,no
https://abadis-med.com/wp-content/uploads/2024/09/%D9%85%D9%86%D8%B3%D9%88%D8%AC%D8%A7%D8%AA-%D8%A2%D8%A8%D8%A7%D8%AF%DB%8C%D8%B3.webp,sitemap_image,.webp,post-sitemap.xml,yes,FACT: referenced in Yoast sitemap image/loc entries,no
https://abadis-med.com/wp-content/uploads/2024/09/%D8%AF%D8%B3%D8%AA%D9%88%D8%B1%D8%A7%D9%84%D8%B9%D9%85%D9%84-%D9%87%D8%A7%DB%8C-%D9%BE%DB%8C%D8%B4%DA%AF%DB%8C%D8%B1%DB%8C-%DA%A9%D9%86%D9%86%D8%AF%D9%87-%D8%A7%D8%B2-%D8%A7%D9%86%D8%AA%D9%82%D8%A7%D9%84-%DA%A9%D9%88%D9%88%DB%8C%D8%AF-19-%D8%AF%D8%B1-%D8%A7%D8%AA%D8%A7%D9%82-%D8%B9%D9%85%D9%84-%D8%A2%D8%A8%D8%A7%D8%AF%DB%8C%D8%B3.jpg,sitemap_image,.jpg,post-sitemap.xml,yes,FACT: referenced in Yoast sitemap image/loc entries,no
https://abadis-med.com/wp-content/uploads/2024/09/%D8%A7%D8%B1%D8%AA%D9%82%D8%A7-%D9%81%D8%B1%D8%A2%D9%8A%D9%86%D8%AF-%D8%A8%DB%8C%D9%88%D9%84%D9%88%DA%98%D9%8A%DA%A9-%D8%AA%D8%B5%D9%81%DB%8C%D9%87-%D8%AE%D8%A7%D9%86%D9%87-%D9%81%D8%A7%D8%B6%D9%84%D8%A7%D8%A8-%D8%A8%DB%8C%D9%85%D8%A7%D8%B1%D8%B3%D8%AA%D8%A7%D9%86-%D8%AE%DB%8C%D8%B1%D9%8A%D9%87-%D8%BA%DB%8C%D8%A7%D8%AB%D9%8A-%D8%A8%D8%A7-%D8%A7%D9%84%D8%AD%D8%A7%D9%82-%D8%B1%D8%A7%D9%83%D8%AA%D9%88%D8%B1%D8%A2%D9%86%D9%88%D9%83%D8%B3%DB%8C%DA%A9-%D8%A8%D9%87-%D8%B3%DB%8C%D8%B3%D8%AA%D9%85-%D9%84%D8%AC%D9%86-%D9%81%D8%B9%D8%A7%D9%84-%D8%A2%D8%A8%D8%A7%D8%AF%DB%8C%D8%B3.jpg,sitemap_image,.jpg,post-sitemap.xml,yes,FACT: referenced in Yoast sitemap image/loc entries,no
https://abadis-med.com/wp-content/uploads/2024/01/%D8%AC%D8%AF%D9%88%D9%84-%DB%B2-%D8%A2%D8%A8%D8%A7%D8%AF%DB%8C%D8%B3.jpg,sitemap_image,.jpg,post-sitemap.xml,yes,FACT: referenced in Yoast sitemap image/loc entries,no
https://abadis-med.com/wp-content/uploads/2024/10/%D9%81%DB%8C%D9%84%D8%AA%D8%B1-%D9%85%D8%AA%D8%AE%D9%84%D8%AE%D9%84-%D9%88-%D8%A7%D9%86%D9%88%D8%A7%D8%B9-%D8%A2%D9%86-%D9%81%D9%84%D8%B2%DB%8C-%D8%8C%D9%BE%D9%84%DB%8C%D9%85%D8%B1%DB%8C%D8%8CPTFE.jpg,sitemap_image,.jpg,post-sitemap.xml,yes,FACT: referenced in Yoast sitemap image/loc entries,no
https://abadis-med.com/wp-content/uploads/2024/10/%D9%86%D8%B8%D8%B1%D8%B3%D9%86%D8%AC%DB%8C-%D8%A2%D8%A8%D8%A7%D8%AF%DB%8C%D8%B3-%D8%A7%D8%B2-%D8%A7%DB%8C%D8%B1%D8%A7%D9%86-%D9%85%D8%AF-1403-2.jpg,sitemap_image,.jpg,post-sitemap.xml,yes,FACT: referenced in Yoast sitemap image/loc entries,no
https://abadis-med.com/wp-content/uploads/2024/10/%D8%A7%D9%81%D8%AA%D8%AA%D8%A7%D8%AD%DB%8C%D9%87-%D8%A7%DB%8C%D8%B1%D8%A7%D9%86-%D9%85%D8%AF-1403-%D8%A2%D8%A8%D8%A7%D8%AF%DB%8C%D8%B3.jpg,sitemap_image,.jpg,post-sitemap.xml,yes,FACT: referenced in Yoast sitemap image/loc entries,no
https://abadis-med.com/wp-content/uploads/2024/11/%D8%AC%D8%B4%D9%86-%D8%B1%D9%88%D8%B2-%D9%BE%D8%B1%D8%B3%D8%AA%D8%A7%D8%B1-1403-%D8%AF%D8%B1-%D8%A2%D8%A8%D8%A7%D8%AF%DB%8C%D8%B3.jpg,sitemap_image,.jpg,post-sitemap.xml,yes,FACT: referenced in Yoast sitemap image/loc entries,no
https://abadis-med.com/wp-content/uploads/2024/11/%D9%BE%D8%B3%D8%AA-%D8%B1%D9%88%D8%B2-%D9%BE%D8%B1%D8%B3%D8%AA%D8%A7%D8%B1.jpg,sitemap_image,.jpg,post-sitemap.xml,yes,FACT: referenced in Yoast sitemap image/loc entries,no
https://abadis-med.com/wp-content/uploads/2024/11/%D8%A8%D8%B1%D9%86%D8%AF%DA%AF%D8%A7%D9%86-%D8%B1%D9%88%D8%B2-%D9%BE%D8%B1%D8%B3%D8%AA%D8%A7%D8%B1-1403-%D8%A2%D8%A8%D8%A7%D8%AF%DB%8C%D8%B3.jpg,sitemap_image,.jpg,post-sitemap.xml,yes,FACT: referenced in Yoast sitemap image/loc entries,no
https://abadis-med.com/wp-content/uploads/2024/11/%DA%A9%D9%86%D8%AA%D8%B1%D9%84-%D8%B9%D9%81%D9%88%D9%86%D8%AA-%D8%AF%D8%B1-%D8%AF%D9%86%D8%AF%D8%A7%D9%86%D9%BE%D8%B2%D8%B4%DA%A9%DB%8C-%D8%A2%D8%A8%D8%A7%D8%AF%DB%8C%D8%B3.jpg,sitemap_image,.jpg,post-sitemap.xml,yes,FACT: referenced in Yoast sitemap image/loc entries,no
https://abadis-med.com/wp-content/uploads/2024/09/%D8%A8%D8%B1%D8%AA%D8%B1%DB%8C%D9%86-%D8%B4%D8%B1%DA%A9%D8%AA-%D9%87%D8%A7%DB%8C-%D8%AA%D8%AC%D9%87%DB%8C%D8%B2%D8%A7%D8%AA-%D9%BE%D8%B2%D8%B4%DA%A9%DB%8C-%D8%B3%D8%A7%D9%84-2024.jpg,sitemap_image,.jpg,post-sitemap.xml,yes,FACT: referenced in Yoast sitemap image/loc entries,no
https://abadis-med.com/wp-content/uploads/2024/12/%D8%A2%D8%A8%D8%A7%D8%AF%DB%8C%D8%B3-%D8%AC%D9%84%D8%B3%D9%87-%D8%A8%D9%87%D8%A8%D9%88%D8%AF-%DA%A9%D9%86%DA%AF%D8%B1%D9%87-%DA%A9%D9%86%D8%AA%D8%B1%D9%84-%D8%B9%D9%81%D9%88%D9%86%D8%AA-%D8%AF%D8%B1-%D8%A2%D9%85%D8%AF%D8%A7%D9%84.jpg,sitemap_image,.jpg,post-sitemap.xml,yes,FACT: referenced in Yoast sitemap image/loc entries,no
https://abadis-med.com/wp-content/uploads/2024/12/%DA%A9%D9%86%DA%AF%D8%B1%D9%87-%DA%A9%D9%86%D8%AA%D8%B1%D9%84-%D8%B9%D9%81%D9%88%D9%86%D8%AA-%D8%A2%D8%A8%D8%A7%D8%AF%DB%8C%D8%B3.jpeg,sitemap_image,.jpeg,post-sitemap.xml,yes,FACT: referenced in Yoast sitemap image/loc entries,no
https://abadis-med.com/wp-content/uploads/2024/12/%D8%A2%D9%85%D8%AF%D8%A7%D9%84-%D9%88-%DA%A9%D9%86%DA%AF%D8%B1%D9%87-%D8%A2%D8%A8%D8%A7%D8%AF%DB%8C%D8%B3.jpeg,sitemap_image,.jpeg,post-sitemap.xml,yes,FACT: referenced in Yoast sitemap image/loc entries,no
https://abadis-med.com/wp-content/uploads/2024/12/%D8%AC%D9%84%D8%B3%D9%87-%DA%A9%D9%86%DA%AF%D8%B1%D9%87-%D8%A2%D8%A8%D8%A7%D8%AF%DB%8C%D8%B3.jpeg,sitemap_image,.jpeg,post-sitemap.xml,yes,FACT: referenced in Yoast sitemap image/loc entries,no
https://abadis-med.com/wp-content/uploads/2024/12/%D8%A7%D9%86%D8%AC%D9%85%D9%86-%D8%AA%D9%88%D9%84%DB%8C%D8%AF-%DA%A9%D9%86%D9%86%D8%AF%DA%AF%D8%A7%D9%86-%D9%88-%DA%A9%D9%86%D8%AA%D8%B1%D9%84-%D8%B9%D9%81%D9%88%D9%86%D8%AA-%D8%A2%D8%A8%D8%A7%D8%AF%DB%8C%D8%B3.jpeg,sitemap_image,.jpeg,post-sitemap.xml,yes,FACT: referenced in Yoast sitemap image/loc entries,no
https://abadis-med.com/wp-content/uploads/2024/11/%DA%A9%D9%86%DA%AF%D8%B1%D9%87-%DA%A9%D9%86%D8%AA%D8%B1%D9%84-%D8%B9%D9%81%D9%88%D9%86%D8%AA-1403-%D8%A2%D8%A8%D8%A7%D8%AF%DB%8C%D8%B3.jpg,sitemap_image,.jpg,post-sitemap.xml,yes,FACT: referenced in Yoast sitemap image/loc entries,no
https://abadis-med.com/wp-content/uploads/2024/12/%D8%AF%D8%B9%D9%88%D8%AA-%D9%86%D8%A7%D9%85%D9%87-%DA%A9%D9%86%DA%AF%D8%B1%D9%87-%DA%A9%D9%86%D8%AA%D8%B1%D9%84-%D8%B9%D9%81%D9%88%D9%86%D8%AA-%DB%B1%DB%B4%DB%B0%DB%B3-%D8%A2%D8%A8%D8%A7%D8%AF%DB%8C%D8%B3.jpg,sitemap_image,.jpg,post-sitemap.xml,yes,FACT: referenced in Yoast sitemap image/loc entries,no
https://abadis-med.com/wp-content/uploads/2024/12/%D9%85%D8%B5%D8%A7%D8%AD%D8%A8%D9%87-%D8%AA%DB%8C%D8%AA%D8%B1-%DA%A9%D9%88%D8%AA%D8%A7%D9%87-%D8%A8%D8%A7-%D9%85%D8%AF%DB%8C%D8%B1-%D8%B9%D8%A7%D9%85%D9%84-%D8%B4%D8%B1%DA%A9%D8%AA-%D8%A2%D8%A8%D8%A7%D8%AF%DB%8C%D8%B3-%D8%AF%D8%B1%D8%A8%D8%A7%D8%B1%D9%87-%D9%86%D9%85%D8%A7%DB%8C%D8%B4%DA%AF%D8%A7%D9%87-%D8%A7%DB%8C%D8%B1%D8%A7%D9%86-%DA%A9%D9%84%DB%8C%D9%86.jpg,sitemap_image,.jpg,post-sitemap.xml,yes,FACT: referenced in Yoast sitemap image/loc entries,no
https://abadis-med.com/wp-content/uploads/2024/12/%D9%85%D8%B5%D8%A7%D8%AD%D8%A8%D9%87-%D9%85%D9%87%D9%86%D8%AF%D8%B3-%D8%B9%D9%84%DB%8C%D8%B1%D8%B6%D8%A7-%D8%AD%D8%B3%D9%86%D8%B9%D9%84%DB%8C-%D8%A8%D8%A7-%D8%AA%DB%8C%D8%AA%D8%B1-%DA%A9%D9%88%D8%AA%D8%A7%D9%87-%D9%88-%D8%A7%DB%8C%D8%B1%D8%A7%D9%86-%DA%A9%D9%84%DB%8C%D9%86-%D8%A2%D8%A8%D8%A7%D8%AF%DB%8C%D8%B3--scaled.jpg,sitemap_image,.jpg,post-sitemap.xml,yes,FACT: referenced in Yoast sitemap image/loc entries,no
https://abadis-med.com/wp-content/uploads/2025/01/%DA%AF%D9%81%D8%AA-%D9%88-%DA%AF%D9%88%DB%8C-%D8%AF%DA%A9%D8%AA%D8%B1-%D9%85%DB%8C%D9%86%D9%88-%D9%85%D8%AD%D8%B1%D8%B2-%D8%AF%D8%B1%D8%A8%D8%A7%D8%B1%D9%87-%D9%86%D9%85%D8%A7%DB%8C%D8%B4%DA%AF%D8%A7%D9%87-%D8%A7%DB%8C%D8%B1%D8%A7%D9%86-%DA%A9%D9%84%DB%8C%D9%86.jpg,sitemap_image,.jpg,post-sitemap.xml,yes,FACT: referenced in Yoast sitemap image/loc entries,no
https://abadis-med.com/wp-content/uploads/2024/12/%D8%AD%D9%85%D8%A7%DB%8C%D8%AA-%D8%A2%D8%A8%D8%A7%D8%AF%DB%8C%D8%B3-%D8%A7%D8%B2-%DA%A9%D8%A7%D8%B1%D8%B2%D8%A7%D8%B1-%D9%85%D8%B7%D8%A7%D9%84%D8%A8%D8%A7%D8%AA-%D9%85%D8%B9%D9%88%D9%82-%D8%AA%D8%AC%D9%87%DB%8C%D8%B2%D8%A7%D8%AA-%D9%BE%D8%B2%D8%B4%DA%A9%DB%8C-1.jpg,sitemap_image,.jpg,post-sitemap.xml,yes,FACT: referenced in Yoast sitemap image/loc entries,no
https://abadis-med.com/wp-content/uploads/2024/12/%D8%AD%D9%85%D8%A7%DB%8C%D8%AA-%D8%A2%D8%A8%D8%A7%D8%AF%DB%8C%D8%B3-%D8%A7%D8%B2-%DA%A9%D8%A7%D8%B1%D8%B2%D8%A7%D8%B1-%D9%85%D8%B7%D8%A7%D9%84%D8%A8%D8%A7%D8%AA-%D9%85%D8%B9%D9%88%D9%82%D9%87-%D8%B4%D8%B1%DA%A9%D8%AA-%D9%87%D8%A7%DB%8C-%D8%AA%D8%AC%D9%87%DB%8C%D8%B2%D8%A7%D8%AA-%D9%BE%D8%B2%D8%B4%DA%A9%DB%8C.jpg,sitemap_image,.jpg,post-sitemap.xml,yes,FACT: referenced in Yoast sitemap image/loc entries,no
https://abadis-med.com/wp-content/uploads/2024/12/%DA%A9%D8%A7%D8%B1%D8%B2%D8%A7%D8%B1-%D9%85%D8%B7%D8%A7%D9%84%D8%A8%D8%A7%D8%AA-%D9%85%D8%B9%D9%88%D9%82%D9%87-%D8%AA%D8%AC%D9%87%DB%8C%D8%B2%D8%A7%D8%AA-%D9%BE%D8%B2%D8%B4%DA%A9%DB%8C-%D8%A2%D8%A8%D8%A7%D8%AF%DB%8C%D8%B3.jpg,sitemap_image,.jpg,post-sitemap.xml,yes,FACT: referenced in Yoast sitemap image/loc entries,no
https://abadis-med.com/wp-content/uploads/2024/12/%DA%A9%D8%A7%D8%B1%D8%B2%D8%A7%D8%B1-%D9%85%D8%B9%D9%88%D9%82%D8%A7%D8%AA-%D8%AA%D8%AC%D9%87%DB%8C%D8%B2%D8%A7%D8%AA-%D9%BE%D8%B2%D8%B4%DA%A9%DB%8C-%D8%A2%D8%A8%D8%A7%D8%AF%DB%8C%D8%B3.jpg,sitemap_image,.jpg,post-sitemap.xml,yes,FACT: referenced in Yoast sitemap image/loc entries,no
https://abadis-med.com/wp-content/uploads/2024/12/%DA%AF%D8%B2%D8%A7%D8%B1%D8%B4-%DA%A9%D9%86%DA%AF%D8%B1%D9%87-%DA%A9%D9%86%D8%AA%D8%B1%D9%84-%D8%B9%D9%81%D9%88%D9%86%D8%AA-1403-%D8%A2%D8%A8%D8%A7%D8%AF%DB%8C%D8%B3.jpg,sitemap_image,.jpg,post-sitemap.xml,yes,FACT: referenced in Yoast sitemap image/loc entries,no
https://abadis-med.com/wp-content/uploads/2024/12/%D9%85%D8%B1%D8%A7%D8%B3%D9%85-%D8%A7%D9%81%D8%AA%D8%AA%D8%A7%D8%AD%DB%8C%D9%87-%D8%AF%D9%88%D8%A7%D8%B2%D8%AF%D9%87%D9%85%DB%8C%D9%86-%DA%A9%D9%86%DA%AF%D8%B1%D9%87-%DA%A9%D9%86%D8%AA%D8%B1%D9%84-%D8%B9%D9%81%D9%88%D9%86%D8%AA-%D8%A2%D8%A8%D8%A7%D8%AF%DB%8C%D8%B3.jpg,sitemap_image,.jpg,post-sitemap.xml,yes,FACT: referenced in Yoast sitemap image/loc entries,no
https://abadis-med.com/wp-content/uploads/2024/12/%D9%85%D8%B1%D8%A7%D8%B3%D9%85-%D8%A7%D9%81%D8%AA%D8%AA%D8%A7%D8%AD%DB%8C%D9%87-%DA%A9%D9%86%DA%AF%D8%B1%D9%87-%D8%A2%D8%A8%D8%A7%D8%AF%DB%8C%D8%B3.jpg,sitemap_image,.jpg,post-sitemap.xml,yes,FACT: referenced in Yoast sitemap image/loc entries,no
https://abadis-med.com/wp-content/uploads/2024/12/%D8%BA%D8%B1%D9%81%D9%87-%D9%85%D8%AE%D8%A7%D8%B2%D9%86-%D8%B7%D8%A8%DB%8C-%D8%A2%D8%A8%D8%A7%D8%AF%DB%8C%D8%B3-%D8%AF%D8%B1-%DA%A9%D9%86%DA%AF%D8%B1%D9%87-%DA%A9%D9%86%D8%AA%D8%B1%D9%84-%D8%B9%D9%81%D9%88%D9%86%D8%AA-%D8%A2%D8%A8%D8%A7%D8%AF%DB%8C%D8%B3.jpg,sitemap_image,.jpg,post-sitemap.xml,yes,FACT: referenced in Yoast sitemap image/loc entries,no
https://abadis-med.com/wp-content/uploads/2024/12/%DA%A9%DB%8C%D8%B3%D9%87-%D8%B3%D8%A7%DA%A9%D8%B4%D9%86-%DB%8C%DA%A9%D8%A8%D8%A7%D8%B1-%D9%85%D8%B5%D8%B1%D9%81-%D8%A2%D8%A8%D8%A7%D8%AF%DB%8C%D8%B3.jpg,sitemap_image,.jpg,post-sitemap.xml,yes,FACT: referenced in Yoast sitemap image/loc entries,no
https://abadis-med.com/wp-content/uploads/2024/12/%D8%A7%D8%B1%D8%A7%D8%A6%D9%87-%D9%85%D8%AD%D8%B5%D9%88%D9%84%D8%A7%D8%AA-%D8%A2%D8%A8%D8%A7%D8%AF%DB%8C%D8%B3-%D8%A8%D9%87-%D8%A8%D8%A7%D8%B2%D8%AF%DB%8C%D8%AF%DA%A9%D9%86%D9%86%D8%AF%DA%AF%D8%A7%D9%86-%D8%AF%D8%B1-%DA%A9%D9%86%DA%AF%D8%B1%D9%87-%DA%A9%D9%86%D8%AA%D8%B1%D9%84-%D8%B9%D9%81%D9%88%D9%86%D8%AA-%D8%A2%D8%A8%D8%A7%D8%AF%DB%8C%D8%B3.jpg,sitemap_image,.jpg,post-sitemap.xml,yes,FACT: referenced in Yoast sitemap image/loc entries,no
https://abadis-med.com/wp-content/uploads/2024/12/%D8%A7%D8%B1%D8%A7%D8%A6%D9%87-%D9%85%D8%AD%D8%B5%D9%88%D9%84%D8%A7%D8%AA-%D8%A2%D8%A8%D8%A7%D8%AF%DB%8C%D8%B3.jpg,sitemap_image,.jpg,post-sitemap.xml,yes,FACT: referenced in Yoast sitemap image/loc entries,no
https://abadis-med.com/wp-content/uploads/2024/12/%D8%AA%D8%B9%D8%A7%D9%85%D9%84%D8%A7%D8%AA-%D8%AF%D8%B1-%DA%A9%D9%86%DA%AF%D8%B1%D9%87-%DA%A9%D9%86%D8%AA%D8%B1%D9%84-%D8%B9%D9%81%D9%88%D9%86%D8%AA-%D8%A2%D8%A8%D8%A7%D8%AF%DB%8C%D8%B3.jpg,sitemap_image,.jpg,post-sitemap.xml,yes,FACT: referenced in Yoast sitemap image/loc entries,no
https://abadis-med.com/wp-content/uploads/2024/12/%D8%AA%DB%8C%D9%85-%D8%A2%D8%A8%D8%A7%D8%AF%DB%8C%D8%B3-%D8%AF%D8%B1-%DA%A9%D9%86%DA%AF%D8%B1%D9%87-%DA%A9%D9%86%D8%AA%D8%B1%D9%84-%D8%B9%D9%81%D9%88%D9%86%D8%AA-%DB%B1%DB%B4%DB%B0%DB%B3.jpg,sitemap_image,.jpg,post-sitemap.xml,yes,FACT: referenced in Yoast sitemap image/loc entries,no
https://abadis-med.com/wp-content/uploads/2024/12/%D8%AF%DB%8C%D8%AF%D8%A7%D8%B1-%D8%AF%DA%A9%D8%AA%D8%B1-%D9%82%D8%A7%D8%B3%D9%85%DB%8C-%D8%A8%D8%A7-%D9%85%D8%AF%DB%8C%D8%B1%D8%A7%D9%86-%D8%A2%D8%A8%D8%A7%D8%AF%DB%8C%D8%B3.jpg,sitemap_image,.jpg,post-sitemap.xml,yes,FACT: referenced in Yoast sitemap image/loc entries,no
https://abadis-med.com/wp-content/uploads/2024/12/%D9%86%D9%85%D8%A7%DB%8C%D9%86%D8%AF%D9%87-%D9%85%D8%AD%D8%AA%D8%B1%D9%85-%D9%85%D8%A7%D8%B2%D9%86%D8%AF%D8%B1%D8%A7%D9%86-%D8%A2%D8%A8%D8%A7%D8%AF%DB%8C%D8%B3.jpg,sitemap_image,.jpg,post-sitemap.xml,yes,FACT: referenced in Yoast sitemap image/loc entries,no
https://abadis-med.com/wp-content/uploads/2024/12/%D9%86%D9%85%D8%A7%DB%8C%D9%86%D8%AF%D9%87-%D9%85%D8%AD%D8%AA%D8%B1%D9%85-%D8%AA%D9%87%D8%B1%D8%A7%D9%86-%D8%A2%D8%A8%D8%A7%D8%AF%DB%8C%D8%B3.jpg,sitemap_image,.jpg,post-sitemap.xml,yes,FACT: referenced in Yoast sitemap image/loc entries,no
https://abadis-med.com/wp-content/uploads/2024/12/%D9%85%D8%B5%D8%A7%D8%AD%D8%A8%D9%87-%D9%85%D8%AF%DB%8C%D8%B1%D8%A7%D9%86-%D8%A2%D8%A8%D8%A7%D8%AF%DB%8C%D8%B3-%D8%AF%D8%B1-%DA%A9%D9%86%DA%A9%D8%B1%D9%87-%DA%A9%D9%86%D8%AA%D8%B1%D9%84-%D8%B9%D9%81%D9%88%D9%86%D8%AA-%DB%B1%DB%B4%DB%B0%DB%B3.jpg,sitemap_image,.jpg,post-sitemap.xml,yes,FACT: referenced in Yoast sitemap image/loc entries,no
https://abadis-med.com/wp-content/uploads/2024/12/%D9%82%D8%B1%D8%B9%D9%87-%DA%A9%D8%B4%DB%8C-%D8%A2%D8%A8%D8%A7%D8%AF%DB%8C%D8%B3-%D8%AF%D8%B1-%DA%A9%D9%86%DA%AF%D8%B1%D9%87-%DA%A9%D9%86%D8%AA%D8%B1%D9%84-%D8%B9%D9%81%D9%88%D9%86%D8%AA.jpg,sitemap_image,.jpg,post-sitemap.xml,yes,FACT: referenced in Yoast sitemap image/loc entries,no
https://abadis-med.com/wp-content/uploads/2024/12/%D9%85%D8%B1%D8%A7%D8%B3%D9%85-%D8%A7%D8%AE%D8%AA%D8%AA%D8%A7%D9%85%DB%8C%D9%87-%DA%A9%D9%86%DA%AF%D8%B1%D9%87-%DA%A9%D9%86%D8%AA%D8%B1%D9%84-%D8%B9%D9%81%D9%88%D9%86%D8%AA-%DB%B1%DB%B4%DB%B0%DB%B3-%D8%A2%D8%A8%D8%A7%D8%AF%DB%8C%D8%B3.jpg,sitemap_image,.jpg,post-sitemap.xml,yes,FACT: referenced in Yoast sitemap image/loc entries,no
https://abadis-med.com/wp-content/uploads/2024/12/%D9%85%D8%B1%D8%A7%D8%B3%D9%85-%D9%82%D8%B1%D8%B9%D9%87-%DA%A9%D8%B4%DB%8C-%D8%A2%D8%A8%D8%A7%D8%AF%DB%8C%D8%B3-%D8%AF%D8%B1-%D8%A7%D8%AE%D8%AA%D8%AA%D8%A7%D9%85%DB%8C%D9%87-%DA%A9%D9%86%DA%AF%D8%B1%D9%87.jpg,sitemap_image,.jpg,post-sitemap.xml,yes,FACT: referenced in Yoast sitemap image/loc entries,no
https://abadis-med.com/wp-content/uploads/2024/12/%D8%A8%D8%B1%D9%86%D8%AF%D9%87-%D9%82%D8%B1%D8%B9%D9%87-%DA%A9%D8%B4%DB%8C-%D8%A2%D8%A8%D8%A7%D8%AF%DB%8C%D8%B3-%D8%AF%D8%B1-%DA%A9%D9%86%DA%AF%D8%B1%D9%87-%DA%A9%D9%86%D8%AA%D8%B1%D9%84-%D8%B9%D9%81%D9%88%D9%86%D8%AA.jpg,sitemap_image,.jpg,post-sitemap.xml,yes,FACT: referenced in Yoast sitemap image/loc entries,no
https://abadis-med.com/wp-content/uploads/2024/12/%D9%84%D9%88%D8%AD-%D8%B3%D9%BE%D8%A7%D8%B3-%DA%A9%D9%86%DA%AF%D8%B1%D9%87-%DA%A9%D9%86%D8%AA%D8%B1%D9%84-%D8%B9%D9%81%D9%88%D9%86%D8%AA-%D8%A2%D8%A8%D8%A7%D8%AF%DB%8C%D8%B3.jpg,sitemap_image,.jpg,post-sitemap.xml,yes,FACT: referenced in Yoast sitemap image/loc entries,no
https://abadis-med.com/wp-content/uploads/2025/01/%D9%85%D8%B5%D8%A7%D8%AD%D8%A8%D9%87-%D9%85%D8%AF%DB%8C%D8%B1%D8%A7%D9%86-%D8%A2%D8%A8%D8%A7%D8%AF%DB%8C%D8%B3-%D8%A8%D8%A7-%DA%AF%D8%B1%D9%88%D9%87-%D8%AA%D9%85%D9%BE%D8%A7.jpg,sitemap_image,.jpg,post-sitemap.xml,yes,FACT: referenced in Yoast sitemap image/loc entries,no
https://abadis-med.com/wp-content/uploads/2025/02/%D8%AD%D9%81%D8%A7%D8%B8%D8%AA-%D8%A7%D8%B2-%D9%85%D8%AD%DB%8C%D8%B7-%D8%B2%DB%8C%D8%B3%D8%AA-%D9%88-%DA%A9%D9%86%D8%AA%D8%B1%D9%84-%D8%B9%D9%81%D9%88%D9%86%D8%AA%D8%9B-%D8%AF%D8%B3%D8%AA%D8%A7%D9%88%D8%B1%D8%AF%D9%87%D8%A7%DB%8C-%D8%A2%D8%A8%D8%A7%D8%AF%DB%8C%D8%B3-%D8%AF%D8%B1-%D9%85%D8%B5%D8%A7%D8%AD%D8%A8%D9%87-%D8%A8%D8%A7-%D8%B5%D8%AF%D8%A7%D9%88%D8%B3%DB%8C%D9%85%D8%A7-%D8%A2%D8%A8%D8%A7%D8%AF%DB%8C%D8%B3.jpg,sitemap_image,.jpg,post-sitemap.xml,yes,FACT: referenced in Yoast sitemap image/loc entries,no
https://abadis-med.com/wp-content/uploads/2025/02/%D8%AF%DA%A9%D8%AA%D8%B1-%D8%B1%D8%A6%DB%8C%D8%B3%DB%8C-%DA%A9%DB%8C%D8%B3%D9%87-%D8%B3%D8%A7%DA%A9%D8%B4%D9%86-%DB%8C%DA%A9%D8%A8%D8%A7%D8%B1-%D9%85%D8%B5%D8%B1%D9%81-%D8%A2%D8%A8%D8%A7%D8%AF%DB%8C%D8%B3.jpg,sitemap_image,.jpg,post-sitemap.xml,yes,FACT: referenced in Yoast sitemap image/loc entries,no
https://abadis-med.com/wp-content/uploads/2025/01/%D8%B4%D8%A7%D8%AE%D8%B5-%D9%87%D8%A7%DB%8C-%DA%A9%D9%86%D8%AA%D8%B1%D9%84-%D8%B9%D9%81%D9%88%D9%86%D8%AA-%D8%A8%DB%8C%D9%85%D8%A7%D8%B1%D8%B3%D8%AA%D8%A7%D9%86%DB%8C-%D8%A2%D8%A8%D8%A7%D8%AF%DB%8C%D8%B3.jpg,sitemap_image,.jpg,post-sitemap.xml,yes,FACT: referenced in Yoast sitemap image/loc entries,no
https://abadis-med.com/wp-content/uploads/2024/11/%D8%B4%D8%B1%DA%A9%D8%AA-%D9%87%D8%A7%DB%8C-%D8%AF%D8%A7%D9%86%D8%B4-%D8%A8%D9%86%DB%8C%D8%A7%D9%86-%D8%AF%D8%B1-%D8%AA%D8%AC%D9%87%DB%8C%D8%B2%D8%A7%D8%AA-%D9%BE%D8%B2%D8%B4%DA%A9%DB%8C-%D8%A2%D8%A8%D8%A7%D8%AF%DB%8C%D8%B3.jpg,sitemap_image,.jpg,post-sitemap.xml,yes,FACT: referenced in Yoast sitemap image/loc entries,no
https://abadis-med.com/wp-content/uploads/2024/11/%D8%B4%D8%B1%DA%A9%D8%AA-%D9%87%D8%A7%DB%8C-%D8%AF%D8%A7%D9%86%D8%B4-%D8%A8%D9%86%DB%8C%D8%A7%D9%86-%D8%A2%D8%A8%D8%A7%D8%AF%DB%8C%D8%B3.png,sitemap_image,.png,post-sitemap.xml,yes,FACT: referenced in Yoast sitemap image/loc entries,no
https://abadis-med.com/wp-content/uploads/2024/11/%D8%AA%D8%AC%D9%87%DB%8C%D8%B2%D8%A7%D8%AA-%D9%88-%D9%85%D9%84%D8%B2%D9%88%D9%85%D8%A7%D8%AA-%D9%BE%D8%B2%D8%B4%DA%A9%DB%8C-%D8%A2%D8%A8%D8%A7%D8%AF%DB%8C%D8%B3.jpg,sitemap_image,.jpg,post-sitemap.xml,yes,FACT: referenced in Yoast sitemap image/loc entries,no
https://abadis-med.com/wp-content/uploads/2025/02/%DA%A9%DB%8C%D8%B3%D9%87-%D8%B3%D8%A7%DA%A9%D8%B4%D9%86-%DB%8C%DA%A9%D8%A8%D8%A7%D8%B1-%D9%85%D8%B5%D8%B1%D9%81-%D9%88-%DA%A9%D8%A7%D9%87%D8%B4-%D8%B9%D9%81%D9%88%D9%86%D8%AA-%D8%A8%DB%8C%D9%85%D8%A7%D8%B1%D8%B3%D8%AA%D8%A7%D9%86%DB%8C-%D8%A2%D8%A8%D8%A7%D8%AF%DB%8C%D8%B3.jpg,sitemap_image,.jpg,post-sitemap.xml,yes,FACT: referenced in Yoast sitemap image/loc entries,no
https://abadis-med.com/wp-content/uploads/2025/02/%D8%A7%D9%86%D8%AA%D8%AE%D8%A7%D8%A8%D8%A7%D8%AA-%D8%A7%D8%AA%D8%AD%D8%A7%D8%AF%DB%8C%D9%87-%D8%A8%D8%A7%D8%B2%D8%B1%DA%AF%D8%A7%D9%86%D8%A7%D9%86-%D8%AA%D8%AC%D9%87%DB%8C%D8%B2%D8%A7%D8%AA-%D9%BE%D8%B2%D8%B4%DA%A9%DB%8C-%D8%A7%DB%8C%D8%B1%D8%A7%D9%86.jpg,sitemap_image,.jpg,post-sitemap.xml,yes,FACT: referenced in Yoast sitemap image/loc entries,no
https://abadis-med.com/wp-content/uploads/2025/02/%DA%86%D8%A7%D9%84%D8%B4%E2%80%8C%D9%87%D8%A7%DB%8C-%D9%85%D8%A7%D9%84%DB%8C-%D8%AF%D8%B1-%D8%B5%D9%86%D8%B9%D8%AA-%D8%AA%D8%AC%D9%87%DB%8C%D8%B2%D8%A7%D8%AA-%D9%BE%D8%B2%D8%B4%DA%A9%DB%8C-%D8%A2%D8%A8%D8%A7%D8%AF%DB%8C%D8%B3.jpg,sitemap_image,.jpg,post-sitemap.xml,yes,FACT: referenced in Yoast sitemap image/loc entries,no
https://abadis-med.com/wp-content/uploads/2025/01/%D9%85%D8%AC%D9%85%D8%B9-%D9%88-%D8%A7%D9%86%D8%AA%D8%AE%D8%A7%D8%A8%D8%A7%D8%AA-%D8%A2%D9%85%D8%AF%D8%A7%D9%84-%D8%A2%D8%A8%D8%A7%D8%AF%DB%8C%D8%B3.jpg,sitemap_image,.jpg,post-sitemap.xml,yes,FACT: referenced in Yoast sitemap image/loc entries,no
https://abadis-med.com/wp-content/uploads/2025/01/%D8%A7%D9%86%D8%AA%D8%AE%D8%A7%D8%A8%D8%A7%D8%AA-%D8%A7%D9%86%D8%AC%D9%85%D9%86-%D8%A2%D8%A8%D8%A7%D8%AF%DB%8C%D8%B3.png,sitemap_image,.png,post-sitemap.xml,yes,FACT: referenced in Yoast sitemap image/loc entries,no
https://abadis-med.com/wp-content/uploads/2025/01/%D8%B3%D8%B1%DA%A9%D8%A7%D8%B1-%D8%AE%D8%A7%D9%86%D9%85-%D9%82%D8%A7%D8%B3%D9%85%DB%8C-%D8%A7%D9%86%D8%AC%D9%85%D9%86-%D8%A2%D9%85%D8%AF%D8%A7%D9%84-%D8%A2%D8%A8%D8%A7%D8%AF%DB%8C%D8%B3.png,sitemap_image,.png,post-sitemap.xml,yes,FACT: referenced in Yoast sitemap image/loc entries,no
https://abadis-med.com/wp-content/uploads/2025/01/%D9%85%D9%87%D9%86%D8%AF%D8%B3-%D9%86%D9%88%DB%8C%D8%AF-%D8%AD%D8%B3%D9%86%D8%B9%D9%84%DB%8C-%D8%A7%D9%86%D8%AA%D8%AE%D8%A7%D8%A8%D8%A7%D8%AA-%D8%A7%D9%86%D8%AC%D9%85%D9%86-%D8%AA%D9%88%D9%84%DB%8C%D8%AF%DA%A9%D9%86%D9%86%D8%AF%DA%AF%D8%A7%D9%86-%D8%AA%D8%AC%D9%87%DB%8C%D8%B2%D8%A7%D8%AA-%D9%BE%D8%B2%D8%B4%DA%A9%DB%8C-%D8%A2%D8%A8%D8%A7%D8%AF%DB%8C%D8%B3.png,sitemap_image,.png,post-sitemap.xml,yes,FACT: referenced in Yoast sitemap image/loc entries,no
https://abadis-med.com/wp-content/uploads/2025/01/%D8%A7%D9%86%D8%AA%D8%AE%D8%A7%D8%A8%D8%A7%D8%AA-%D8%A7%D9%86%D8%AC%D9%85%D9%865.jpg,sitemap_image,.jpg,post-sitemap.xml,yes,FACT: referenced in Yoast sitemap image/loc entries,no
https://abadis-med.com/wp-content/uploads/2025/01/%DA%AF%D8%B2%D8%A7%D8%B1%D8%B4-%D8%AD%D8%B6%D9%88%D8%B1-%D8%A2%D8%A8%D8%A7%D8%AF%DB%8C%D8%B3-%D8%AF%D8%B1-%D8%A7%DB%8C%D8%B1%D8%A7%D9%86-%DA%A9%D9%84%DB%8C%D9%86-%DB%B2%DB%B0%DB%B2%DB%B5-%D8%A2%D8%A8%D8%A7%D8%AF%DB%8C%D8%B3.jpg,sitemap_image,.jpg,post-sitemap.xml,yes,FACT: referenced in Yoast sitemap image/loc entries,no
https://abadis-med.com/wp-content/uploads/2025/01/%D8%AF%DA%A9%D8%AA%D8%B1-%D9%85%DB%8C%D9%86%D9%88-%D9%85%D8%AD%D8%B1%D8%B2-%D8%A7%DB%8C%D8%B1%D8%A7%D9%86-%DA%A9%D9%84%DB%8C%D9%86-%D8%A2%D8%A8%D8%A7%D8%AF%DB%8C%D8%B3.jpg,sitemap_image,.jpg,post-sitemap.xml,yes,FACT: referenced in Yoast sitemap image/loc entries,no
https://abadis-med.com/wp-content/uploads/2025/01/%D8%AF%DA%A9%D8%AA%D8%B1-%D8%B1%DB%8C%DB%8C%D8%B3%DB%8C-%D8%A7%DB%8C%D8%B1%D8%A7%D9%86-%DA%A9%D9%84%DB%8C%D9%86-%DB%B2%DB%B0%DB%B2%DB%B5-%D8%A2%D8%A8%D8%A7%D8%AF%DB%8C%D8%B3.jpg,sitemap_image,.jpg,post-sitemap.xml,yes,FACT: referenced in Yoast sitemap image/loc entries,no
https://abadis-med.com/wp-content/uploads/2025/01/%D8%AF%DA%A9%D8%AA%D8%B1-%D8%B4%D9%81%DB%8C%D8%B9%DB%8C-%D8%AF%D8%B1-%D8%A8%D8%A7%D8%B2%D8%AF%DB%8C%D8%AF-%D8%A7%D8%B2-%D8%BA%D8%B1%D9%81%D9%87-%D8%B4%D8%B1%DA%A9%D8%AA-%D8%AF%D8%A7%D9%86%D8%B4-%D8%A8%D9%86%DB%8C%D8%A7%D9%86-%D9%85%D8%AE%D8%A7%D8%B2%D9%86-%D8%B7%D8%A8%DB%8C-%D8%A2%D8%A8%D8%A7%D8%AF%DB%8C%D8%B3-%D8%A2%D8%A8%D8%A7%D8%AF%DB%8C%D8%B3-scaled.jpg,sitemap_image,.jpg,post-sitemap.xml,yes,FACT: referenced in Yoast sitemap image/loc entries,no
https://abadis-med.com/wp-content/uploads/2025/01/%D8%A7%D8%B1%D8%A7%D8%A6%D9%87-%DA%A9%DB%8C%D8%B3%D9%87-%D8%B3%D8%A7%DA%A9%D8%B4%D9%86-%D8%A8%D9%87-%D8%B3%D9%81%D8%B1%D8%A7%DB%8C-%DA%A9%D8%B4%D9%88%D8%B1-%D8%A2%D9%81%D8%B1%DB%8C%D9%82%D8%A7%DB%8C%DB%8C-%D8%AF%D8%B1-%D8%A7%DB%8C%D8%B1%D8%A7%D9%86-%DA%A9%D9%84%DB%8C%D9%86-%D8%A2%D8%A8%D8%A7%D8%AF%DB%8C%D8%B3-scaled.jpg,sitemap_image,.jpg,post-sitemap.xml,yes,FACT: referenced in Yoast sitemap image/loc entries,no
https://abadis-med.com/wp-content/uploads/2025/01/%DA%A9%D9%86%DA%AF%D8%B1%D9%87-%D8%A7%DB%8C%D8%B1%D8%A7%D9%86-%DA%A9%D9%84%DB%8C%D9%86-%D8%A2%D8%A8%D8%A7%D8%AF%DB%8C%D8%B3.jpg,sitemap_image,.jpg,post-sitemap.xml,yes,FACT: referenced in Yoast sitemap image/loc entries,no
https://abadis-med.com/wp-content/uploads/2025/01/%D9%BE%D9%86%D9%84-%D9%87%D8%A7%DB%8C-%DA%A9%D9%86%DA%AF%D8%B1%D9%87-%D8%A7%DB%8C%D8%B1%D8%A7%D9%86-%DA%A9%D9%84%DB%8C%D9%86-%D8%A2%D8%A8%D8%A7%D8%AF%DB%8C%D8%B3.jpg,sitemap_image,.jpg,post-sitemap.xml,yes,FACT: referenced in Yoast sitemap image/loc entries,no
https://abadis-med.com/wp-content/uploads/2025/01/%D8%A7%DB%8C%D8%B1%D8%A7%D9%86-%DA%A9%D9%84%DB%8C%D9%86-%D9%BE%D9%86%D9%84-%D8%A2%D8%A8%D8%A7%D8%AF%DB%8C%D8%B3-scaled.jpg,sitemap_image,.jpg,post-sitemap.xml,yes,FACT: referenced in Yoast sitemap image/loc entries,no
https://abadis-med.com/wp-content/uploads/2025/01/%D8%BA%D8%B1%D9%81%D9%87-%D8%A2%D8%A8%D8%A7%D8%AF%DB%8C%D8%B3-%D8%AF%D8%B1-%D8%A7%DB%8C%D8%B1%D8%A7%D9%86-%DA%A9%D9%84%DB%8C%D9%86-%DB%B2%DB%B0%DB%B2%DB%B5-%D8%A2%D8%A8%D8%A7%D8%AF%DB%8C%D8%B3-scaled.jpg,sitemap_image,.jpg,post-sitemap.xml,yes,FACT: referenced in Yoast sitemap image/loc entries,no
https://abadis-med.com/wp-content/uploads/2025/01/%D9%86%D8%B4%D8%B3%D8%AA-%D9%88-%D9%85%D8%B0%D8%A7%DA%A9%D8%B1%D8%A7%D8%AA-%D8%AF%D8%B1-%D8%A7%DB%8C%D8%B1%D8%A7%D9%86-%DA%A9%D9%84%DB%8C%D9%86-%D8%A2%D8%A8%D8%A7%D8%AF%DB%8C%D8%B3-scaled.jpg,sitemap_image,.jpg,post-sitemap.xml,yes,FACT: referenced in Yoast sitemap image/loc entries,no
https://abadis-med.com/wp-content/uploads/2025/01/%D8%A7%D8%B1%D8%A7%D8%A6%D9%87-%DA%A9%DB%8C%D8%B3%D9%87-%D8%B3%D8%A7%DA%A9%D8%B4%D9%86-%DB%8C%DA%A9%D8%A8%D8%A7%D8%B1-%D9%85%D8%B5%D8%B1%D9%81-%D8%A7%DB%8C%D8%B1%D8%A7%D9%86-%DA%A9%D9%84%DB%8C%D9%86-%D8%A2%D8%A8%D8%A7%D8%AF%DB%8C%D8%B3-scaled.jpg,sitemap_image,.jpg,post-sitemap.xml,yes,FACT: referenced in Yoast sitemap image/loc entries,no
https://abadis-med.com/wp-content/uploads/2025/01/%D8%AF%DB%8C%D8%AF%D8%A7%D8%B1-%D8%B3%D8%B1%DA%A9%D8%A7%D8%B1%D8%AE%D8%A7%D9%86%D9%85-%D8%AF%DA%A9%D8%AA%D8%B1-%D9%85%DB%8C%D9%86%D9%88-%D9%85%D8%AD%D8%B1%D8%B2-%D8%A7%D8%B2-%D8%BA%D8%B1%D9%81%D9%87-%D8%A2%D8%A8%D8%A7%D8%AF%DB%8C%D8%B3-%D8%A2%D8%A8%D8%A7%D8%AF%DB%8C%D8%B3-scaled.jpg,sitemap_image,.jpg,post-sitemap.xml,yes,FACT: referenced in Yoast sitemap image/loc entries,no
https://abadis-med.com/wp-content/uploads/2025/01/%D8%A7%D8%B1%D8%A7%D8%A6%D9%87-%DA%A9%DB%8C%D8%B3%D9%87-%D8%B3%D8%A7%DA%A9%D8%B4%D9%86-%DB%8C%DA%A9%D8%A8%D8%A7%D8%B1-%D9%85%D8%B5%D8%B1%D9%81-%D8%A2%D8%A8%D8%A7%D8%AF%DB%8C%D8%B3-%D8%A8%D9%87-%D8%AF%DA%A9%D8%AA%D8%B1-%D8%B9%D9%84%DB%8C%D8%B1%D8%B6%D8%A7-%D8%B1%D8%A6%DB%8C%D8%B3%DB%8C-%D9%88%D8%B2%D8%A7%D8%B1%D8%AA-%D8%A8%D9%87%D8%AF%D8%A7%D8%B4%D8%AA-%D8%A2%D8%A8%D8%A7%D8%AF%DB%8C%D8%B3-scaled.jpg,sitemap_image,.jpg,post-sitemap.xml,yes,FACT: referenced in Yoast sitemap image/loc entries,no
https://abadis-med.com/wp-content/uploads/2025/01/%D8%A7%D8%B1%D8%A7%D8%A6%D9%87-%D9%85%D8%AD%D8%B5%D9%88%D9%84-%D9%85%D8%AE%D8%A7%D8%B2%D9%86-%D8%B7%D8%A8%DB%8C-%D8%A2%D8%A8%D8%A7%D8%AF%DB%8C%D8%B3-%D8%A7%DB%8C%D8%B1%D8%A7%D9%86-%DA%A9%D9%84%DB%8C%D9%86-%D8%A2%D8%A8%D8%A7%D8%AF%DB%8C%D8%B3-scaled.jpg,sitemap_image,.jpg,post-sitemap.xml,yes,FACT: referenced in Yoast sitemap image/loc entries,no
https://abadis-med.com/wp-content/uploads/2025/01/%D8%A7%D8%B1%D8%A7%D8%A6%D9%87-%DA%A9%DB%8C%D8%B3%D9%87-%D8%B3%D8%A7%DA%A9%D8%B4%D9%86-%DB%8C%DA%A9%D8%A8%D8%A7%D8%B1-%D9%85%D8%B5%D8%B1%D9%81-%D8%AF%D8%B1-%D8%AF%DB%8C%D8%AF%D8%A7%D8%B1-%D8%B3%D9%81%D8%B1%D8%A7%DB%8C-%D8%BA%D9%86%D8%A7-%D8%A2%D8%A8%D8%A7%D8%AF%DB%8C%D8%B3-scaled.jpg,sitemap_image,.jpg,post-sitemap.xml,yes,FACT: referenced in Yoast sitemap image/loc entries,no
https://abadis-med.com/wp-content/uploads/2025/01/%D8%AA%DB%8C%D9%85-%D8%A2%D8%A8%D8%A7%D8%AF%DB%8C%D8%B3-%D8%AF%D8%B1-%D8%A7%DB%8C%D8%B1%D8%A7%D9%86-%DA%A9%D9%84%DB%8C%D9%86-%DB%B2%DB%B0%DB%B2%DB%B5-%D8%A2%D8%A8%D8%A7%D8%AF%DB%8C%D8%B3-scaled.jpg,sitemap_image,.jpg,post-sitemap.xml,yes,FACT: referenced in Yoast sitemap image/loc entries,no
https://abadis-med.com/wp-content/uploads/2025/01/%D8%A7%D9%87%D8%AF%D8%A7%D8%A1-%D8%AA%D9%86%D8%AF%DB%8C%D8%B3-%D8%A7%DB%8C%D8%B1%D8%A7%D9%86-%DA%A9%D9%84%DB%8C%D9%86-%D8%A2%D8%A8%D8%A7%D8%AF%DB%8C%D8%B3-scaled.jpg,sitemap_image,.jpg,post-sitemap.xml,yes,FACT: referenced in Yoast sitemap image/loc entries,no
https://abadis-med.com/wp-content/uploads/2025/02/%D8%AA%D8%AC%D9%87%DB%8C%D8%B2%D8%A7%D8%AA-%D9%BE%D8%B2%D8%B4%DA%A9%DB%8C-%D9%85%D8%B5%D8%B1%D9%81%DB%8C-%D9%88-%D9%85%D9%84%D8%B2%D9%88%D9%85%D8%A7%D8%AA-%D9%85%D8%B5%D8%B1%D9%81%DB%8C-%D8%A2%D8%A8%D8%A7%D8%AF%DB%8C%D8%B3.jpg,sitemap_image,.jpg,post-sitemap.xml,yes,FACT: referenced in Yoast sitemap image/loc entries,no
https://abadis-med.com/wp-content/uploads/2024/11/%D9%85%D9%84%D8%B2%D9%88%D9%85%D8%A7%D8%AA-%D9%88-%D8%AA%D8%AC%D9%87%DB%8C%D8%B2%D8%A7%D8%AA-%D9%BE%D8%B2%D8%B4%DA%A9%DB%8C-%D9%85%D8%B5%D8%B1%D9%81%DB%8C-%D8%A2%D8%A8%D8%A7%D8%AF%DB%8C%D8%B3.webp,sitemap_image,.webp,post-sitemap.xml,yes,FACT: referenced in Yoast sitemap image/loc entries,no
https://abadis-med.com/wp-content/uploads/2024/11/%D9%85%D9%84%D8%B2%D9%88%D9%85%D8%A7%D8%AA-%D9%85%D8%B5%D8%B1%D9%81%DB%8C-%D8%A2%D8%A8%D8%A7%D8%AF%DB%8C%D8%B3.webp,sitemap_image,.webp,post-sitemap.xml,yes,FACT: referenced in Yoast sitemap image/loc entries,no
https://abadis-med.com/wp-content/uploads/2025/03/%D9%81%DB%8C%D9%86%DA%AF%D8%B1%D8%AA%DB%8C%D9%BE-%D8%B1%D8%A7%D8%A8%D8%B7-%D8%B3%D8%A7%DA%A9%D8%B4%D9%86-%DA%86%DB%8C%D8%B3%D8%AA%D8%9F-%D8%A2%D8%A8%D8%A7%D8%AF%DB%8C%D8%B3.jpg,sitemap_image,.jpg,post-sitemap.xml,yes,FACT: referenced in Yoast sitemap image/loc entries,no
https://abadis-med.com/wp-content/uploads/2025/03/%D8%AF%D8%B3%D8%AA%D8%A7%D9%88%D8%B1%D8%AF%D9%87%D8%A7%DB%8C-%D8%A2%D8%A8%D8%A7%D8%AF%DB%8C%D8%B3-%D8%AF%D8%B1-%D8%AA%D9%88%D8%B3%D8%B9%D9%87-%DA%A9%DB%8C%D8%B3%D9%87-%D8%B3%D8%A7%DA%A9%D8%B4%D9%86-%DB%8C%DA%A9%D8%A8%D8%A7%D8%B1-%D9%85%D8%B5%D8%B1%D9%81.jpg,sitemap_image,.jpg,post-sitemap.xml,yes,FACT: referenced in Yoast sitemap image/loc entries,no
https://abadis-med.com/wp-content/uploads/2025/03/%D8%AF%D8%B3%D8%AA%D8%A7%D9%88%D8%B1%D8%AF-%D8%A2%D8%A8%D8%A7%D8%AF%DB%8C%D8%B3-%D8%B5%D8%B1%D9%81%D9%87-%D8%AC%D9%88%DB%8C%DB%8C-%D9%87%D8%A7.webp,sitemap_image,.webp,post-sitemap.xml,yes,FACT: referenced in Yoast sitemap image/loc entries,no
https://abadis-med.com/wp-content/uploads/2025/03/%D8%AF%D8%B3%D8%AA%D8%A7%D9%88%D8%B1%D8%AF-%D8%A2%D8%A8%D8%A7%D8%AF%DB%8C%D8%B3-%D8%AA%D9%88%D8%B3%D8%B9%D9%87-%D9%BE%D8%A7%DB%8C%D8%AF%D8%A7%D8%B1-%D8%B2%D8%A7%DA%AF%D8%B1%D8%B3.webp,sitemap_image,.webp,post-sitemap.xml,yes,FACT: referenced in Yoast sitemap image/loc entries,no
https://abadis-med.com/wp-content/uploads/2024/11/%DA%AF%D8%B2%D8%A7%D8%B1%D8%B4-%D9%86%D9%85%D8%A7%DB%8C%D8%B4%DA%AF%D8%A7%D9%87-%D8%A8%DB%8C%D9%86-%D8%A7%D9%84%D9%85%D9%84%D9%84%DB%8C-%D8%A7%DB%8C%D8%B1%D8%A7%D9%86-%DA%A9%D9%84%DB%8C%D9%86-2025.jpg,sitemap_image,.jpg,post-sitemap.xml,yes,FACT: referenced in Yoast sitemap image/loc entries,no
https://abadis-med.com/wp-content/uploads/2024/12/%D8%AF%D8%B9%D9%88%D8%AA-%D9%86%D8%A7%D9%85%D9%87-%D8%A7%DB%8C%D8%B1%D8%A7%D9%86-%DA%A9%D9%84%DB%8C%D9%86-%DB%B1%DB%B4%DB%B0%DB%B3-%D8%A2%D8%A8%D8%A7%D8%AF%DB%8C%D8%B3.png,sitemap_image,.png,post-sitemap.xml,yes,FACT: referenced in Yoast sitemap image/loc entries,no
https://abadis-med.com/wp-content/uploads/2025/03/1000-%D8%AF%D8%B1%D8%AE%D8%AA-%D8%A8%D9%84%D9%88%D8%B7%D8%8C-1000-%D8%A7%D9%85%DB%8C%D8%AF-%D8%A8%D8%B1%D8%A7%DB%8C-%D8%B2%D8%A7%DA%AF%D8%B1%D8%B3-%D8%A2%D8%A8%D8%A7%D8%AF%DB%8C%D8%B3.jpg,sitemap_image,.jpg,post-sitemap.xml,yes,FACT: referenced in Yoast sitemap image/loc entries,no
https://abadis-med.com/wp-content/uploads/2025/03/%D8%B1%D9%88%D8%B2-%D8%AF%D8%B1%D8%AE%D8%AA-%DA%A9%D8%A7%D8%B1%DB%8C-%D8%A2%D8%A8%D8%A7%D8%AF%DB%8C%D8%B3.jpg,sitemap_image,.jpg,post-sitemap.xml,yes,FACT: referenced in Yoast sitemap image/loc entries,no
https://abadis-med.com/wp-content/uploads/2025/01/%D8%AA%D9%88%D8%B3%D8%B9%D9%87-%D9%BE%D8%A7%DB%8C%D8%AF%D8%A7%D8%B1-%D8%AF%D8%B1-%D8%AA%D8%AC%D9%87%DB%8C%D8%B2%D8%A7%D8%AA-%D9%BE%D8%B2%D8%B4%DA%A9%DB%8C%D8%9B-%DA%AF%D8%A7%D9%85%DB%8C-%D8%A8%D9%87%E2%80%8C%D8%B3%D9%88%DB%8C-%D8%AD%D9%81%D8%B8-%D9%85%D8%AD%DB%8C%D8%B7-%D8%B2%DB%8C%D8%B3%D8%AA-%D8%A2%D8%A8%D8%A7%D8%AF%DB%8C%D8%B3.jpg,sitemap_image,.jpg,post-sitemap.xml,yes,FACT: referenced in Yoast sitemap image/loc entries,no
https://abadis-med.com/wp-content/uploads/2025/01/%D8%A7%D9%87%D8%AF%D8%A7%D9%81-%D8%AA%D9%88%D8%B3%D8%B9%D9%87-%D9%BE%D8%A7%DB%8C%D8%AF%D8%A7%D8%B1-%D8%AA%D8%AC%D9%87%DB%8C%D8%B2%D8%A7%D8%AA-%D9%BE%D8%B2%D8%B4%DA%A9%DB%8C-%D8%A2%D8%A8%D8%A7%D8%AF%DB%8C%D8%B3.png,sitemap_image,.png,post-sitemap.xml,yes,FACT: referenced in Yoast sitemap image/loc entries,no
https://abadis-med.com/wp-content/uploads/2025/01/%D8%A7%D8%B1%DA%A9%D8%A7%D9%86-%D8%AA%D9%88%D8%B3%D8%B9%D9%87-%D9%BE%D8%A7%DB%8C%D8%AF%D8%A7%D8%B1-%D8%AA%D8%AC%D9%87%DB%8C%D8%B2%D8%A7%D8%AA-%D9%BE%D8%B2%D8%B4%DA%A9%DB%8C-%D8%A2%D8%A8%D8%A7%D8%AF%DB%8C%D8%B3.png,sitemap_image,.png,post-sitemap.xml,yes,FACT: referenced in Yoast sitemap image/loc entries,no
https://abadis-med.com/wp-content/uploads/2025/03/%D9%85%D8%B9%D8%B1%D9%81%DB%8C-%D8%B1%D8%B4%D8%AA%D9%87-%D9%85%D9%87%D9%86%D8%AF%D8%B3%DB%8C-%D9%BE%D8%B2%D8%B4%DA%A9%DB%8C-%D8%A2%D8%A8%D8%A7%D8%AF%DB%8C%D8%B3.jpg,sitemap_image,.jpg,post-sitemap.xml,yes,FACT: referenced in Yoast sitemap image/loc entries,no
https://abadis-med.com/wp-content/uploads/2024/12/%D9%85%D9%87%D9%86%D8%AF%D8%B3%DB%8C-%D9%BE%D8%B2%D8%B4%DA%A9%DB%8C-%D8%A2%D8%A8%D8%A7%D8%AF%DB%8C%D8%B3.png,sitemap_image,.png,post-sitemap.xml,yes,FACT: referenced in Yoast sitemap image/loc entries,no
https://abadis-med.com/wp-content/uploads/2024/12/%D8%AA%D8%AC%D9%87%DB%8C%D8%B2%D8%A7%D8%AA-%D9%BE%D8%B2%D8%B4%DA%A9%DB%8C-%D8%A2%D8%A8%D8%A7%D8%AF%DB%8C%D8%B3.png,sitemap_image,.png,post-sitemap.xml,yes,FACT: referenced in Yoast sitemap image/loc entries,no
https://abadis-med.com/wp-content/uploads/2025/04/%D9%85%D8%B9%D8%B1%D9%81%DB%8C-%D8%B1%D8%B4%D8%AA%D9%87-%D9%BE%D8%B1%D8%B3%D8%AA%D8%A7%D8%B1%DB%8C-%D8%A2%D8%A8%D8%A7%D8%AF%DB%8C%D8%B3.jpg,sitemap_image,.jpg,post-sitemap.xml,yes,FACT: referenced in Yoast sitemap image/loc entries,no
https://abadis-med.com/wp-content/uploads/2025/04/%D8%AF%D8%B1%D9%88%D8%B3-%D9%BE%D8%B1%D8%B3%D8%AA%D8%A7%D8%B1%DB%8C-%D8%A2%D8%A8%D8%A7%D8%AF%DB%8C%D8%B3.png,sitemap_image,.png,post-sitemap.xml,yes,FACT: referenced in Yoast sitemap image/loc entries,no
https://abadis-med.com/wp-content/uploads/2025/04/%D9%85%D8%AD%D8%B5%D9%88%D9%84%D8%A7%D8%AA-%D9%88-%D8%AA%D8%AC%D9%87%DB%8C%D8%B2%D8%A7%D8%AA-%D9%BE%D8%B2%D8%B4%DA%A9%DB%8C-%D9%BE%D9%84%DB%8C%D9%85%D8%B1%DB%8C-%D8%A2%D8%A8%D8%A7%D8%AF%DB%8C%D8%B3.jpg,sitemap_image,.jpg,post-sitemap.xml,yes,FACT: referenced in Yoast sitemap image/loc entries,no
https://abadis-med.com/wp-content/uploads/2025/04/%D9%85%D8%AD%D8%B5%D9%88%D9%84%D8%A7%D8%AA-%D9%BE%D8%B2%D8%B4%DA%A9%DB%8C-%D9%BE%D9%84%DB%8C%D9%85%D8%B1%DB%8C-%D8%A2%D8%A8%D8%A7%D8%AF%DB%8C%D8%B3.png,sitemap_image,.png,post-sitemap.xml,yes,FACT: referenced in Yoast sitemap image/loc entries,no
https://abadis-med.com/wp-content/uploads/2025/04/%D8%AA%D8%AC%D9%87%DB%8C%D8%B2%D8%A7%D8%AA-%D9%BE%D8%B2%D8%B4%DA%A9%DB%8C-%D9%BE%D9%84%DB%8C%D9%85%D8%B1%DB%8C-%D8%A2%D8%A8%D8%A7%D8%AF%DB%8C%D8%B3.png,sitemap_image,.png,post-sitemap.xml,yes,FACT: referenced in Yoast sitemap image/loc entries,no
https://abadis-med.com/wp-content/uploads/2024/03/%D9%86%D8%AC%D8%A7%D8%AA-%D8%B2%D8%A7%DA%AF%D8%B1%D8%B3%D8%8C-%D9%85%D8%B3%D8%A6%D9%88%D9%84%DB%8C%D8%AA-%D8%A7%D8%AC%D8%AA%D9%85%D8%A7%D8%B9%DB%8C-%D8%A2%D8%A8%D8%A7%D8%AF%DB%8C%D8%B3.jpg,sitemap_image,.jpg,post-sitemap.xml,yes,FACT: referenced in Yoast sitemap image/loc entries,no
https://abadis-med.com/wp-content/uploads/2024/03/%D9%87%D9%85%D8%A7%DB%8C%D8%B4-%D9%86%D8%AC%D8%A7%D8%AA-%D8%B2%D8%A7%DA%AF%D8%B1%D8%B3-%D9%88-%D8%A2%D8%A8%D8%A7%D8%AF%DB%8C%D8%B3.jpg,sitemap_image,.jpg,post-sitemap.xml,yes,FACT: referenced in Yoast sitemap image/loc entries,no
https://abadis-med.com/wp-content/uploads/2025/05/%DA%86%D8%B1%D8%A7-%DA%A9%DB%8C%D8%B3%D9%87-%D8%B3%D8%A7%DA%A9%D8%B4%D9%86-%DB%8C%DA%A9%D8%A8%D8%A7%D8%B1-%D9%85%D8%B5%D8%B1%D9%81-%D9%85%DB%8C%E2%80%8C%D8%AA%D9%88%D8%A7%D9%86%D8%AF-%D8%AC%D8%A7%D9%86-%D8%A8%DB%8C%D9%85%D8%A7%D8%B1%D8%A7%D9%86-%D8%B1%D8%A7-%D9%86%D8%AC%D8%A7%D8%AA-%D8%AF%D9%87%D8%AF%D8%9F.jpg,sitemap_image,.jpg,post-sitemap.xml,yes,FACT: referenced in Yoast sitemap image/loc entries,no
https://abadis-med.com/wp-content/uploads/2024/08/%D8%AC%D9%84%D8%B3%D8%A7%D8%AA-%D9%85%D8%AF%DB%8C%D8%B1%D8%A7%D9%86-%D8%A2%D8%A8%D8%A7%D8%AF%DB%8C%D8%B3-%D8%A8%D8%A7-%D8%B1%D9%88%D8%B3%D8%A7%DB%8C-%D8%A8%DB%8C%D9%85%D8%A7%D8%B1%D8%B3%D8%AA%D8%A7%D9%86%E2%80%8C%D9%87%D8%A7%DB%8C-%D8%A7%DB%8C%D8%B1%D8%A7%D9%86-%D8%A2%D8%A8%D8%A7%D8%AF%DB%8C%D8%B3.jpg,sitemap_image,.jpg,post-sitemap.xml,yes,FACT: referenced in Yoast sitemap image/loc entries,no
https://abadis-med.com/wp-content/uploads/2024/08/%D8%A8%DB%8C%D9%85%D8%A7%D8%B1%D8%B3%D8%AA%D8%A7%D9%86-%D8%B4%D9%87%D8%AF%D8%A7%DB%8C-%D8%AA%D8%AC%D8%B1%DB%8C%D8%B4-%D8%A2%D8%A8%D8%A7%D8%AF%DB%8C%D8%B3.png,sitemap_image,.png,post-sitemap.xml,yes,FACT: referenced in Yoast sitemap image/loc entries,no
https://abadis-med.com/wp-content/uploads/2024/08/%D8%A8%DB%8C%D9%85%D8%A7%D8%B1%D8%B3%D8%AA%D8%A7%D9%86-%D8%A7%DB%8C%D8%B1%D8%A7%D9%86%D9%85%D9%87%D8%B1-%D8%A2%D8%A8%D8%A7%D8%AF%DB%8C%D8%B3-1.png,sitemap_image,.png,post-sitemap.xml,yes,FACT: referenced in Yoast sitemap image/loc entries,no
https://abadis-med.com/wp-content/uploads/2024/08/%D8%A8%DB%8C%D9%85%D8%A7%D8%B1%D8%B3%D8%AA%D8%A7%D9%86-%D8%A8%D9%87%D9%85%D9%86-%D8%A2%D8%A8%D8%A7%D8%AF%DB%8C%D8%B3.png,sitemap_image,.png,post-sitemap.xml,yes,FACT: referenced in Yoast sitemap image/loc entries,no
https://abadis-med.com/wp-content/uploads/2024/08/%D8%A8%DB%8C%D9%85%D8%A7%D8%B1%D8%B3%D8%AA%D8%A7%D9%86-%D8%B9%D8%B1%D9%81%D8%A7%D9%86-%D9%86%DB%8C%D8%A7%DB%8C%D8%B4-%D8%A2%D8%A8%D8%A7%D8%AF%DB%8C%D8%B3.png,sitemap_image,.png,post-sitemap.xml,yes,FACT: referenced in Yoast sitemap image/loc entries,no
https://abadis-med.com/wp-content/uploads/2024/08/%D8%A7%D9%85%DB%8C%D8%AF%D8%A8%D8%AE%D8%B4%D8%A7%D9%86-%D8%AD%DB%8C%D8%A7%D8%AA-%D8%A2%D8%A8%D8%A7%D8%AF%DB%8C%D8%B3.png,sitemap_image,.png,post-sitemap.xml,yes,FACT: referenced in Yoast sitemap image/loc entries,no
https://abadis-med.com/wp-content/uploads/2024/08/%D8%A8%DB%8C%D9%85%D8%A7%D8%B1%D8%B3%D8%AA%D8%A7%D9%86-%D8%AF%DB%8C-%D8%A2%D8%A8%D8%A7%D8%AF%DB%8C%D8%B3.png,sitemap_image,.png,post-sitemap.xml,yes,FACT: referenced in Yoast sitemap image/loc entries,no
https://abadis-med.com/wp-content/uploads/2024/08/%D8%A8%DB%8C%D9%85%D8%A7%D8%B1%D8%B3%D8%AA%D8%A7%D9%86-%D8%B4%D9%87%DB%8C%D8%AF-%D8%B1%D8%AC%D8%A7%DB%8C%DB%8C-%D8%A2%D8%A8%D8%A7%D8%AF%DB%8C%D8%B3.png,sitemap_image,.png,post-sitemap.xml,yes,FACT: referenced in Yoast sitemap image/loc entries,no
https://abadis-med.com/wp-content/uploads/2024/08/%D8%A8%DB%8C%D9%85%D8%A7%D8%B1%D8%B3%D8%AA%D8%A7%D9%86-%D8%A7%D9%85%D8%A7%D9%85-%D8%AE%D9%85%DB%8C%D9%86%DB%8C-%D8%A2%D8%A8%D8%A7%D8%AF%DB%8C%D8%B3.png,sitemap_image,.png,post-sitemap.xml,yes,FACT: referenced in Yoast sitemap image/loc entries,no
https://abadis-med.com/wp-content/uploads/2024/08/%D8%A8%DB%8C%D9%85%D8%A7%D8%B1%D8%B3%D8%AA%D8%A7%D9%86-%D8%A7%D8%AE%D8%AA%D8%B1-%D8%A2%D8%A8%D8%A7%D8%AF%DB%8C%D8%B3.png,sitemap_image,.png,post-sitemap.xml,yes,FACT: referenced in Yoast sitemap image/loc entries,no
https://abadis-med.com/wp-content/uploads/2024/08/%D8%A8%DB%8C%D9%85%D8%A7%D8%B1%D8%B3%D8%AA%D8%A7%D9%86-%D8%AA%D9%86%D8%AF%DB%8C%D8%B3-%D8%A2%D8%A8%D8%A7%D8%AF%DB%8C%D8%B3.png,sitemap_image,.png,post-sitemap.xml,yes,FACT: referenced in Yoast sitemap image/loc entries,no
https://abadis-med.com/wp-content/uploads/2024/08/%D8%A8%DB%8C%D9%85%D8%A7%D8%B1%D8%B3%D8%AA%D8%A7%D9%86-%D8%AC%D9%85-%D8%A2%D8%A8%D8%A7%D8%AF%DB%8C%D8%B3-1.png,sitemap_image,.png,post-sitemap.xml,yes,FACT: referenced in Yoast sitemap image/loc entries,no
https://abadis-med.com/wp-content/uploads/2024/08/%D8%A8%DB%8C%D9%85%D8%A7%D8%B1%D8%B3%D8%AA%D8%A7%D9%86-%D9%85%D9%87%D8%B1-%D8%A2%D8%A8%D8%A7%D8%AF%DB%8C%D8%B3.png,sitemap_image,.png,post-sitemap.xml,yes,FACT: referenced in Yoast sitemap image/loc entries,no
https://abadis-med.com/wp-content/uploads/2024/08/%D9%85%D8%AC%D8%AA%D9%85%D8%B9-%D8%A8%DB%8C%D9%85%D8%A7%D8%B1%D8%B3%D8%AA%D8%A7%D9%86%DB%8C-%DB%8C%D8%A7%D8%B3-%D8%A2%D8%A8%D8%A7%D8%AF%DB%8C%D8%B3.png,sitemap_image,.png,post-sitemap.xml,yes,FACT: referenced in Yoast sitemap image/loc entries,no
https://abadis-med.com/wp-content/uploads/2025/04/%D8%AC%D9%86%D8%A7%D8%A8-%D8%A2%D9%82%D8%A7%DB%8C-%D8%AF%DA%A9%D8%AA%D8%B1-%D8%AA%D9%82%D8%AF%DB%8C%D8%B1-%D8%B1%DB%8C%D8%A7%D8%B3%D8%AA-%D9%85%D8%AD%D8%AA%D8%B1%D9%85-%D8%A8%DB%8C%D9%85%D8%A7%D8%B1%D8%B3%D8%AA%D8%A7%D9%86-%D9%86%DB%8C%DA%A9%D8%A7%D9%86-%D8%A7%D9%82%D8%AF%D8%B3%DB%8C%D9%87-%D9%88-%D9%82%D8%A7%D8%A6%D9%85-%D9%85%D9%82%D8%A7%D9%85-%D8%AC%D9%86%D8%A7%D8%A8-%D8%A2%D9%82%D8%A7%DB%8C-%D8%AF%DA%A9%D8%AA%D8%B1-%D8%AA%D8%A7%D8%A8%D8%B4.png,sitemap_image,.png,post-sitemap.xml,yes,FACT: referenced in Yoast sitemap image/loc entries,no
https://abadis-med.com/wp-content/uploads/2024/08/%D8%A8%DB%8C%D9%85%D8%A7%D8%B1%D8%B3%D8%AA%D8%A7%D9%86-%D9%84%D8%A7%D9%84%D9%87-%D8%A2%D8%A8%D8%A7%D8%AF%DB%8C%D8%B3.png,sitemap_image,.png,post-sitemap.xml,yes,FACT: referenced in Yoast sitemap image/loc entries,no
https://abadis-med.com/wp-content/uploads/2024/08/%D8%A8%DB%8C%D9%85%D8%A7%D8%B1%D8%B3%D8%AA%D8%A7%D9%86-%DA%A9%D8%B3%D8%B1%DB%8C-%D8%A2%D8%A8%D8%A7%D8%AF%DB%8C%D8%B3.png,sitemap_image,.png,post-sitemap.xml,yes,FACT: referenced in Yoast sitemap image/loc entries,no
https://abadis-med.com/wp-content/uploads/2024/08/%D8%A8%DB%8C%D9%85%D8%A7%D8%B1%D8%B3%D8%AA%D8%A7%D9%86-%D8%A2%D8%B1%D8%A7%D8%AF-%D8%A2%D8%A8%D8%A7%D8%AF%DB%8C%D8%B3.png,sitemap_image,.png,post-sitemap.xml,yes,FACT: referenced in Yoast sitemap image/loc entries,no
https://abadis-med.com/wp-content/uploads/2024/08/%D8%A8%DB%8C%D9%85%D8%A7%D8%B1%D8%B3%D8%AA%D8%A7%D9%86-%DA%AF%D9%84%D8%B3%D8%AA%D8%A7%D9%86-%D8%A2%D8%A8%D8%A7%D8%AF%DB%8C%D8%B3.png,sitemap_image,.png,post-sitemap.xml,yes,FACT: referenced in Yoast sitemap image/loc entries,no
https://abadis-med.com/wp-content/uploads/2024/08/%D8%A8%DB%8C%D9%85%D8%A7%D8%B1%D8%B3%D8%AA%D8%A7%D9%86-%DA%86%D9%85%D8%B1%D8%A7%D9%86-%D8%A2%D8%A8%D8%A7%D8%AF%DB%8C%D8%B3.png,sitemap_image,.png,post-sitemap.xml,yes,FACT: referenced in Yoast sitemap image/loc entries,no
https://abadis-med.com/wp-content/uploads/2024/08/%D9%85%D8%B1%DA%A9%D8%B2-%D8%B7%D8%A8%DB%8C-%DA%A9%D9%88%D8%AF%DA%A9%D8%A7%D9%86-%D8%A2%D8%A8%D8%A7%D8%AF%DB%8C%D8%B3.png,sitemap_image,.png,post-sitemap.xml,yes,FACT: referenced in Yoast sitemap image/loc entries,no
https://abadis-med.com/wp-content/uploads/2024/08/%D8%A8%DB%8C%D9%85%D8%A7%D8%B1%D8%B3%D8%AA%D8%A7%D9%86-%D9%85%DB%8C%D9%84%D8%A7%D8%AF-%D8%A7%D8%B1%D9%88%D9%85%DB%8C%D9%87-%D8%A2%D8%A8%D8%A7%D8%AF%DB%8C%D8%B3.png,sitemap_image,.png,post-sitemap.xml,yes,FACT: referenced in Yoast sitemap image/loc entries,no
https://abadis-med.com/wp-content/uploads/2025/04/%D8%A7%D8%B9%D8%B6%D8%A7%D8%A1-%D9%85%D8%AD%D8%AA%D8%B1%D9%85-%D8%A7%D8%AA%D8%AD%D8%A7%D8%AF%DB%8C%D9%87-%D8%AA%D9%88%D9%84%DB%8C%D8%AF-%DA%A9%D9%86%D9%86%D8%AF%DA%AF%D8%A7%D9%86-%D9%88-%D8%B5%D8%A7%D8%AF%D8%B1-%DA%A9%D9%86%D9%86%D8%AF%DA%AF%D8%A7%D9%86-%D8%AA%D8%AC%D9%87%DB%8C%D8%B2%D8%A7%D8%AA-%D9%BE%D8%B2%D8%B4%DA%A9%DB%8C-%D8%A7%DB%8C%D8%B1%D8%A7%D9%86.png,sitemap_image,.png,post-sitemap.xml,yes,FACT: referenced in Yoast sitemap image/loc entries,no
https://abadis-med.com/wp-content/uploads/2024/08/%D8%A8%DB%8C%D9%85%D8%A7%D8%B1%D8%B3%D8%AA%D8%A7%D9%86-%D8%A8%D8%A7%D9%87%D9%86%D8%B1-%D8%A2%D8%A8%D8%A7%D8%AF%DB%8C%D8%B3.png,sitemap_image,.png,post-sitemap.xml,yes,FACT: referenced in Yoast sitemap image/loc entries,no
https://abadis-med.com/wp-content/uploads/2025/04/%D8%AC%D9%86%D8%A7%D8%A8-%D8%A2%D9%82%D8%A7%DB%8C-%D8%AF%DA%A9%D8%AA%D8%B1-%D8%BA%D9%84%D8%A7%D9%85%D8%AD%D8%B3%DB%8C%D9%86-%DA%A9%D8%A7%D8%B8%D9%85%DB%8C%D8%A7%D9%86-%D9%85%D8%AF%DB%8C%D8%B1-%D8%B9%D8%A7%D9%85%D9%84-%D9%85%D8%AD%D8%AA%D8%B1%D9%85-%D8%A8%DB%8C%D9%85%D8%A7%D8%B1%D8%B3%D8%AA%D8%A7%D9%86-%D8%A2%D8%AA%DB%8C%D9%87-1.png,sitemap_image,.png,post-sitemap.xml,yes,FACT: referenced in Yoast sitemap image/loc entries,no
https://abadis-med.com/wp-content/uploads/2025/04/%D8%B1%DB%8C%D8%A7%D8%B3%D8%AA-%D9%85%D8%AD%D8%AA%D8%B1%D9%85-%D8%A7%D9%86%D8%AC%D9%85%D9%86-%D8%AA%D9%88%D9%84%DB%8C%D8%AF%DA%A9%D9%86%D9%86%D8%AF%DA%AF%D8%A7%D9%86-%D9%88-%D8%B5%D8%A7%D8%AF%D8%B1%DA%A9%D9%86%D9%86%D8%AF%DA%AF%D8%A7%D9%86-%D8%AA%D8%AC%D9%87%DB%8C%D8%B2%D8%A7%D8%AA-%D9%88-%D9%85%D9%84%D8%B2%D9%88%D9%85%D8%A7%D8%AA-%D9%BE%D8%B2%D8%B4%DA%A9%DB%8C%D8%8C-%D8%AF%D9%86%D8%AF%D8%A7%D9%86%D9%BE%D8%B2%D8%B4%DA%A9%DB%8C%D8%8C-%D8%A2%D8%B2%D9%85%D8%A7%DB%8C%D8%B4%DA%AF%D8%A7%D9%87%DB%8C-%D9%88-%D8%AF%D8%A7%D8%B1%D9%88%DB%8C%DB%8C.png,sitemap_image,.png,post-sitemap.xml,yes,FACT: referenced in Yoast sitemap image/loc entries,no
https://abadis-med.com/wp-content/uploads/2025/06/%D8%A8%D8%B1%D8%B1%D8%B3%DB%8C-%DA%A9%DB%8C%D9%81%DB%8C-%D9%86%D9%85%D8%A7%DB%8C%D8%B4%DA%AF%D8%A7%D9%87%E2%80%8C%D9%87%D8%A7%DB%8C-%D8%A7%DB%8C%D8%B1%D8%A7%D9%86%E2%80%8C%D9%85%D8%AF-%D9%88-%D8%A7%DB%8C%D8%B1%D8%A7%D9%86%E2%80%8C%D9%87%D9%84%D8%AB.jpg,sitemap_image,.jpg,post-sitemap.xml,yes,FACT: referenced in Yoast sitemap image/loc entries,no
https://abadis-med.com/wp-content/uploads/2025/06/Page1-1024x724.jpg,sitemap_image,.jpg,post-sitemap.xml,yes,FACT: referenced in Yoast sitemap image/loc entries,no
https://abadis-med.com/wp-content/uploads/2025/06/page7-1-1024x724.jpg,sitemap_image,.jpg,post-sitemap.xml,yes,FACT: referenced in Yoast sitemap image/loc entries,no
https://abadis-med.com/wp-content/uploads/2025/06/page9-1024x724.jpg,sitemap_image,.jpg,post-sitemap.xml,yes,FACT: referenced in Yoast sitemap image/loc entries,no
https://abadis-med.com/wp-content/uploads/2025/06/page10-1024x724.jpg,sitemap_image,.jpg,post-sitemap.xml,yes,FACT: referenced in Yoast sitemap image/loc entries,no
https://abadis-med.com/wp-content/uploads/2025/06/page11-1024x724.jpg,sitemap_image,.jpg,post-sitemap.xml,yes,FACT: referenced in Yoast sitemap image/loc entries,no
https://abadis-med.com/wp-content/uploads/2025/06/page13-1024x724.jpg,sitemap_image,.jpg,post-sitemap.xml,yes,FACT: referenced in Yoast sitemap image/loc entries,no
https://abadis-med.com/wp-content/uploads/2025/06/page14-1024x724.jpg,sitemap_image,.jpg,post-sitemap.xml,yes,FACT: referenced in Yoast sitemap image/loc entries,no
https://abadis-med.com/wp-content/uploads/2025/06/page15-1024x724.jpg,sitemap_image,.jpg,post-sitemap.xml,yes,FACT: referenced in Yoast sitemap image/loc entries,no
https://abadis-med.com/wp-content/uploads/2025/06/page16-1024x724.jpg,sitemap_image,.jpg,post-sitemap.xml,yes,FACT: referenced in Yoast sitemap image/loc entries,no
https://abadis-med.com/wp-content/uploads/2025/06/page17-1024x724.jpg,sitemap_image,.jpg,post-sitemap.xml,yes,FACT: referenced in Yoast sitemap image/loc entries,no
https://abadis-med.com/wp-content/uploads/2025/06/%D8%A7%DB%8C%D8%B1%D8%A7%D9%86%D9%85-%D8%A2%D8%A8%D8%A7%D8%AF%DB%8C%D8%B3.jpeg,sitemap_image,.jpeg,post-sitemap.xml,yes,FACT: referenced in Yoast sitemap image/loc entries,no
https://abadis-med.com/wp-content/uploads/2025/06/%D8%B7%D8%A8%D9%82%D9%87-%D8%A8%D9%86%D8%AF%DB%8C-%D8%AA%D8%AC%D9%87%DB%8C%D8%B2%D8%A7%D8%AA-%D9%BE%D8%B2%D8%B4%DA%A9%DB%8C-T1-%D8%AA%D8%A7-T4-%D9%88-%D9%81%D8%B1%D8%B5%D8%AA%E2%80%8C%D9%87%D8%A7%DB%8C-%D8%AA%D9%88%D9%84%DB%8C%D8%AF-%D8%AF%D8%A7%D8%AE%D9%84.jpg,sitemap_image,.jpg,post-sitemap.xml,yes,FACT: referenced in Yoast sitemap image/loc entries,no
https://abadis-med.com/wp-content/uploads/2025/05/%D8%B7%D8%A8%D9%82%D9%87-%D8%A8%D9%86%D8%AF%DB%8C-%D8%AA%D8%AC%D9%87%DB%8C%D8%B2%D8%A7%D8%AA-%D9%BE%D8%B2%D8%B4%DA%A9%DB%8C-T1-%D8%AA%D8%A7-T4.png,sitemap_image,.png,post-sitemap.xml,yes,FACT: referenced in Yoast sitemap image/loc entries,no
https://abadis-med.com/wp-content/uploads/2025/06/%D9%85%D8%B0%D8%A7%DA%A9%D8%B1%D8%A7%D8%AA-%D8%A8%DB%8C%D9%86-%D8%A7%D9%84%D9%85%D9%84%D9%84%DB%8C-%D8%A2%D8%A8%D8%A7%D8%AF%DB%8C%D8%B3-%D8%AF%D8%B1-%D8%A7%DB%8C%D8%B1%D8%A7%D9%86-%D9%87%D9%84%D8%AB-1404.jpg,sitemap_image,.jpg,post-sitemap.xml,yes,FACT: referenced in Yoast sitemap image/loc entries,no
https://abadis-med.com/wp-content/uploads/2025/06/%D9%84%DB%8C%D8%A8%D9%84-%D8%A7%D8%B5%D8%A7%D9%84%D8%AA-%D8%AF%D8%B1-%D8%AA%D8%AC%D9%87%DB%8C%D8%B2%D8%A7%D8%AA-%D9%BE%D8%B2%D8%B4%DA%A9%DB%8C.jpg,sitemap_image,.jpg,post-sitemap.xml,yes,FACT: referenced in Yoast sitemap image/loc entries,no
https://abadis-med.com/wp-content/uploads/2025/07/%DA%A9%D8%A7%D8%B1%D8%A8%D8%B1%D8%AF-PVC-%D9%85%D8%AF%DB%8C%DA%A9%D8%A7%D9%84-%DA%AF%D8%B1%DB%8C%D8%AF-%D8%AF%D8%B1-%D8%AA%D9%88%D9%84%DB%8C%D8%AF-%D9%84%D9%88%D9%84%D9%87-%D8%B3%D8%A7%DA%A9%D8%B4%D9%86.jpg,sitemap_image,.jpg,post-sitemap.xml,yes,FACT: referenced in Yoast sitemap image/loc entries,no
https://abadis-med.com/wp-content/uploads/2025/07/%D9%85%D9%82%D8%A7%DB%8C%D8%B3%D8%B9-%D8%A8%DB%8C%D9%86-PVC-%D9%88-PVC-%D9%85%D8%AF%DB%8C%DA%A9%D8%A7%D9%84-%DA%AF%D8%B1%DB%8C%D8%AF.jpg,sitemap_image,.jpg,post-sitemap.xml,yes,FACT: referenced in Yoast sitemap image/loc entries,no
https://abadis-med.com/wp-content/uploads/2025/07/%D9%BE%DB%8C-%D9%88%DB%8C-%D8%B3%DB%8C-%D9%85%D8%AF%DB%8C%DA%A9%D8%A7%D9%84-%DA%AF%D8%B1%DB%8C%D8%AF-%D8%A2%D8%A8%D8%A7%D8%AF%DB%8C%D8%B3.png,sitemap_image,.png,post-sitemap.xml,yes,FACT: referenced in Yoast sitemap image/loc entries,no
https://abadis-med.com/wp-content/uploads/2024/07/%D8%B1%D8%B3%D8%A7%D9%86%D9%87-%D9%87%D8%A7-%D8%AF%D8%B1-%D8%B5%D9%86%D8%B9%D8%AA-%D8%B3%D9%84%D8%A7%D9%85%D8%AA%D8%8C-%D8%AF%D8%A7%D8%B1%D9%88-%D9%88-%D8%AA%D8%AC%D9%87%DB%8C%D8%B2%D8%A7%D8%AA-%D9%BE%D8%B2%D8%B4%DA%A9%DB%8C-%D8%A2%D8%A8%D8%A7%D8%AF%DB%8C%D8%B3.jpg,sitemap_image,.jpg,post-sitemap.xml,yes,FACT: referenced in Yoast sitemap image/loc entries,no
https://abadis-med.com/wp-content/uploads/2024/04/%D8%A2%D8%A8%D8%A7%D8%AF%DB%8C%D8%B3-%D8%A2%D8%B4%D9%86%D8%A7%DB%8C%DB%8C-%D8%A8%D8%A7-%D8%AA%D8%B4%DA%A9%D9%84-%D9%87%D8%A7%DB%8C-%D8%AA%D8%AC%D9%87%DB%8C%D8%B2%D8%A7%D8%AA-%D9%BE%D8%B2%D8%B4%DA%A9%DB%8C.jpg,sitemap_image,.jpg,post-sitemap.xml,yes,FACT: referenced in Yoast sitemap image/loc entries,no
https://abadis-med.com/wp-content/uploads/2021/09/%D8%A7%D8%B5%D9%88%D9%84-%D9%88-%D9%85%D8%A8%D8%A7%D9%86%DB%8C-%DA%A9%D9%86%D8%AA%D8%B1%D9%84-%D8%B9%D9%81%D9%88%D9%86%D8%AA-%D9%87%D8%A7%DB%8C-%D8%A8%DB%8C%D9%85%D8%A7%D8%B1%D8%B3%D8%AA%D8%A7%D9%86%DB%8C-1.jpg,sitemap_image,.jpg,post-sitemap.xml,yes,FACT: referenced in Yoast sitemap image/loc entries,no
https://abadis-med.com/wp-content/uploads/2021/09/%D8%B9%D9%88%D8%A7%D9%85%D9%84-%D9%85%D9%87%D9%85%DB%8C-%D8%A8%D8%B1%D8%A7%DB%8C-%D9%85%D9%82%D8%A7%D9%88%D9%85%D8%AA-%D8%A8%D8%AF%D9%86-%D8%AF%D8%B1-%D8%A8%D8%B1%D8%A7%D8%A8%D8%B1-%D8%B9%D9%81%D9%88%D9%86%D8%AA-%D8%AA%D8%A7%D8%AB%DB%8C%D8%B1-%DA%AF%D8%B0%D8%A7%D8%B1%D9%86%D8%AF..jpg,sitemap_image,.jpg,post-sitemap.xml,yes,FACT: referenced in Yoast sitemap image/loc entries,no
https://abadis-med.com/wp-content/uploads/2021/09/%D8%B9%D9%81%D9%88%D9%86%D8%AA-%D9%87%D8%A7%DB%8C-%D8%A8%DB%8C%D9%85%D8%A7%D8%B1%D8%B3%D8%AA%D8%A7%D9%86%DB%8C-%D8%B7%DB%8C-%D8%AF%D9%88%D8%B1%D9%87-%D8%A7%DB%8C-%D8%A8%D9%87-%D8%A8%DB%8C%D9%85%D8%A7%D8%B1%D8%A7%D9%86-%D9%85%D9%86%D8%AA%D9%82%D9%84-%D9%85%DB%8C-%D8%B4%D9%88%D9%86%D8%AF..jpg,sitemap_image,.jpg,post-sitemap.xml,yes,FACT: referenced in Yoast sitemap image/loc entries,no
https://abadis-med.com/wp-content/uploads/2021/09/%D8%A7%D9%86%D8%AA%D9%82%D8%A7%D9%84-%D9%85%DB%8C%DA%A9%D8%B1%D9%88%D8%A7%D8%B1%DA%AF%D8%A7%D9%86%DB%8C%D8%B3%D9%85-%D9%87%D8%A7-%D8%A8%D9%87-%D8%B1%D9%88%D8%B4-%D9%87%D8%A7%DB%8C-%D9%85%D8%AE%D8%AA%D9%84%D9%81%DB%8C-%D8%B4%DA%A9%D9%84-%D9%85%DB%8C-%DA%AF%DB%8C%D8%B1%D8%AF..jpg,sitemap_image,.jpg,post-sitemap.xml,yes,FACT: referenced in Yoast sitemap image/loc entries,no
https://abadis-med.com/wp-content/uploads/2025/07/%DA%A9%D8%A7%D9%88%D8%B1-%D8%A7%D8%AE%D8%A8%D8%A7%D8%B1.jpg,sitemap_image,.jpg,post-sitemap.xml,yes,FACT: referenced in Yoast sitemap image/loc entries,no
https://abadis-med.com/wp-content/uploads/2025/07/%D8%B5%D8%B1%D9%81%D9%87-%D8%AC%D9%88%DB%8C%DB%8C-%D8%AF%D8%B1-%D9%85%D8%B5%D8%B1%D9%81-%D8%A2%D8%A8-Recovered.png,sitemap_image,.png,post-sitemap.xml,yes,FACT: referenced in Yoast sitemap image/loc entries,no
https://abadis-med.com/wp-content/uploads/2025/08/%D8%A7%D9%86%D8%AA%D8%B4%D8%A7%D8%B1-%D9%85%D9%82%D8%A7%D9%84%D9%87-%D9%85%D8%AE%D8%A7%D8%B2%D9%86-%D8%B7%D8%A8%DB%8C-%D8%A2%D8%A8%D8%A7%D8%AF%DB%8C%D8%B3-%D8%AF%D8%B1-Medium.jpg,sitemap_image,.jpg,post-sitemap.xml,yes,FACT: referenced in Yoast sitemap image/loc entries,no
https://abadis-med.com/wp-content/uploads/2025/08/%D8%A8%D8%A7%D8%B2%D8%AE%D9%88%D8%B1%D8%AF-%DA%A9%D8%A7%D8%B1-%D8%A2%D9%85%D8%A7%D8%B1%DB%8C-%D8%A2%D8%A8%D8%A7%D8%AF%DB%8C%D8%B3-%D8%AF%D8%B1%D8%A8%D8%A7%D8%B1%D9%87-%D9%86%D9%85%D8%A7%DB%8C%D8%B4%DA%AF%D8%A7%D9%87%E2%80%8C%D9%87%D8%A7%DB%8C-%D8%A7%DB%8C%D8%B1%D8%A7%D9%86-%D9%87%D9%84%D8%AB-%D9%88-%D8%A7%DB%8C%D8%B1%D8%A7%D9%86%D9%85%D8%AF-%DB%B1%DB%B4%DB%B0%DB%B3-%D8%AF%D8%B1-%D8%B3%D8%A7%DB%8C%D8%AA-%D8%AE%D8%A8%D8%B1%DB%8C-%D8%AA%D9%85%D9%BE%D8%A7-1.jpg,sitemap_image,.jpg,post-sitemap.xml,yes,FACT: referenced in Yoast sitemap image/loc entries,no
https://abadis-med.com/wp-content/uploads/2025/05/%D9%85%D8%B9%D8%B1%D9%81%DB%8C-%DA%A9%D8%AF%DB%8C%D9%86%DA%AF-%D9%85%D8%AD%D8%B5%D9%88%D9%84%D8%A7%D8%AA-%D8%A2%D8%A8%D8%A7%D8%AF%DB%8C%D8%B3.jpg,sitemap_image,.jpg,post-sitemap.xml,yes,FACT: referenced in Yoast sitemap image/loc entries,no
https://abadis-med.com/wp-content/uploads/2025/07/%D9%86%D8%AD%D9%88%D9%87-%D8%B4%D8%B3%D8%AA-%D9%88-%D8%B4%D9%88%DB%8C-%D9%85%D8%AE%D8%A7%D8%B2%D9%86-%D8%B3%D8%A7%DA%A9%D8%B4%D9%86-%D8%AB%D8%A7%D8%A8%D8%AA-%D9%88-%D9%85%D8%AF%DB%8C%D8%B1%DB%8C%D8%AA-%D8%A7%DB%8C%D9%85%D9%86-%DA%A9%DB%8C%D8%B3%D9%87%E2%80%8C%D9%87%D8%A7%DB%8C-%D8%B3%D8%A7%DA%A9%D8%B4%D9%86-%DB%8C%DA%A9%D8%A8%D8%A7%D8%B1-%D9%85%D8%B5%D8%B1%D9%81-%D8%AF%D8%B1-%D9%85%D8%B1%D8%A7%DA%A9%D8%B2-%D8%AF%D8%B1%D9%85%D8%A7%D9%86%DB%8C.gif,sitemap_image,.gif,post-sitemap.xml,yes,FACT: referenced in Yoast sitemap image/loc entries,no
https://abadis-med.com/wp-content/uploads/2025/07/%D9%85%D8%AE%D8%A7%D8%B2%D9%86-%D8%B3%D8%A7%DA%A9%D8%B4%D9%86-%D8%AF%D8%A7%D8%A6%D9%85%DB%8C.png,sitemap_image,.png,post-sitemap.xml,yes,FACT: referenced in Yoast sitemap image/loc entries,no
https://abadis-med.com/wp-content/uploads/2025/07/%DA%A9%DB%8C%D8%B3%D9%87-%D8%B3%D8%A7%DA%A9%D8%B4%D9%86-%DB%8C%DA%A9%D8%A8%D8%A7%D8%B1-%D9%85%D8%B5%D8%B1%D9%81.gif,sitemap_image,.gif,post-sitemap.xml,yes,FACT: referenced in Yoast sitemap image/loc entries,no
https://abadis-med.com/wp-content/uploads/2025/07/%DA%A9%DB%8C%D8%B3%D9%87-%D8%B3%D8%A7%DA%A9%D8%B4%D9%86-%DB%8C%DA%A9%D8%A8%D8%A7%D8%B1-%D9%85%D8%B5%D8%B1%D9%81-%D9%85%D8%AE%D8%B2%D9%86-%D8%B3%D8%A7%DA%A9%D8%B4%D9%86.png,sitemap_image,.png,post-sitemap.xml,yes,FACT: referenced in Yoast sitemap image/loc entries,no
https://abadis-med.com/wp-content/uploads/2025/09/%D8%A2%D8%A8%D8%A7%D8%AF%DB%8C%D8%B3-%D9%88%D8%A7%D8%B3%D8%B7-%D9%87%D9%85%DA%A9%D8%A7%D8%B1%DB%8C-%D9%86%D9%85%D8%A7%DB%8C%D8%B4%DA%AF%D8%A7%D9%87-%D8%A7%DB%8C%D8%B1%D8%A7%D9%86%E2%80%8C%D9%85%D8%AF-%D9%88-%D8%A8%D9%84%D9%88%D8%B7-%D8%AF%D8%A7%D9%84%D8%A7%D9%87%D9%88.jpg,sitemap_image,.jpg,post-sitemap.xml,yes,FACT: referenced in Yoast sitemap image/loc entries,no
https://abadis-med.com/wp-content/uploads/2025/09/%D8%A7%DB%8C%D8%B1%D8%A7%D9%86-%D9%85%D8%AF-1.jpg,sitemap_image,.jpg,post-sitemap.xml,yes,FACT: referenced in Yoast sitemap image/loc entries,no
https://abadis-med.com/wp-content/uploads/2025/10/%DA%AF%D9%81%D8%AA%E2%80%8C%D9%88%DA%AF%D9%88%DB%8C-%DA%A9%D8%A7%D9%85%D9%84-%D8%B1%D8%A7%D8%AF%DB%8C%D9%88-%D8%B3%D9%84%D8%A7%D9%85%D8%AA-%D8%A8%D8%A7-%D9%85%D8%AF%DB%8C%D8%B1%D8%B9%D8%A7%D9%85%D9%84-%D8%A2%D8%A8%D8%A7%D8%AF%DB%8C%D8%B3-%D8%AF%D8%B1-%D8%A8%D8%B1%D9%86%D8%A7%D9%85%D9%87-%D8%AA%D8%A7-%D8%AB%D8%B1%DB%8C%D8%A7-1.jpg,sitemap_image,.jpg,post-sitemap.xml,yes,FACT: referenced in Yoast sitemap image/loc entries,no
https://abadis-med.com/wp-content/uploads/2025/10/%D8%B9%D9%84%DB%8C%D8%B1%D8%B6%D8%A7-%D8%AD%D8%B3%D9%86%D8%B9%D9%84%DB%8C-%D9%85%D8%AF%DB%8C%D8%B1%D8%B9%D8%A7%D9%85%D9%84-%D8%B4%D8%B1%DA%A9%D8%AA-%D9%85%D8%AE%D8%A7%D8%B2%D9%86-%D8%B7%D8%A8%DB%8C-%D8%A2%D8%A8%D8%A7%D8%AF%DB%8C%D8%B3.png,sitemap_image,.png,post-sitemap.xml,yes,FACT: referenced in Yoast sitemap image/loc entries,no
https://abadis-med.com/wp-content/uploads/2025/10/filter.png,sitemap_image,.png,post-sitemap.xml,yes,FACT: referenced in Yoast sitemap image/loc entries,no
https://abadis-med.com/wp-content/uploads/2025/09/%DA%AF%D9%81%D8%AA%E2%80%8C%D9%88%DA%AF%D9%88%DB%8C-%D9%85%D8%AF%DB%8C%D8%B1%D8%B9%D8%A7%D9%85%D9%84-%D8%B4%D8%B1%DA%A9%D8%AA-%D8%AF%D8%A7%D9%86%D8%B4%E2%80%8C%D8%A8%D9%86%DB%8C%D8%A7%D9%86-%D8%A2%D8%A8%D8%A7%D8%AF%DB%8C%D8%B3-%D8%AF%D8%B1-%D8%A8%D8%B1%D9%86%D8%A7%D9%85%D9%87-%D8%AA%D8%A7-%D8%AB%D8%B1%DB%8C%D8%A7-%D8%B1%D8%A7%D8%AF%DB%8C%D9%88-%D8%B3%D9%84%D8%A7%D9%85%D8%AA-2.jpg,sitemap_image,.jpg,post-sitemap.xml,yes,FACT: referenced in Yoast sitemap image/loc entries,no
https://abadis-med.com/wp-content/uploads/2025/09/%D8%B9%D9%84%DB%8C%D8%B1%D8%B6%D8%A7-%D8%AD%D8%B3%D9%86%D8%B9%D9%84%DB%8C-%D9%85%D8%AF%DB%8C%D8%B1%D8%B9%D8%A7%D9%85%D9%84-%D8%B4%D8%B1%DA%A9%D8%AA-%D9%85%D8%AE%D8%A7%D8%B2%D9%86-%D8%B7%D8%A8%DB%8C-%D8%A2%D8%A8%D8%A7%D8%AF%DB%8C%D8%B3.png,sitemap_image,.png,post-sitemap.xml,yes,FACT: referenced in Yoast sitemap image/loc entries,no
https://abadis-med.com/wp-content/uploads/2025/05/%D8%A7%D9%88%D9%84%DB%8C%D9%86-%DA%AF%D8%B2%D8%A7%D8%B1%D8%B4-%D8%AA%D9%88%D8%B3%D8%B9%D9%87-%D9%BE%D8%A7%DB%8C%D8%AF%D8%A7%D8%B1-%D8%B4%D8%B1%DA%A9%D8%AA-%D8%AF%D8%A7%D9%86%D8%B4%E2%80%8C%D8%A8%D9%86%DB%8C%D8%A7%D9%86-%D9%85%D8%AE%D8%A7%D8%B2%D9%86-%D8%B7%D8%A8%DB%8C-%D8%A2%D8%A8%D8%A7%D8%AF%DB%8C%D8%B3-%D8%AA%D8%A7-%D9%BE%D8%A7%DB%8C%D8%A7%D9%86-%D8%B3%D8%A7%D9%84-%DB%B1%DB%B4%DB%B0%DB%B3.jpg,sitemap_image,.jpg,post-sitemap.xml,yes,FACT: referenced in Yoast sitemap image/loc entries,no
https://abadis-med.com/wp-content/uploads/2025/10/%D8%A7%D9%88%D9%84%DB%8C%D9%86-%DA%AF%D8%B2%D8%A7%D8%B1%D8%B4-%D8%A7%D9%82%D8%AF%D8%A7%D9%85%D8%A7%D8%AA-%D8%AA%D9%88%D8%B3%D8%B9%D9%87-%D9%BE%D8%A7%DB%8C%D8%AF%D8%A7%D8%B1-%D8%A2%D8%A8%D8%A7%D8%AF%DB%8C%D8%B3-%D9%85%D9%86%D8%AA%D8%B4%D8%B1-%D8%B4%D8%AF.jpg,sitemap_image,.jpg,post-sitemap.xml,yes,FACT: referenced in Yoast sitemap image/loc entries,no
https://abadis-med.com/wp-content/uploads/2025/10/%D8%AF%D8%B9%D9%88%D8%AA-%D8%A8%D9%87-%D9%86%D8%B4%D8%B3%D8%AA-%D8%AA%D8%AE%D8%B5%D8%B5%DB%8C-%D8%AA%D9%88%D9%84%DB%8C%D8%AF-%D9%BE%D8%A7%DB%8C%D8%AF%D8%A7%D8%B1-%D8%AF%D8%B1-%D8%B4%D8%B1%D8%A7%DB%8C%D8%B7-%D8%A8%D8%AD%D8%B1%D8%A7%D9%86%DB%8C-%D9%88-%D9%86%D9%88%D8%B3%D8%A7%D9%86%D8%A7%D8%AA-%D8%A7%D8%B1%D8%B2%DB%8C.jpg,sitemap_image,.jpg,post-sitemap.xml,yes,FACT: referenced in Yoast sitemap image/loc entries,no
https://abadis-med.com/wp-content/uploads/2025/10/post-scaled.jpg,sitemap_image,.jpg,post-sitemap.xml,yes,FACT: referenced in Yoast sitemap image/loc entries,no
https://abadis-med.com/wp-content/uploads/2025/10/%D8%B3%D9%88%D9%85%DB%8C%D9%86-%D8%AF%D9%88%D8%B1%D9%87-%D9%86%D9%85%D8%A7%DB%8C%D8%B4%DA%AF%D8%A7%D9%87-%D8%A7%DB%8C%D8%B1%D8%A7%D9%86%E2%80%8C%D9%85%D8%AF-%DB%B2%DB%B0%DB%B2%DB%B5-%D8%A8%D8%B1%DA%AF%D8%B2%D8%A7%D8%B1-%D8%B4%D8%AF.jpg,sitemap_image,.jpg,post-sitemap.xml,yes,FACT: referenced in Yoast sitemap image/loc entries,no
https://abadis-med.com/wp-content/uploads/2025/10/%D8%A8%D8%B1%DA%AF%D8%B2%D8%A7%D8%B1%DB%8C-%D9%85%D8%AC%D9%85%D8%B9-%D8%B9%D9%85%D9%88%D9%85%DB%8C-%D8%B9%D8%A7%D8%AF%DB%8C-%D8%A7%D9%86%D8%AC%D9%85%D9%86-%D8%B4%D8%B1%DA%A9%D8%AA%E2%80%8C%D9%87%D8%A7%DB%8C-%D9%85%D9%87%D9%86%D8%AF%D8%B3%DB%8C-%D9%BE%D8%B2%D8%B4%DA%A9%DB%8C-%D8%AF%D8%B1-%D9%86%D9%85%D8%A7%DB%8C%D8%B4%DA%AF%D8%A7%D9%87-%D8%A7%DB%8C%D8%B1%D8%A7%D9%86%E2%80%8C%D9%85%D8%AF.jpg,sitemap_image,.jpg,post-sitemap.xml,yes,FACT: referenced in Yoast sitemap image/loc entries,no
https://abadis-med.com/wp-content/uploads/2025/10/%D9%85%D8%AC%D9%85%D8%B9-%D8%A7%D8%AA%D8%AD%D8%A7%D8%AF%DB%8C%D9%87-%D8%AA%D9%88%D9%84%DB%8C%D8%AF%DA%A9%D9%86%D9%86%D8%AF%DA%AF%D8%A7%D9%86-%D9%88-%D8%B5%D8%A7%D8%AF%D8%B1%DA%A9%D9%86%D9%86%D8%AF%DA%AF%D8%A7%D9%86-%D8%AA%D8%AC%D9%87%DB%8C%D8%B2%D8%A7%D8%AA-%D9%BE%D8%B2%D8%B4%DA%A9%DB%8C-%D8%A7%DB%8C%D8%B1%D8%A7%D9%86-%D8%A8%D8%B1%DA%AF%D8%B2%D8%A7%D8%B1-%D8%B4%D8%AF.jpg,sitemap_image,.jpg,post-sitemap.xml,yes,FACT: referenced in Yoast sitemap image/loc entries,no
https://abadis-med.com/wp-content/uploads/2025/10/%D9%85%D8%AC%D9%85%D8%B9-%D8%B9%D9%85%D9%88%D9%85%DB%8C-%D8%B3%D8%A7%D9%84%DB%8C%D8%A7%D9%86%D9%87-%D8%A7%D9%86%D8%AC%D9%85%D9%86-%D8%AA%D9%88%D9%84%DB%8C%D8%AF%DA%A9%D9%86%D9%86%D8%AF%DA%AF%D8%A7%D9%86-%D8%AA%D8%AC%D9%87%DB%8C%D8%B2%D8%A7%D8%AA-%D9%BE%D8%B2%D8%B4%DA%A9%DB%8C-%D8%A8%D8%B1%DA%AF%D8%B2%D8%A7%D8%B1-%D8%B4%D8%AF.jpg,sitemap_image,.jpg,post-sitemap.xml,yes,FACT: referenced in Yoast sitemap image/loc entries,no
https://abadis-med.com/wp-content/uploads/2024/04/%D9%85%D8%B5%D8%A7%D8%AD%D8%A8%D9%87-%D8%B4%D8%B1%DA%A9%D8%AA-%D9%BE%DB%8C%D8%A7%D9%85-%DA%AF%D8%B3%D8%AA%D8%B1-%D8%A8%D8%A7-%D9%85%D8%AF%DB%8C%D8%B1%D8%A7%D9%86-%D8%A2%D8%A8%D8%A7%D8%AF%DB%8C%D8%B3.jpg,sitemap_image,.jpg,post-sitemap.xml,yes,FACT: referenced in Yoast sitemap image/loc entries,no
https://abadis-med.com/wp-content/uploads/2025/10/%D8%A8%D8%B1%D8%B1%D8%B3%DB%8C-%D8%B3%D8%B1%D9%85%D8%A7%DB%8C%D9%87-%D9%87%D8%A7%DB%8C-%D8%A7%D9%86%D8%B3%D8%A7%D9%86%DB%8C-%D8%AF%D8%B1-%D8%A2%D8%A8%D8%A7%D8%AF%DB%8C%D8%B3.jpg,sitemap_image,.jpg,post-sitemap.xml,yes,FACT: referenced in Yoast sitemap image/loc entries,no
https://abadis-med.com/wp-content/uploads/2025/10/%D8%AA%D8%B1%DA%A9%DB%8C%D8%A8-%D8%AC%D9%86%D8%B3%DB%8C%D8%AA%DB%8C-%D8%A8%D8%B1-%D8%A7%D8%B3%D8%A7%D8%B3-%D9%88%D8%A7%D8%AD%D8%AF%D9%87%D8%A7%DB%8C-%D8%B3%D8%A7%D8%B2%D9%85%D8%A7%D9%86%DB%8C-1.png,sitemap_image,.png,post-sitemap.xml,yes,FACT: referenced in Yoast sitemap image/loc entries,no
https://abadis-med.com/wp-content/uploads/2025/10/%D8%A8%D8%A7%D8%B2%D9%87-%D8%B3%D9%86%DB%8C-1.png,sitemap_image,.png,post-sitemap.xml,yes,FACT: referenced in Yoast sitemap image/loc entries,no
https://abadis-med.com/wp-content/uploads/2025/10/%D9%85%DB%8C%D8%A7%D9%86%DA%AF%DB%8C%D9%86-%D8%B3%D9%86%DB%8C-1.png,sitemap_image,.png,post-sitemap.xml,yes,FACT: referenced in Yoast sitemap image/loc entries,no
https://abadis-med.com/wp-content/uploads/2025/10/%D8%AA%D8%AD%D9%84%DB%8C%D9%84-%D8%B1%D9%88%D9%86%D8%AF-%D8%B3%D9%86%DB%8C-%DA%A9%D8%A7%D8%B1%DA%A9%D9%86%D8%A7%D9%86-%D8%A7%D8%B2-%D8%B3%D8%A7%D9%84-%DB%B1%DB%B3%DB%B9%DB%B6-%D8%AA%D8%A7-%DB%B1%DB%B4%DB%B0%DB%B4.png,sitemap_image,.png,post-sitemap.xml,yes,FACT: referenced in Yoast sitemap image/loc entries,no
https://abadis-med.com/wp-content/uploads/2025/10/%D9%88%D8%B6%D8%B9%DB%8C%D8%AA-%D8%AA%D8%A3%D9%87%D9%84-%DA%A9%D8%A7%D8%B1%DA%A9%D9%86%D8%A7%D9%86-%D8%B4%D8%B1%DA%A9%D8%AA-%D8%A2%D8%A8%D8%A7%D8%AF%DB%8C%D8%B3.png,sitemap_image,.png,post-sitemap.xml,yes,FACT: referenced in Yoast sitemap image/loc entries,no
https://abadis-med.com/wp-content/uploads/2025/10/%DA%AF%D8%B1%D8%A7%D9%85%DB%8C%D8%AF%D8%A7%D8%B4%D8%AA-%D8%B1%D9%88%D8%B2-%D9%BE%D8%B1%D8%B3%D8%AA%D8%A7%D8%B1-%D8%B3%D8%A7%D9%84-%DB%B1%DB%B4%DB%B0%DB%B4.jpg,sitemap_image,.jpg,post-sitemap.xml,yes,FACT: referenced in Yoast sitemap image/loc entries,no
https://abadis-med.com/wp-content/uploads/2025/10/%D9%BE%D8%B3%D8%AA-%D8%B1%D9%88%D8%B2-%D9%BE%D8%B1%D8%B3%D8%AA%D8%A7%D8%B1-1404.jpg,sitemap_image,.jpg,post-sitemap.xml,yes,FACT: referenced in Yoast sitemap image/loc entries,no
https://abadis-med.com/wp-content/uploads/2022/06/%D8%AF%D8%B3%D8%AA%DA%AF%D8%A7%D9%87-%D8%B3%D8%A7%DA%A9%D8%B4%D9%86-%DA%86%DB%8C%D8%B3%D8%AA-%D8%9F.jpg,sitemap_image,.jpg,post-sitemap.xml,yes,FACT: referenced in Yoast sitemap image/loc entries,no
https://abadis-med.com/wp-content/uploads/2022/06/%D9%86%D9%85%D9%88%D9%86%D9%87%E2%80%8C%D8%A7%DB%8C-%D8%A7%D8%B2-%D8%AF%D8%B3%D8%AA%DA%AF%D8%A7%D9%87-%D8%B3%D8%A7%DA%A9%D8%B4%D9%86-%D9%BE%D8%B1%D8%AA%D8%A7%D8%A8%D9%84-%DA%A9%D9%87-%D9%82%D8%A7%D8%A8%D9%84-%D8%AD%D9%85%D9%84-%D8%A7%D8%B3%D8%AA..jpg,sitemap_image,.jpg,post-sitemap.xml,yes,FACT: referenced in Yoast sitemap image/loc entries,no
https://abadis-med.com/wp-content/uploads/2022/06/%D8%A7%DB%8C%D9%86-%D9%85%D8%AF%D9%84-%D8%A7%D8%B2-%D8%B3%D8%A7%DA%A9%D8%B4%D9%86%E2%80%8C%D9%87%D8%A7-%D9%85%D8%B3%D8%AA%D9%82%D9%84-%D8%A7%D8%B2-%D8%A8%D8%B1%D9%82-%D9%87%D8%B3%D8%AA%D9%86%D8%AF..jpg,sitemap_image,.jpg,post-sitemap.xml,yes,FACT: referenced in Yoast sitemap image/loc entries,no
https://abadis-med.com/wp-content/uploads/2022/06/%D8%AF%D8%B3%D8%AA%DA%AF%D8%A7%D9%87-%D8%B3%D8%A7%DA%A9%D8%B4%D9%86-%D8%AF%D9%86%D8%AF%D8%A7%D9%86%D9%BE%D8%B2%D8%B4%DA%A9%DB%8C.png,sitemap_image,.png,post-sitemap.xml,yes,FACT: referenced in Yoast sitemap image/loc entries,no
https://abadis-med.com/wp-content/uploads/2022/06/%D8%AF%D8%B3%D8%AA%DA%AF%D8%A7%D9%87-%D8%B3%D8%A7%DA%A9%D8%B4%D9%86-%D9%86%D9%88%D8%B2%D8%A7%D8%AF%D8%A7%D9%86.png,sitemap_image,.png,post-sitemap.xml,yes,FACT: referenced in Yoast sitemap image/loc entries,no
https://abadis-med.com/wp-content/uploads/2022/06/%D9%86%D9%85%D9%88%D9%86%D9%87-%D8%A7%DB%8C-%D8%A7%D8%B2-%D8%AF%D8%B3%D8%AA%DA%AF%D8%A7%D9%87-%D8%B3%D8%A7%DA%A9%D8%B4%D9%86-%D8%AF%D9%86%D8%AF%D8%A7%D9%86%D9%BE%D8%B2%D8%B4%DA%A9%DB%8C-%D9%88-%D8%B2%DB%8C%D8%A8%D8%A7%DB%8C%DB%8C-%D9%85%DB%8C-%D8%A8%D8%A7%D8%B4%D8%AF..jpg,sitemap_image,.jpg,post-sitemap.xml,yes,FACT: referenced in Yoast sitemap image/loc entries,no
https://abadis-med.com/wp-content/uploads/2025/09/%DA%A9%DB%8C%D8%B3%D9%87-%D8%B3%D8%A7%DA%A9%D8%B4%D9%86-%DB%8C%DA%A9%D8%A8%D8%A7%D8%B1-%D9%85%D8%B5%D8%B1%D9%81-%D8%A7%D8%B3%D8%AA%D8%B1%DB%8C%D9%84-%DA%86%DB%8C%D8%B3%D8%AA%D8%9F.jpg,sitemap_image,.jpg,post-sitemap.xml,yes,FACT: referenced in Yoast sitemap image/loc entries,no
https://abadis-med.com/wp-content/uploads/2024/11/%D8%B5%D8%B1%D9%81%D9%87%E2%80%8C%D8%AC%D9%88%DB%8C%DB%8C-%D8%AF%D8%B1-%D9%85%D8%B5%D8%B1%D9%81-%D8%A2%D8%A8-%D8%A8%D8%A7-%DA%A9%DB%8C%D8%B3%D9%87%E2%80%8C%D9%87%D8%A7%DB%8C-%D8%B3%D8%A7%DA%A9%D8%B4%D9%86-%DB%8C%DA%A9%D8%A8%D8%A7%D8%B1-%D9%85%D8%B5%D8%B1%D9%81-%D8%A2%D8%A8%D8%A7%D8%AF%DB%8C%D8%B3.jpg,sitemap_image,.jpg,post-sitemap.xml,yes,FACT: referenced in Yoast sitemap image/loc entries,no
https://abadis-med.com/wp-content/uploads/2025/02/%DA%A9%D8%A7%D9%87%D8%B4-%DA%86%D8%B4%D9%85%DA%AF%DB%8C%D8%B1-%D9%85%D8%B5%D8%B1%D9%81-%D8%A2%D8%A8-%D8%AF%D8%B1-%D9%85%D8%B1%D8%A7%DA%A9%D8%B2-%D8%AF%D8%B1%D9%85%D8%A7%D9%86%DB%8C-%D8%A8%D8%A7-%D8%A7%D8%B3%D8%AA%D9%81%D8%A7%D8%AF%D9%87-%D8%A7%D8%B2-%DA%A9%DB%8C%D8%B3%D9%87-%D8%B3%D8%A7%DA%A9%D8%B4%D9%86-%DB%8C%DA%A9%D8%A8%D8%A7%D8%B1-%D9%85%D8%B5%D8%B1%D9%81-%D8%A2%D8%A8%D8%A7%D8%AF%DB%8C%D8%B3-1.png,sitemap_image,.png,post-sitemap.xml,yes,FACT: referenced in Yoast sitemap image/loc entries,no
https://abadis-med.com/wp-content/uploads/2024/11/%DA%A9%DB%8C%D8%B3%D9%87-%D8%B3%D8%A7%DA%A9%D8%B4%D9%86-%D8%A8%DB%8C%D9%85%D8%A7%D8%B1%D8%B3%D8%AA%D8%A7%D9%86-%D9%85%DB%8C%D9%84%D8%A7%D8%AF-%D8%AA%D9%87%D8%B1%D8%A7%D9%86-%D8%A2%D8%A8%D8%A7%D8%AF%DB%8C%D8%B3.png,sitemap_image,.png,post-sitemap.xml,yes,FACT: referenced in Yoast sitemap image/loc entries,no
https://abadis-med.com/wp-content/uploads/2024/11/%DA%A9%DB%8C%D8%B3%D9%87-%D8%B3%D8%A7%DA%A9%D8%B4%D9%86-%D8%A8%DB%8C%D9%85%D8%A7%D8%B1%D8%B3%D8%AA%D8%A7%D9%86-%D8%AA%D9%86%D8%AF%DB%8C%D8%B3-%D8%AA%D9%87%D8%B1%D8%A7%D9%86-%D8%A2%D8%A8%D8%A7%D8%AF%DB%8C%D8%B3.png,sitemap_image,.png,post-sitemap.xml,yes,FACT: referenced in Yoast sitemap image/loc entries,no
https://abadis-med.com/wp-content/uploads/2024/11/%DA%A9%DB%8C%D8%B3%D9%87-%D8%B3%D8%A7%DA%A9%D8%B4%D9%86-%D8%A8%DB%8C%D9%85%D8%A7%D8%B1%D8%B3%D8%AA%D8%A7%D9%86-%D9%86%DB%8C%DA%A9%D8%A7%D9%86-%D8%AA%D9%87%D8%B1%D8%A7%D9%86-%D8%A2%D8%A8%D8%A7%D8%AF%DB%8C%D8%B3.png,sitemap_image,.png,post-sitemap.xml,yes,FACT: referenced in Yoast sitemap image/loc entries,no
https://abadis-med.com/wp-content/uploads/2024/11/%DA%A9%DB%8C%D8%B3%D9%87-%D8%B3%D8%A7%DA%A9%D8%B4%D9%86-%D8%A8%DB%8C%D9%85%D8%A7%D8%B1%D8%B3%D8%AA%D8%A7%D9%86-%D8%A7%D8%AE%D8%AA%D8%B1-%D8%AA%D9%87%D8%B1%D8%A7%D9%86-%D8%A2%D8%A8%D8%A7%D8%AF%DB%8C%D8%B3.png,sitemap_image,.png,post-sitemap.xml,yes,FACT: referenced in Yoast sitemap image/loc entries,no
https://abadis-med.com/wp-content/uploads/2024/11/%DA%A9%DB%8C%D8%B3%D9%87-%D8%B3%D8%A7%DA%A9%D8%B4%D9%86-%D8%A8%DB%8C%D9%85%D8%A7%D8%B1%D8%B3%D8%AA%D8%A7%D9%86-%DB%8C%D8%A7%D8%B3-%D8%AA%D9%87%D8%B1%D8%A7%D9%86-%D8%A2%D8%A8%D8%A7%D8%AF%DB%8C%D8%B3.png,sitemap_image,.png,post-sitemap.xml,yes,FACT: referenced in Yoast sitemap image/loc entries,no
https://abadis-med.com/wp-content/uploads/2024/11/%DA%A9%DB%8C%D8%B3%D9%87-%D8%B3%D8%A7%DA%A9%D8%B4%D9%86-%D8%A8%DB%8C%D9%85%D8%A7%D8%B1%D8%B3%D8%AA%D8%A7%D9%86-%D9%BE%D8%A7%D8%B1%D8%B3-%D8%AA%D9%87%D8%B1%D8%A7%D9%86-%D8%A2%D8%A8%D8%A7%D8%AF%DB%8C%D8%B3.png,sitemap_image,.png,post-sitemap.xml,yes,FACT: referenced in Yoast sitemap image/loc entries,no
https://abadis-med.com/wp-content/uploads/2024/11/%DA%A9%DB%8C%D8%B3%D9%87-%D8%B3%D8%A7%DA%A9%D8%B4%D9%86-%D8%A8%DB%8C%D9%85%D8%A7%D8%B1%D8%B3%D8%AA%D8%A7%D9%86-%D8%A7%D9%85%D8%A7%D9%85-%D8%AE%D9%85%DB%8C%D9%86%DB%8C-%D8%AA%D9%87%D8%B1%D8%A7%D9%86-%D8%A2%D8%A8%D8%A7%D8%AF%DB%8C%D8%B3.png,sitemap_image,.png,post-sitemap.xml,yes,FACT: referenced in Yoast sitemap image/loc entries,no
https://abadis-med.com/wp-content/uploads/2024/11/%DA%A9%DB%8C%D8%B3%D9%87-%D8%B3%D8%A7%DA%A9%D8%B4%D9%86-%D8%A8%DB%8C%D9%85%D8%A7%D8%B1%D8%B3%D8%AA%D8%A7%D9%86-%D9%84%D8%A7%D9%84%D9%87-%D8%AA%D9%87%D8%B1%D8%A7%D9%86-%D8%A2%D8%A8%D8%A7%D8%AF%DB%8C%D8%B3.png,sitemap_image,.png,post-sitemap.xml,yes,FACT: referenced in Yoast sitemap image/loc entries,no
https://abadis-med.com/wp-content/uploads/2024/11/%DA%A9%DB%8C%D8%B3%D9%87-%D8%B3%D8%A7%DA%A9%D8%B4%D9%86-%D8%A8%DB%8C%D9%85%D8%A7%D8%B1%D8%B3%D8%AA%D8%A7%D9%86-%D8%AE%D8%A7%D8%AA%D9%85-%D8%A7%D9%84%D8%A7%D9%86%D8%A8%DB%8C%D8%A7%D8%A1-%D8%AA%D9%87%D8%B1%D8%A7%D9%86-%D8%A2%D8%A8%D8%A7%D8%AF%DB%8C%D8%B3.png,sitemap_image,.png,post-sitemap.xml,yes,FACT: referenced in Yoast sitemap image/loc entries,no
https://abadis-med.com/wp-content/uploads/2024/11/%DA%A9%DB%8C%D8%B3%D9%87-%D8%B3%D8%A7%DA%A9%D8%B4%D9%86-%D8%A8%DB%8C%D9%85%D8%A7%D8%B1%D8%B3%D8%AA%D8%A7%D9%86-%D8%A2%D8%AA%DB%8C%D9%87-%D8%AA%D9%87%D8%B1%D8%A7%D9%86-%D8%A2%D8%A8%D8%A7%D8%AF%DB%8C%D8%B3.png,sitemap_image,.png,post-sitemap.xml,yes,FACT: referenced in Yoast sitemap image/loc entries,no
https://abadis-med.com/wp-content/uploads/2024/11/%DA%A9%DB%8C%D8%B3%D9%87-%D8%B3%D8%A7%DA%A9%D8%B4%D9%86-%D8%A8%DB%8C%D9%85%D8%A7%D8%B1%D8%B3%D8%AA%D8%A7%D9%86-%D8%B9%D8%B1%D9%81%D8%A7%D9%86-%D8%AA%D9%87%D8%B1%D8%A7%D9%86-%D8%A2%D8%A8%D8%A7%D8%AF%DB%8C%D8%B3.png,sitemap_image,.png,post-sitemap.xml,yes,FACT: referenced in Yoast sitemap image/loc entries,no
https://abadis-med.com/wp-content/uploads/2024/11/%DA%A9%DB%8C%D8%B3%D9%87-%D8%B3%D8%A7%DA%A9%D8%B4%D9%86-%D8%A8%DB%8C%D9%85%D8%A7%D8%B1%D8%B3%D8%AA%D8%A7%D9%86-%D8%A7%D9%85%D8%A7%D9%85-%D8%AD%D8%B3%DB%8C%D9%86-%D8%AA%D9%87%D8%B1%D8%A7%D9%86-%D8%A2%D8%A8%D8%A7%D8%AF%DB%8C%D8%B3.png,sitemap_image,.png,post-sitemap.xml,yes,FACT: referenced in Yoast sitemap image/loc entries,no
https://abadis-med.com/wp-content/uploads/2024/11/%DA%A9%DB%8C%D8%B3%D9%87-%D8%B3%D8%A7%DA%A9%D8%B4%D9%86-%D8%A8%DB%8C%D9%85%D8%A7%D8%B1%D8%B3%D8%AA%D8%A7%D9%86-%D8%B9%D8%B1%D9%81%D8%A7%D9%86-%D9%86%DB%8C%D8%A7%DB%8C%D8%B4-%D8%AA%D9%87%D8%B1%D8%A7%D9%86-%D8%A2%D8%A8%D8%A7%D8%AF%DB%8C%D8%B3.png,sitemap_image,.png,post-sitemap.xml,yes,FACT: referenced in Yoast sitemap image/loc entries,no
https://abadis-med.com/wp-content/uploads/2024/11/%DA%A9%DB%8C%D8%B3%D9%87-%D8%B3%D8%A7%DA%A9%D8%B4%D9%86-%D8%A8%DB%8C%D9%85%D8%A7%D8%B1%D8%B3%D8%AA%D8%A7%D9%86-%D9%85%D8%B3%DB%8C%D8%AD-%D8%AF%D8%A7%D9%86%D8%B4%D9%88%D8%B1%DB%8C-%D8%AA%D9%87%D8%B1%D8%A7%D9%86-%D8%A2%D8%A8%D8%A7%D8%AF%DB%8C%D8%B3.png,sitemap_image,.png,post-sitemap.xml,yes,FACT: referenced in Yoast sitemap image/loc entries,no
https://abadis-med.com/wp-content/uploads/2024/11/%DA%A9%DB%8C%D8%B3%D9%87-%D8%B3%D8%A7%DA%A9%D8%B4%D9%86-%D8%A8%DB%8C%D9%85%D8%A7%D8%B1%D8%B3%D8%AA%D8%A7%D9%86-%D8%A8%D9%87%D9%85%D9%86-%D8%AA%D9%87%D8%B1%D8%A7%D9%86-%D8%A2%D8%A8%D8%A7%D8%AF%DB%8C%D8%B3.png,sitemap_image,.png,post-sitemap.xml,yes,FACT: referenced in Yoast sitemap image/loc entries,no
https://abadis-med.com/wp-content/uploads/2024/11/%DA%A9%DB%8C%D8%B3%D9%87-%D8%B3%D8%A7%DA%A9%D8%B4%D9%86-%D8%A8%DB%8C%D9%85%D8%A7%D8%B1%D8%B3%D8%AA%D8%A7%D9%86-%D9%BE%D8%A7%D8%B1%D8%B3%DB%8C%D8%A7%D9%86-%D8%AA%D9%87%D8%B1%D8%A7%D9%86-%D8%A2%D8%A8%D8%A7%D8%AF%DB%8C%D8%B3.png,sitemap_image,.png,post-sitemap.xml,yes,FACT: referenced in Yoast sitemap image/loc entries,no
https://abadis-med.com/wp-content/uploads/2024/11/%DA%A9%DB%8C%D8%B3%D9%87-%D8%B3%D8%A7%DA%A9%D8%B4%D9%86-%D8%A8%DB%8C%D9%85%D8%A7%D8%B1%D8%B3%D8%AA%D8%A7%D9%86-%D9%85%D8%B1%DA%A9%D8%B2-%D8%B7%D8%A8%DB%8C-%DA%A9%D9%88%D8%AF%DA%A9%D8%A7%D9%86-%D8%AA%D9%87%D8%B1%D8%A7%D9%86-%D8%A2%D8%A8%D8%A7%D8%AF%DB%8C%D8%B3.png,sitemap_image,.png,post-sitemap.xml,yes,FACT: referenced in Yoast sitemap image/loc entries,no
https://abadis-med.com/wp-content/uploads/2024/11/%DA%A9%DB%8C%D8%B3%D9%87-%D8%B3%D8%A7%DA%A9%D8%B4%D9%86-%D8%A8%DB%8C%D9%85%D8%A7%D8%B1%D8%B3%D8%AA%D8%A7%D9%86-%D9%86%D9%88%D8%B1%D8%B4%D9%87%D8%B1%DB%8C%D8%A7%D8%B1-%D8%AA%D9%87%D8%B1%D8%A7%D9%86-%D8%A2%D8%A8%D8%A7%D8%AF%DB%8C%D8%B3.png,sitemap_image,.png,post-sitemap.xml,yes,FACT: referenced in Yoast sitemap image/loc entries,no
https://abadis-med.com/wp-content/uploads/2024/11/%DA%A9%DB%8C%D8%B3%D9%87-%D8%B3%D8%A7%DA%A9%D8%B4%D9%86-%D8%A8%DB%8C%D9%85%D8%A7%D8%B1%D8%B3%D8%AA%D8%A7%D9%86-%D8%A7%DB%8C%D8%B1%D8%A7%D9%86%D9%85%D9%87%D8%B1-%D8%AA%D9%87%D8%B1%D8%A7%D9%86-%D8%A2%D8%A8%D8%A7%D8%AF%DB%8C%D8%B3.png,sitemap_image,.png,post-sitemap.xml,yes,FACT: referenced in Yoast sitemap image/loc entries,no
https://abadis-med.com/wp-content/uploads/2024/11/%DA%A9%DB%8C%D8%B3%D9%87-%D8%B3%D8%A7%DA%A9%D8%B4%D9%86-%D8%A8%DB%8C%D9%85%D8%A7%D8%B1%D8%B3%D8%AA%D8%A7%D9%86-%DA%A9%D8%B3%D8%B1%DB%8C-%D8%AA%D9%87%D8%B1%D8%A7%D9%86-%D8%A2%D8%A8%D8%A7%D8%AF%DB%8C%D8%B3.png,sitemap_image,.png,post-sitemap.xml,yes,FACT: referenced in Yoast sitemap image/loc entries,no
https://abadis-med.com/wp-content/uploads/2024/11/%DA%A9%DB%8C%D8%B3%D9%87-%D8%B3%D8%A7%DA%A9%D8%B4%D9%86-%D8%A8%DB%8C%D9%85%D8%A7%D8%B1%D8%B3%D8%AA%D8%A7%D9%86-%D9%85%D9%87%D8%B1-%D8%AA%D9%87%D8%B1%D8%A7%D9%86-%D8%A2%D8%A8%D8%A7%D8%AF%DB%8C%D8%B3.png,sitemap_image,.png,post-sitemap.xml,yes,FACT: referenced in Yoast sitemap image/loc entries,no
https://abadis-med.com/wp-content/uploads/2024/11/%DA%A9%DB%8C%D8%B3%D9%87-%D8%B3%D8%A7%DA%A9%D8%B4%D9%86-%D8%A8%DB%8C%D9%85%D8%A7%D8%B1%D8%B3%D8%AA%D8%A7%D9%86-%D8%AA%D8%B1%DB%8C%D8%AA%D8%A7-%D8%AA%D9%87%D8%B1%D8%A7%D9%86-%D8%A2%D8%A8%D8%A7%D8%AF%DB%8C%D8%B3.png,sitemap_image,.png,post-sitemap.xml,yes,FACT: referenced in Yoast sitemap image/loc entries,no
https://abadis-med.com/wp-content/uploads/2024/11/%DA%A9%DB%8C%D8%B3%D9%87-%D8%B3%D8%A7%DA%A9%D8%B4%D9%86-%D8%A8%DB%8C%D9%85%D8%A7%D8%B1%D8%B3%D8%AA%D8%A7%D9%86-%D8%AF%DB%8C-%D8%AA%D9%87%D8%B1%D8%A7%D9%86-%D8%A2%D8%A8%D8%A7%D8%AF%DB%8C%D8%B3.png,sitemap_image,.png,post-sitemap.xml,yes,FACT: referenced in Yoast sitemap image/loc entries,no
https://abadis-med.com/wp-content/uploads/2024/11/%DA%A9%DB%8C%D8%B3%D9%87-%D8%B3%D8%A7%DA%A9%D8%B4%D9%86-%D8%A8%DB%8C%D9%85%D8%A7%D8%B1%D8%B3%D8%AA%D8%A7%D9%86-%D9%BE%D8%A7%D8%B1%D8%B3%D8%A7-%D8%AA%D9%87%D8%B1%D8%A7%D9%86-%D8%A2%D8%A8%D8%A7%D8%AF%DB%8C%D8%B3.png,sitemap_image,.png,post-sitemap.xml,yes,FACT: referenced in Yoast sitemap image/loc entries,no
https://abadis-med.com/wp-content/uploads/2024/11/%DA%A9%DB%8C%D8%B3%D9%87-%D8%B3%D8%A7%DA%A9%D8%B4%D9%86-%D8%A8%DB%8C%D9%85%D8%A7%D8%B1%D8%B3%D8%AA%D8%A7%D9%86-%DA%AF%D8%A7%D9%86%D8%AF%DB%8C-%D8%AA%D9%87%D8%B1%D8%A7%D9%86-%D8%A2%D8%A8%D8%A7%D8%AF%DB%8C%D8%B3.png,sitemap_image,.png,post-sitemap.xml,yes,FACT: referenced in Yoast sitemap image/loc entries,no
https://abadis-med.com/wp-content/uploads/2024/11/%DA%A9%DB%8C%D8%B3%D9%87-%D8%B3%D8%A7%DA%A9%D8%B4%D9%86-%D8%A8%DB%8C%D9%85%D8%A7%D8%B1%D8%B3%D8%AA%D8%A7%D9%86-%D8%A2%D8%B1%D8%A7%D8%AF-%D8%AA%D9%87%D8%B1%D8%A7%D9%86-%D8%A2%D8%A8%D8%A7%D8%AF%DB%8C%D8%B3.png,sitemap_image,.png,post-sitemap.xml,yes,FACT: referenced in Yoast sitemap image/loc entries,no
https://abadis-med.com/wp-content/uploads/2024/11/%DA%A9%DB%8C%D8%B3%D9%87-%D8%B3%D8%A7%DA%A9%D8%B4%D9%86-%D8%A8%DB%8C%D9%85%D8%A7%D8%B1%D8%B3%D8%AA%D8%A7%D9%86-%D9%85%D9%81%D8%B1%D8%AD-%D8%AA%D9%87%D8%B1%D8%A7%D9%86-%D8%A2%D8%A8%D8%A7%D8%AF%DB%8C%D8%B3.png,sitemap_image,.png,post-sitemap.xml,yes,FACT: referenced in Yoast sitemap image/loc entries,no
https://abadis-med.com/wp-content/uploads/2024/11/%DA%A9%DB%8C%D8%B3%D9%87-%D8%B3%D8%A7%DA%A9%D8%B4%D9%86-%D8%A8%DB%8C%D9%85%D8%A7%D8%B1%D8%B3%D8%AA%D8%A7%D9%86-%D9%85%D9%87%D8%B1%D8%A7%D8%AF-%D8%AA%D9%87%D8%B1%D8%A7%D9%86-%D8%A2%D8%A8%D8%A7%D8%AF%DB%8C%D8%B3.png,sitemap_image,.png,post-sitemap.xml,yes,FACT: referenced in Yoast sitemap image/loc entries,no
https://abadis-med.com/wp-content/uploads/2024/11/%DA%A9%DB%8C%D8%B3%D9%87-%D8%B3%D8%A7%DA%A9%D8%B4%D9%86-%D8%A8%DB%8C%D9%85%D8%A7%D8%B1%D8%B3%D8%AA%D8%A7%D9%86-%DA%A9%D9%88%D8%AF%DA%A9%D8%A7%D9%86-%D9%85%D9%81%DB%8C%D8%AF-%D8%AA%D9%87%D8%B1%D8%A7%D9%86-%D8%A2%D8%A8%D8%A7%D8%AF%DB%8C%D8%B3.png,sitemap_image,.png,post-sitemap.xml,yes,FACT: referenced in Yoast sitemap image/loc entries,no
https://abadis-med.com/wp-content/uploads/2024/11/%DA%A9%DB%8C%D8%B3%D9%87-%D8%B3%D8%A7%DA%A9%D8%B4%D9%86-%D8%A8%DB%8C%D9%85%D8%A7%D8%B1%D8%B3%D8%AA%D8%A7%D9%86-%D8%B3%D8%A7%D8%B3%D8%A7%D9%86-%D8%AA%D9%87%D8%B1%D8%A7%D9%86-%D8%A2%D8%A8%D8%A7%D8%AF%DB%8C%D8%B3.png,sitemap_image,.png,post-sitemap.xml,yes,FACT: referenced in Yoast sitemap image/loc entries,no
https://abadis-med.com/wp-content/uploads/2024/11/%DA%A9%DB%8C%D8%B3%D9%87-%D8%B3%D8%A7%DA%A9%D8%B4%D9%86-%D8%A8%DB%8C%D9%85%D8%A7%D8%B1%D8%B3%D8%AA%D8%A7%D9%86-%DA%A9%DB%8C%D8%A7%D9%86-%D8%AA%D9%87%D8%B1%D8%A7%D9%86-%D8%A2%D8%A8%D8%A7%D8%AF%DB%8C%D8%B3.png,sitemap_image,.png,post-sitemap.xml,yes,FACT: referenced in Yoast sitemap image/loc entries,no
https://abadis-med.com/wp-content/uploads/2024/11/%DA%A9%DB%8C%D8%B3%D9%87-%D8%B3%D8%A7%DA%A9%D8%B4%D9%86-%D8%A8%DB%8C%D9%85%D8%A7%D8%B1%D8%B3%D8%AA%D8%A7%D9%86-%D9%81%D8%B1%D9%87%DB%8C%D8%AE%D8%AA%DA%AF%D8%A7%D9%86-%D8%AA%D9%87%D8%B1%D8%A7%D9%86-%D8%A2%D8%A8%D8%A7%D8%AF%DB%8C%D8%B3.png,sitemap_image,.png,post-sitemap.xml,yes,FACT: referenced in Yoast sitemap image/loc entries,no
https://abadis-med.com/wp-content/uploads/2024/11/%DA%A9%DB%8C%D8%B3%D9%87-%D8%B3%D8%A7%DA%A9%D8%B4%D9%86-%D8%A8%DB%8C%D9%85%D8%A7%D8%B1%D8%B3%D8%AA%D8%A7%D9%86-%D8%A7%DB%8C%D8%B1%D8%A7%D9%86%D8%B4%D9%87%D8%B1-%D8%AA%D9%87%D8%B1%D8%A7%D9%86-%D8%A2%D8%A8%D8%A7%D8%AF%DB%8C%D8%B3.png,sitemap_image,.png,post-sitemap.xml,yes,FACT: referenced in Yoast sitemap image/loc entries,no
https://abadis-med.com/wp-content/uploads/2024/11/%DA%A9%DB%8C%D8%B3%D9%87-%D8%B3%D8%A7%DA%A9%D8%B4%D9%86-%D8%A8%DB%8C%D9%85%D8%A7%D8%B1%D8%B3%D8%AA%D8%A7%D9%86-%D9%85%D8%AF%D8%B1%D8%B3-%D8%AA%D9%87%D8%B1%D8%A7%D9%86-%D8%A2%D8%A8%D8%A7%D8%AF%DB%8C%D8%B3.png,sitemap_image,.png,post-sitemap.xml,yes,FACT: referenced in Yoast sitemap image/loc entries,no
https://abadis-med.com/wp-content/uploads/2024/11/%DA%A9%DB%8C%D8%B3%D9%87-%D8%B3%D8%A7%DA%A9%D8%B4%D9%86-%D8%A8%DB%8C%D9%85%D8%A7%D8%B1%D8%B3%D8%AA%D8%A7%D9%86-%D8%A7%D8%AE%D8%AA%D8%B1-%D8%AA%D9%87%D8%B1%D8%A7%D9%86-%D8%A2%D8%A8%D8%A7%D8%AF%DB%8C%D8%B3-1.png,sitemap_image,.png,post-sitemap.xml,yes,FACT: referenced in Yoast sitemap image/loc entries,no
https://abadis-med.com/wp-content/uploads/2024/11/%DA%A9%DB%8C%D8%B3%D9%87-%D8%B3%D8%A7%DA%A9%D8%B4%D9%86-%D8%A8%DB%8C%D9%85%D8%A7%D8%B1%D8%B3%D8%AA%D8%A7%D9%86-%D9%81%D8%B1%D9%85%D8%A7%D9%86%DB%8C%D9%87-%D8%AA%D9%87%D8%B1%D8%A7%D9%86-%D8%A2%D8%A8%D8%A7%D8%AF%DB%8C%D8%B3.png,sitemap_image,.png,post-sitemap.xml,yes,FACT: referenced in Yoast sitemap image/loc entries,no
https://abadis-med.com/wp-content/uploads/2024/11/%DA%A9%DB%8C%D8%B3%D9%87-%D8%B3%D8%A7%DA%A9%D8%B4%D9%86-%D8%A8%DB%8C%D9%85%D8%A7%D8%B1%D8%B3%D8%AA%D8%A7%D9%86-%D8%A2%D8%B1%D8%A7%D9%85-%D8%AA%D9%87%D8%B1%D8%A7%D9%86-%D8%A2%D8%A8%D8%A7%D8%AF%DB%8C%D8%B3.png,sitemap_image,.png,post-sitemap.xml,yes,FACT: referenced in Yoast sitemap image/loc entries,no
https://abadis-med.com/wp-content/uploads/2024/11/%DA%A9%DB%8C%D8%B3%D9%87-%D8%B3%D8%A7%DA%A9%D8%B4%D9%86-%D8%A8%DB%8C%D9%85%D8%A7%D8%B1%D8%B3%D8%AA%D8%A7%D9%86-%D8%A7%D9%84%D8%A8%D8%B1%D8%B2-%D8%AA%D9%87%D8%B1%D8%A7%D9%86-%D8%A2%D8%A8%D8%A7%D8%AF%DB%8C%D8%B3.png,sitemap_image,.png,post-sitemap.xml,yes,FACT: referenced in Yoast sitemap image/loc entries,no
https://abadis-med.com/wp-content/uploads/2024/11/%DA%A9%DB%8C%D8%B3%D9%87-%D8%B3%D8%A7%DA%A9%D8%B4%D9%86-%D8%A8%DB%8C%D9%85%D8%A7%D8%B1%D8%B3%D8%AA%D8%A7%D9%86-%D8%A7%D9%84%D8%BA%D8%AF%DB%8C%D8%B1-%D8%AA%D9%87%D8%B1%D8%A7%D9%86-%D8%A2%D8%A8%D8%A7%D8%AF%DB%8C%D8%B3.png,sitemap_image,.png,post-sitemap.xml,yes,FACT: referenced in Yoast sitemap image/loc entries,no
https://abadis-med.com/wp-content/uploads/2024/11/%DA%A9%DB%8C%D8%B3%D9%87-%D8%B3%D8%A7%DA%A9%D8%B4%D9%86-%D8%A8%DB%8C%D9%85%D8%A7%D8%B1%D8%B3%D8%AA%D8%A7%D9%86-%D9%85%D8%B1%D8%AF%D9%85-%D8%AA%D9%87%D8%B1%D8%A7%D9%86-%D8%A2%D8%A8%D8%A7%D8%AF%DB%8C%D8%B3.png,sitemap_image,.png,post-sitemap.xml,yes,FACT: referenced in Yoast sitemap image/loc entries,no
https://abadis-med.com/wp-content/uploads/2022/05/%D8%A7%D9%86%D9%88%D8%A7%D8%B9-%D9%81%DB%8C%D9%84%D8%AA%D8%B1-%D9%87%D8%A7%DB%8C-%DA%A9%DB%8C%D8%B3%D9%87-%D8%B3%D8%A7%DA%A9%D8%B4%D9%86-3.jpg,sitemap_image,.jpg,post-sitemap.xml,yes,FACT: referenced in Yoast sitemap image/loc entries,no
https://abadis-med.com/wp-content/uploads/2022/05/%D9%86%D9%85%D9%88%D9%86%D9%87%E2%80%8C%D8%A7%DB%8C-%D8%A7%D8%B2-%D9%81%DB%8C%D9%84%D8%AA%D8%B1-%D8%A2%D9%86%D8%AA%DB%8C-%D8%A8%D8%A7%DA%A9%D8%AA%D8%B1%DB%8C%D8%A7%D9%84-%D8%AF%D8%B3%D8%AA%DA%AF%D8%A7%D9%87-%D8%B3%D8%A7%DA%A9%D8%B4%D9%86-%D8%B4%D8%B1%DA%A9%D8%AA-%D9%85%D8%AE%D8%A7%D8%B2%D9%86-%D8%B7%D8%A8%DB%8C-%D8%A2%D8%A8%D8%A7%D8%AF%DB%8C%D8%B3-2.jpg,sitemap_image,.jpg,post-sitemap.xml,yes,FACT: referenced in Yoast sitemap image/loc entries,no
https://abadis-med.com/wp-content/uploads/2022/05/%D9%81%DB%8C%D9%84%D8%AA%D8%B1-HME-%D8%AF%D8%B3%D8%AA%DA%AF%D8%A7%D9%87-%D8%B3%D8%A7%DA%A9%D8%B4%D9%86-%D8%B4%D8%B1%DA%A9%D8%AA-%D9%85%D8%AE%D8%A7%D8%B2%D9%86-%D8%B7%D8%A8%DB%8C-%D8%A2%D8%A8%D8%A7%D8%AF%DB%8C%D8%B3.jpg,sitemap_image,.jpg,post-sitemap.xml,yes,FACT: referenced in Yoast sitemap image/loc entries,no
https://abadis-med.com/wp-content/uploads/2022/05/%D9%86%D9%85%D9%88%D9%86%D9%87%E2%80%8C%D8%A7%DB%8C-%D8%A7%D8%B2-%D9%81%DB%8C%D9%84%D8%AA%D8%B1-%D8%A2%D9%86%D8%AA%DB%8C-%D8%A8%D8%A7%DA%A9%D8%AA%D8%B1%DB%8C%D8%A7%D9%84-%D8%AF%D8%B3%D8%AA%DA%AF%D8%A7%D9%87-%D8%B3%D8%A7%DA%A9%D8%B4%D9%86-%D8%B4%D8%B1%DA%A9%D8%AA-%D9%85%D8%AE%D8%A7%D8%B2%D9%86-%D8%B7%D8%A8%DB%8C-%D8%A2%D8%A8%D8%A7%D8%AF%DB%8C%D8%B3-4.jpg,sitemap_image,.jpg,post-sitemap.xml,yes,FACT: referenced in Yoast sitemap image/loc entries,no
https://abadis-med.com/wp-content/uploads/2022/05/%D8%A7%D9%86%D9%88%D8%A7%D8%B9-%D9%81%DB%8C%D9%84%D8%AA%D8%B1-%D9%87%D8%A7%DB%8C-%DA%A9%DB%8C%D8%B3%D9%87-%D8%B3%D8%A7%DA%A9%D8%B4%D9%86-2.jpg,sitemap_image,.jpg,post-sitemap.xml,yes,FACT: referenced in Yoast sitemap image/loc entries,no
https://abadis-med.com/wp-content/uploads/2022/05/%D9%86%D9%85%D9%88%D9%86%D9%87%E2%80%8C%D8%A7%DB%8C-%D8%A7%D8%B2-%D9%81%DB%8C%D9%84%D8%AA%D8%B1-%D8%A2%D9%86%D8%AA%DB%8C-%D8%A8%D8%A7%DA%A9%D8%AA%D8%B1%DB%8C%D8%A7%D9%84-%D8%AF%D8%B3%D8%AA%DA%AF%D8%A7%D9%87-%D8%B3%D8%A7%DA%A9%D8%B4%D9%86-%D8%B4%D8%B1%DA%A9%D8%AA-%D9%85%D8%AE%D8%A7%D8%B2%D9%86-%D8%B7%D8%A8%DB%8C-%D8%A2%D8%A8%D8%A7%D8%AF%DB%8C%D8%B3-6.jpg,sitemap_image,.jpg,post-sitemap.xml,yes,FACT: referenced in Yoast sitemap image/loc entries,no
https://abadis-med.com/wp-content/uploads/2022/05/%D9%86%D9%85%D9%88%D9%86%D9%87%E2%80%8C%D8%A7%DB%8C-%D8%A7%D8%B2-%D9%81%DB%8C%D9%84%D8%AA%D8%B1-%D8%A2%D9%86%D8%AA%DB%8C-%D8%A8%D8%A7%DA%A9%D8%AA%D8%B1%DB%8C%D8%A7%D9%84-%D8%AF%D8%B3%D8%AA%DA%AF%D8%A7%D9%87-%D8%B3%D8%A7%DA%A9%D8%B4%D9%86-%D8%B4%D8%B1%DA%A9%D8%AA-%D9%85%D8%AE%D8%A7%D8%B2%D9%86-%D8%B7%D8%A8%DB%8C-%D8%A2%D8%A8%D8%A7%D8%AF%DB%8C%D8%B3-5.jpg,sitemap_image,.jpg,post-sitemap.xml,yes,FACT: referenced in Yoast sitemap image/loc entries,no
https://abadis-med.com/wp-content/uploads/2022/05/%D9%86%D9%85%D9%88%D9%86%D9%87-%D8%A7%DB%8C-%D8%A7%D8%B2-%D9%81%DB%8C%D9%84%D8%AA%D8%B1-HME-%D8%AA%D8%B1%D8%A7%DA%A9%D8%A6%D9%88%D8%B3%D8%AA%D9%88%D9%85%DB%8C.jpg,sitemap_image,.jpg,post-sitemap.xml,yes,FACT: referenced in Yoast sitemap image/loc entries,no
https://abadis-med.com/wp-content/uploads/2025/11/%D9%88%D8%A8%DB%8C%D9%86%D8%A7%D8%B1-%D8%A2%D9%85%D9%88%D8%B2%D8%B4%DB%8C-%D9%86%D9%82%D8%B4-%D9%87%D9%88%D8%B4-%D9%85%D8%B5%D9%86%D9%88%D8%B9%DB%8C-%D9%88-%D9%87%D9%88%D8%B4-%D8%AA%D8%AC%D8%A7%D8%B1%DB%8C-%D8%AF%D8%B1-%D8%B5%D9%86%D8%B9%D8%AA-%D8%AA%D8%AC%D9%87%DB%8C%D8%B2%D8%A7%D8%AA-%D9%BE%D8%B2%D8%B4%DA%A9%DB%8C-%D8%A8%D8%B1%DA%AF%D8%B2%D8%A7%D8%B1-%D9%85%DB%8C%E2%80%8C%D8%B4%D9%88%D8%AF.jpg,sitemap_image,.jpg,post-sitemap.xml,yes,FACT: referenced in Yoast sitemap image/loc entries,no
https://abadis-med.com/wp-content/uploads/2025/11/WhatsApp-Image-2025-11-19-at-10.40.12.jpeg,sitemap_image,.jpeg,post-sitemap.xml,yes,FACT: referenced in Yoast sitemap image/loc entries,no
https://abadis-med.com/wp-content/uploads/2025/11/%D9%86%D9%82%D8%B4-%D8%B5%D9%86%D8%A7%DB%8C%D8%B9-%D8%AF%D8%A7%D9%86%D8%B4%E2%80%8C%D8%A8%D9%86%DB%8C%D8%A7%D9%86-%D8%AF%D8%B1-%D8%AA%D8%AD%D9%82%D9%82-%D8%AD%DA%A9%D9%85%D8%B1%D8%A7%D9%86%DB%8C-%D8%B3%D8%A8%D8%B2.jpg,sitemap_image,.jpg,post-sitemap.xml,yes,FACT: referenced in Yoast sitemap image/loc entries,no
https://abadis-med.com/wp-content/uploads/2025/11/%D9%81%DB%8C%D9%84%D8%AA%D8%B1%D9%87%D8%A7%DB%8C-%D8%A2%D8%A8%D8%A7%D8%AF%DB%8C%D8%B3%D8%9B-%D8%AD%D8%AF%D8%A7%DA%A9%D8%AB%D8%B1-%D8%A7%DB%8C%D9%85%D9%86%DB%8C-%D8%AF%D8%B1-%DA%A9%D9%86%D8%AA%D8%B1%D9%84-%D8%B9%D9%81%D9%88%D9%86%D8%AA-%D8%AF%D8%B1-%D8%B3%DB%8C%D8%B3%D8%AA%D9%85%E2%80%8C%D9%87%D8%A7%DB%8C-%D8%B3%D8%A7%DA%A9%D8%B4%D9%86-%D8%A8%DB%8C%D9%85%D8%A7%D8%B1%D8%B3%D8%AA%D8%A7%D9%86%DB%8C%E2%80%8E.jpg,sitemap_image,.jpg,post-sitemap.xml,yes,FACT: referenced in Yoast sitemap image/loc entries,no
https://abadis-med.com/wp-content/uploads/2025/11/%DA%86%D8%B1%D8%A7-%D9%85%D8%AE%D8%A7%D8%B2%D9%86-%D8%B7%D8%A8%DB%8C-%D8%A2%D8%A8%D8%A7%D8%AF%DB%8C%D8%B3-%D8%AF%D8%B1-%D9%87%DB%8C%DA%86%E2%80%8C%DB%8C%DA%A9-%D8%A7%D8%B2-%D9%86%D9%85%D8%A7%DB%8C%D8%B4%DA%AF%D8%A7%D9%87%E2%80%8C%D9%87%D8%A7-%D9%88-%DA%A9%D9%86%DA%AF%D8%B1%D9%87%E2%80%8C%D9%87%D8%A7%DB%8C-%D8%B3%D8%A7%D9%84-%DB%B1%DB%B4%DB%B0%DB%B4-%D8%AD%D8%B6%D9%88%D8%B1-%D9%BE%DB%8C%D8%AF%D8%A7-%D9%86%DA%A9%D8%B1%D8%AF%D8%9F.jpg,sitemap_image,.jpg,post-sitemap.xml,yes,FACT: referenced in Yoast sitemap image/loc entries,no
https://abadis-med.com/wp-content/uploads/2025/11/%D8%A7%D9%86%D8%AA%D8%B4%D8%A7%D8%B1-%DA%A9%D8%AA%D8%A7%D8%A8-%D8%AA%D8%A7%D8%B1%DB%8C%D8%AE-%D8%B4%D9%81%D8%A7%D9%87%DB%8C-%D8%B5%D9%86%D8%B9%D8%AA-%D8%AA%D8%AC%D9%87%DB%8C%D8%B2%D8%A7%D8%AA-%D9%BE%D8%B2%D8%B4%DA%A9%DB%8C-%D8%A7%DB%8C%D8%B1%D8%A7%D9%86.jpg,sitemap_image,.jpg,post-sitemap.xml,yes,FACT: referenced in Yoast sitemap image/loc entries,no
https://abadis-med.com/wp-content/uploads/2025/11/%EF%BF%BD%DA%A9%D8%AA%D8%A7%D8%A8-%D8%AA%D8%A7%D8%B1%DB%8C%D8%AE-%D8%B4%D9%81%D8%A7%D9%87%DB%8C-%D8%B5%D9%86%D8%B9%D8%AA-%D8%AA%D8%AC%D9%87%DB%8C%D8%B2%D8%A7%D8%AA-%D9%BE%D8%B2%D8%B4%DA%A9%DB%8C-%D8%A7%DB%8C%D8%B1%D8%A7%D9%8622-08-04-345.jpg,sitemap_image,.jpg,post-sitemap.xml,yes,FACT: referenced in Yoast sitemap image/loc entries,no
https://abadis-med.com/wp-content/uploads/2025/11/WhatsApp-Image-2025-11-30-at-08.42.58.jpeg,sitemap_image,.jpeg,post-sitemap.xml,yes,FACT: referenced in Yoast sitemap image/loc entries,no
https://abadis-med.com/wp-content/uploads/2018/06/%DA%AF%D8%B2%D8%A7%D8%B1%D8%B4-%D9%86%D9%85%D8%A7%DB%8C%D8%B4%DA%AF%D8%A7%D9%87-%D8%A7%DB%8C%D8%B1%D8%A7%D9%86-%D9%87%D9%84%D8%AB-1397.jpg,sitemap_image,.jpg,post-sitemap.xml,yes,FACT: referenced in Yoast sitemap image/loc entries,no
https://abadis-med.com/wp-content/uploads/2018/06/13.jpg,sitemap_image,.jpg,post-sitemap.xml,yes,FACT: referenced in Yoast sitemap image/loc entries,no
https://abadis-med.com/wp-content/uploads/2018/06/15.jpg,sitemap_image,.jpg,post-sitemap.xml,yes,FACT: referenced in Yoast sitemap image/loc entries,no
https://abadis-med.com/wp-content/uploads/2019/06/%DA%AF%D8%B2%D8%A7%D8%B1%D8%B4-%D8%A8%DB%8C%D8%B3%D8%AA-%D9%88-%D8%AF%D9%88%D9%85%DB%8C%D9%86-%D9%86%D9%85%D8%A7%DB%8C%D8%B4%DA%AF%D8%A7%D9%87-%D8%A8%DB%8C%D9%86-%D8%A7%D9%84%D9%85%D9%84%D9%84%DB%8C-%D8%A7%DB%8C%D8%B1%D8%A7%D9%86-%D9%87%D9%84%D8%AB.jpg,sitemap_image,.jpg,post-sitemap.xml,yes,FACT: referenced in Yoast sitemap image/loc entries,no
https://abadis-med.com/wp-content/uploads/2019/06/Iran-Health-22-1-1.jpg,sitemap_image,.jpg,post-sitemap.xml,yes,FACT: referenced in Yoast sitemap image/loc entries,no
https://abadis-med.com/wp-content/uploads/2019/06/Iran-Health-22-1-11.jpg,sitemap_image,.jpg,post-sitemap.xml,yes,FACT: referenced in Yoast sitemap image/loc entries,no
https://abadis-med.com/wp-content/uploads/2019/06/Iran-Health-22-1-1-1.jpg,sitemap_image,.jpg,post-sitemap.xml,yes,FACT: referenced in Yoast sitemap image/loc entries,no
https://abadis-med.com/wp-content/uploads/2019/06/Iran-Health-22-1-2.jpg,sitemap_image,.jpg,post-sitemap.xml,yes,FACT: referenced in Yoast sitemap image/loc entries,no
https://abadis-med.com/wp-content/uploads/2019/06/Iran-Health-22-1-4.jpg,sitemap_image,.jpg,post-sitemap.xml,yes,FACT: referenced in Yoast sitemap image/loc entries,no
https://abadis-med.com/wp-content/uploads/2019/06/Iran-Health-22-1-6.jpg,sitemap_image,.jpg,post-sitemap.xml,yes,FACT: referenced in Yoast sitemap image/loc entries,no
https://abadis-med.com/wp-content/uploads/2019/06/Iran-Health-22-1-7.jpg,sitemap_image,.jpg,post-sitemap.xml,yes,FACT: referenced in Yoast sitemap image/loc entries,no
https://abadis-med.com/wp-content/uploads/2019/06/Iran-Health-22-1-8.jpg,sitemap_image,.jpg,post-sitemap.xml,yes,FACT: referenced in Yoast sitemap image/loc entries,no
https://abadis-med.com/wp-content/uploads/2019/06/Iran-Health-22-1-9.jpg,sitemap_image,.jpg,post-sitemap.xml,yes,FACT: referenced in Yoast sitemap image/loc entries,no
https://abadis-med.com/wp-content/uploads/2019/06/Iran-Health-22-1-10.jpg,sitemap_image,.jpg,post-sitemap.xml,yes,FACT: referenced in Yoast sitemap image/loc entries,no
https://abadis-med.com/wp-content/uploads/2025/08/%D8%A7%D8%B3%D8%AA%D8%A7%D9%86%D8%AF%D8%A7%D8%B1%D8%AF%D9%87%D8%A7%DB%8C-%D9%85%D9%88%D8%AC%D9%88%D8%AF-%D8%AF%D8%B1-%D8%AA%D9%88%D9%84%DB%8C%D8%AF-%D8%B3%D8%A7%DA%A9%D8%B4%D9%86-%D8%AA%DB%8C%D9%88%D8%A8-%D9%BE%D8%B2%D8%B4%DA%A9%DB%8C.gif,sitemap_image,.gif,post-sitemap.xml,yes,FACT: referenced in Yoast sitemap image/loc entries,no
https://abadis-med.com/wp-content/uploads/2025/08/Iso-Abadis-1.png,sitemap_image,.png,post-sitemap.xml,yes,FACT: referenced in Yoast sitemap image/loc entries,no
https://abadis-med.com/wp-content/uploads/2025/08/15504-1397-19.jpg,sitemap_image,.jpg,post-sitemap.xml,yes,FACT: referenced in Yoast sitemap image/loc entries,no
https://abadis-med.com/wp-content/uploads/2025/08/%D8%A7%D8%B3%D8%AA%D8%A7%D9%86%D8%AF%D8%A7%D8%B1%D8%AF%D9%87%D8%A7%DB%8C-%D9%85%D9%88%D8%AC%D9%88%D8%AF-%D8%AF%D8%B1-%D8%AA%D9%88%D9%84%DB%8C%D8%AF-%DA%A9%DB%8C%D8%B3%D9%87-%D8%B3%D8%A7%DA%A9%D8%B4%D9%86-%DB%8C%DA%A9%D8%A8%D8%A7%D8%B1-%D9%85%D8%B5%D8%B1%D9%81.jpg,sitemap_image,.jpg,post-sitemap.xml,yes,FACT: referenced in Yoast sitemap image/loc entries,no
https://abadis-med.com/wp-content/uploads/2025/08/ISO-Abadis.png,sitemap_image,.png,post-sitemap.xml,yes,FACT: referenced in Yoast sitemap image/loc entries,no
https://abadis-med.com/wp-content/uploads/2025/08/MDR-Abadis.png,sitemap_image,.png,post-sitemap.xml,yes,FACT: referenced in Yoast sitemap image/loc entries,no
https://abadis-med.com/wp-content/uploads/2025/12/%D8%B1%D9%88%DB%8C%D8%AF%D8%A7%D8%AF-%D9%87%D8%A7-%D9%88-%D9%86%D9%85%D8%A7%DB%8C%D8%B4%DA%AF%D8%A7%D9%87-%D9%87%D8%A7%DB%8C-%D8%AD%D9%88%D8%B2%D9%87-%D8%B3%D9%84%D8%A7%D9%85%D8%AA-%D9%88-%D8%AA%D8%AC%D9%87%DB%8C%D8%B2%D8%A7%D8%AA-%D9%BE%D8%B2%D8%B4%DA%A9%DB%8C-%D8%A7%DB%8C%D8%B1%D8%A7%D9%86.jpg,sitemap_image,.jpg,post-sitemap.xml,yes,FACT: referenced in Yoast sitemap image/loc entries,no
https://abadis-med.com/wp-content/uploads/2025/12/%D9%86%D9%85%D8%A7%DB%8C%D8%B4%DA%AF%D8%A7%D9%87-%D8%A7%DB%8C%D8%B1%D8%A7%D9%86-%D9%87%D9%84%D8%AB.png,sitemap_image,.png,post-sitemap.xml,yes,FACT: referenced in Yoast sitemap image/loc entries,no
https://abadis-med.com/wp-content/uploads/2025/12/%D9%86%D9%85%D8%A7%DB%8C%D8%B4%DA%AF%D8%A7%D9%87-%D8%A7%DB%8C%D8%B1%D8%A7%D9%86-%D9%85%D8%AF.png,sitemap_image,.png,post-sitemap.xml,yes,FACT: referenced in Yoast sitemap image/loc entries,no
https://abadis-med.com/wp-content/uploads/2025/12/%D9%81%DB%8C%DA%A9%D8%B3%D8%B1-%D9%84%D9%88%D9%84%D9%87-%D8%AA%D8%B1%D8%A7%D8%B4%D9%87%D8%9B-%D8%A7%DB%8C%D9%85%D9%86%DB%8C-%D8%A8%DB%8C%D8%B4%D8%AA%D8%B1%D8%8C-%D9%85%D8%B1%D8%A7%D9%82%D8%A8%D8%AA-%D8%A2%D8%B3%D8%A7%D9%86%E2%80%8C%D8%AA%D8%B1.jpg,sitemap_image,.jpg,post-sitemap.xml,yes,FACT: referenced in Yoast sitemap image/loc entries,no
https://abadis-med.com/wp-content/uploads/2026/01/%D9%85%D8%B5%D8%A7%D8%AD%D8%A8%D9%87-%D8%B1%D8%A6%DB%8C%D8%B3-%D9%87%DB%8C%D8%A6%D8%AA%E2%80%8C%D9%85%D8%AF%DB%8C%D8%B1%D9%87-%D8%A2%D8%A8%D8%A7%D8%AF%DB%8C%D8%B3-%D8%AF%D8%B1-%D8%A8%D8%B1%D9%86%D8%A7%D9%85%D9%87-%D8%B9%D8%B5%D8%B1-%D8%AE%D8%A7%D9%86%D9%88%D8%A7%D8%AF%D9%87.jpg,sitemap_image,.jpg,post-sitemap.xml,yes,FACT: referenced in Yoast sitemap image/loc entries,no
https://abadis-med.com/wp-content/uploads/2026/01/%D8%B3%D8%A7%DA%A9%D8%B4%D9%86-%D9%BE%D8%B1%D8%AA%D8%A7%D8%A8%D9%84-%D8%A2%D9%85%D8%A8%D9%88%D9%84%D8%A7%D9%86%D8%B3%DB%8C-%D9%88-%D8%A7%D9%87%D9%85%DB%8C%D8%AA-%D8%A7%D8%B3%D8%AA%D9%81%D8%A7%D8%AF%D9%87-%D8%A7%D8%B2-%D9%85%D8%AE%D8%A7%D8%B2%D9%86-%D9%88-%DA%A9%DB%8C%D8%B3%D9%87%E2%80%8C%D9%87%D8%A7%DB%8C-%D8%B3%D8%A7%DA%A9%D8%B4%D9%86-%DB%8C%DA%A9%D8%A8%D8%A7%D8%B1-%D9%85%D8%B5%D8%B1%D9%81-%D8%A7%D8%B3%D8%AA%D8%A7%D9%86%D8%AF%D8%A7%D8%B1%D8%AF.jpg,sitemap_image,.jpg,post-sitemap.xml,yes,FACT: referenced in Yoast sitemap image/loc entries,no
https://abadis-med.com/wp-content/uploads/2026/02/%D9%86%D9%85%D8%A7%DB%8C%D8%B4%DA%AF%D8%A7%D9%87%E2%80%8C%D9%87%D8%A7%DB%8C-%D8%AA%D8%AC%D9%87%DB%8C%D8%B2%D8%A7%D8%AA-%D9%BE%D8%B2%D8%B4%DA%A9%DB%8C-%D8%AC%D9%87%D8%A7%D9%86.jpg,sitemap_image,.jpg,post-sitemap.xml,yes,FACT: referenced in Yoast sitemap image/loc entries,no
https://abadis-med.com/wp-content/uploads/2026/02/%D8%B7%D8%B1%D8%A7%D8%AD%DB%8C-%D9%88-%D9%BE%DB%8C%D8%A7%D8%AF%D9%87%E2%80%8C%D8%B3%D8%A7%D8%B2%DB%8C-%D8%B3%DB%8C%D8%B3%D8%AA%D9%85-%D9%87%D9%88%D8%B4-%D8%AA%D8%AC%D8%A7%D8%B1%DB%8C-%D8%A8%D8%B1%D8%A7%DB%8C-%D9%85%D8%AF%DB%8C%D8%B1%DB%8C%D8%AA-%D9%86%D9%82%D8%AF%DB%8C%D9%86%DA%AF%DB%8C-%D9%88-%D8%AA%D8%B5%D9%85%DB%8C%D9%85%E2%80%8C%DA%AF%DB%8C%D8%B1%DB%8C-%D8%AA%D9%88%D9%84%DB%8C%D8%AF-%D8%AF%D8%B1-%D8%B4%D8%B1%DA%A9%D8%AA%E2%80%8C%D9%87%D8%A7%DB%8C-%D8%AA%D8%AC%D9%87%DB%8C%D8%B2%D8%A7%D8%AA-%D9%BE%D8%B2%D8%B4%DA%A9%DB%8C-1.jpg,sitemap_image,.jpg,post-sitemap.xml,yes,FACT: referenced in Yoast sitemap image/loc entries,no
https://abadis-med.com/wp-content/uploads/2026/02/%D8%A7%D9%86%D8%AA%D8%B4%D8%A7%D8%B1-%D9%85%D9%82%D8%A7%D9%84%D9%87-%D9%85%D8%AF%DB%8C%D8%B1%D8%B9%D8%A7%D9%85%D9%84-%D9%85%D8%AE%D8%A7%D8%B2%D9%86-%D8%B7%D8%A8%DB%8C-%D8%A2%D8%A8%D8%A7%D8%AF%DB%8C%D8%B3-%D8%AF%D8%B1-%DA%A9%D9%86%D9%81%D8%B1%D8%A7%D9%86%D8%B3-%D8%A8%DB%8C%D9%86%E2%80%8C%D8%A7%D9%84%D9%85%D9%84%D9%84%DB%8C.jpg,sitemap_image,.jpg,post-sitemap.xml,yes,FACT: referenced in Yoast sitemap image/loc entries,no
https://abadis-med.com/wp-content/uploads/2026/02/CERIFICATE-ABADIS-scaled.jpg,sitemap_image,.jpg,post-sitemap.xml,yes,FACT: referenced in Yoast sitemap image/loc entries,no
https://abadis-med.com/wp-content/uploads/2026/05/%D9%88%DB%8C%D8%B1%D9%88%D8%B3-%D9%87%D8%A7%D9%86%D8%AA%D8%A7-%DA%86%DB%8C%D8%B3%D8%AA%D8%9F.jpg,sitemap_image,.jpg,post-sitemap.xml,yes,FACT: referenced in Yoast sitemap image/loc entries,no
https://abadis-med.com/wp-content/uploads/2025/11/%D9%85%D9%82%D8%A7%D9%84%D9%87-%D9%85%D8%AF%DB%8C%D8%B1%D8%B9%D8%A7%D9%85%D9%84-%D9%85%D8%AE%D8%A7%D8%B2%D9%86-%D8%B7%D8%A8%DB%8C-%D8%A2%D8%A8%D8%A7%D8%AF%DB%8C%D8%B3-%D8%AF%D8%B1-%DA%A9%D9%86%D9%81%D8%B1%D8%A7%D9%86%D8%B3-%D8%AD%DA%A9%D9%85%D8%B1%D8%A7%D9%86%DB%8C-%D8%B3%D8%A8%D8%B2-%D8%A7%D8%B1%D8%A7%D8%A6%D9%87-%D8%B4%D8%AF.jpg,sitemap_image,.jpg,post-sitemap.xml,yes,FACT: referenced in Yoast sitemap image/loc entries,no
https://abadis-med.com/wp-content/uploads/2025/11/%D8%AE%D8%A7%D9%86%D9%85-%D8%AF%DA%A9%D8%AA%D8%B1-%D8%A7%D8%A8%D8%AA%DA%A9%D8%A7%D8%B1.jpg,sitemap_image,.jpg,post-sitemap.xml,yes,FACT: referenced in Yoast sitemap image/loc entries,no
https://abadis-med.com/wp-content/uploads/2025/11/%D8%AE%D8%A7%D9%86%D9%85-%D8%AF%DA%A9%D8%AA%D8%B1-%D8%A7%D9%86%D8%B5%D8%A7%D8%B1%DB%8C.jpg,sitemap_image,.jpg,post-sitemap.xml,yes,FACT: referenced in Yoast sitemap image/loc entries,no
https://abadis-med.com/wp-content/uploads/2025/11/Screenshot-2025-11-18-123148.png,sitemap_image,.png,post-sitemap.xml,yes,FACT: referenced in Yoast sitemap image/loc entries,no
https://abadis-med.com/wp-content/uploads/2025/11/1-scaled.jpg,sitemap_image,.jpg,post-sitemap.xml,yes,FACT: referenced in Yoast sitemap image/loc entries,no
https://abadis-med.com/wp-content/uploads/2026/05/%D9%86%D9%82%D8%B4-%DA%A9%DB%8C%D8%B3%D9%87-%D8%B3%D8%A7%DA%A9%D8%B4%D9%86-%DB%8C%DA%A9%E2%80%8C%D8%A8%D8%A7%D8%B1%D9%85%D8%B5%D8%B1%D9%81-%D8%AF%D8%B1-%DA%A9%D8%A7%D9%87%D8%B4-%D8%AE%D8%B7%D8%B1-%D8%A7%D9%86%D8%AA%D9%82%D8%A7%D9%84-%D9%87%D8%A7%D9%86%D8%AA%D8%A7%D9%88%DB%8C%D8%B1%D9%88%D8%B3-%D8%AF%D8%B1-%D9%85%D8%B1%D8%A7%DA%A9%D8%B2-%D8%AF%D8%B1%D9%85%D8%A7%D9%86%DB%8C.jpg,sitemap_image,.jpg,post-sitemap.xml,yes,FACT: referenced in Yoast sitemap image/loc entries,no
https://abadis-med.com/wp-content/uploads/2026/06/%D8%B3%D8%A7%DA%A9%D8%B4%D9%86-%D8%AF%DB%8C%D9%88%D8%A7%D8%B1%DB%8C-%DA%86%DB%8C%D8%B3%D8%AA.jpg,sitemap_image,.jpg,post-sitemap.xml,yes,FACT: referenced in Yoast sitemap image/loc entries,no
https://abadis-med.com/wp-content/uploads/2026/06/%D8%B3%D8%A7%DA%A9%D8%B4%D9%86-%D8%AF%DB%8C%D9%88%D8%A7%D8%B1%DB%8C-scaled.jpg,sitemap_image,.jpg,post-sitemap.xml,yes,FACT: referenced in Yoast sitemap image/loc entries,no
https://abadis-med.com/wp-content/uploads/2022/05/%D8%B1%DA%AF%D9%88%D9%84%D8%A7%D8%AA%D9%88%D8%B1-%D8%B3%D8%A7%DA%A9%D8%B4%D9%86-%DA%86%DB%8C%D8%B3%D8%AA-1.jpg,sitemap_image,.jpg,post-sitemap.xml,yes,FACT: referenced in Yoast sitemap image/loc entries,no
https://abadis-med.com/wp-content/uploads/2022/05/%D9%86%D9%85%D9%88%D9%86%D9%87%E2%80%8C%D8%A7%DB%8C-%D8%A7%D8%B2-%DB%8C%DA%A9-%DB%8C%D9%88%D9%86%DB%8C%D8%AA-%D8%B3%D8%A7%DA%A9%D8%B4%D9%86-%D8%A8%D8%A7-%D8%B1%DA%AF%D9%88%D9%84%D8%A7%D8%AA%D9%88%D8%B1-%D8%A7%D8%B2-%D9%86%D9%88%D8%B9-%D8%AF%DB%8C%D9%88%D8%A7%D8%B1%DB%8C.jpg,sitemap_image,.jpg,post-sitemap.xml,yes,FACT: referenced in Yoast sitemap image/loc entries,no
https://abadis-med.com/wp-content/uploads/2022/05/%D9%86%D9%85%D9%88%D9%86%D9%87%E2%80%8C%D8%A7%DB%8C-%D8%A7%D8%B2-%D8%B1%DA%AF%D9%88%D9%84%D8%A7%D8%AA%D9%88%D8%B1-%D8%AA%D9%86%D8%B8%DB%8C%D9%85-%D9%81%D8%B4%D8%A7%D8%B1-%D8%AF%D8%B3%D8%AA%DA%AF%D8%A7%D9%87-%D8%B3%D8%A7%DA%A9%D8%B4%D9%86.jpg,sitemap_image,.jpg,post-sitemap.xml,yes,FACT: referenced in Yoast sitemap image/loc entries,no
https://abadis-med.com/wp-content/uploads/2026/06/%DB%B2%DB%B0-%DA%98%D9%88%D8%B1%D9%86%D8%A7%D9%84-%D9%85%D8%B9%D8%AA%D8%A8%D8%B1-%D8%AA%D8%AC%D9%87%DB%8C%D8%B2%D8%A7%D8%AA-%D9%BE%D8%B2%D8%B4%DA%A9%DB%8C.jpg,sitemap_image,.jpg,post-sitemap.xml,yes,FACT: referenced in Yoast sitemap image/loc entries,no
https://abadis-med.com/wp-content/uploads/2026/05/UBVtI35V_400x400.jpg,sitemap_image,.jpg,post-sitemap.xml,yes,FACT: referenced in Yoast sitemap image/loc entries,no
https://abadis-med.com/wp-content/uploads/2026/05/ieee_tbme_logo.jpg,sitemap_image,.jpg,post-sitemap.xml,yes,FACT: referenced in Yoast sitemap image/loc entries,no
https://abadis-med.com/wp-content/uploads/2026/05/10439.png,sitemap_image,.png,post-sitemap.xml,yes,FACT: referenced in Yoast sitemap image/loc entries,no
https://abadis-med.com/wp-content/uploads/2026/05/X13504533.jpg,sitemap_image,.jpg,post-sitemap.xml,yes,FACT: referenced in Yoast sitemap image/loc entries,no
https://abadis-med.com/wp-content/uploads/2026/05/19_Journal_MED-icon-150.jpg,sitemap_image,.jpg,post-sitemap.xml,yes,FACT: referenced in Yoast sitemap image/loc entries,no
https://abadis-med.com/wp-content/uploads/2026/05/21922659.webp,sitemap_image,.webp,post-sitemap.xml,yes,FACT: referenced in Yoast sitemap image/loc entries,no
https://abadis-med.com/wp-content/uploads/2026/05/X01429612.jpg,sitemap_image,.jpg,post-sitemap.xml,yes,FACT: referenced in Yoast sitemap image/loc entries,no
https://abadis-med.com/wp-content/uploads/2026/05/X00104825.jpg,sitemap_image,.jpg,post-sitemap.xml,yes,FACT: referenced in Yoast sitemap image/loc entries,no
https://abadis-med.com/wp-content/uploads/2026/05/LargeRollover.00004669-202604000-00000.CV_-1.jpeg,sitemap_image,.jpeg,post-sitemap.xml,yes,FACT: referenced in Yoast sitemap image/loc entries,no
https://abadis-med.com/wp-content/uploads/2026/05/showCoverImage.webp,sitemap_image,.webp,post-sitemap.xml,yes,FACT: referenced in Yoast sitemap image/loc entries,no
https://abadis-med.com/wp-content/uploads/2026/05/dmde20.v019.i00.cover_.jpg,sitemap_image,.jpg,post-sitemap.xml,yes,FACT: referenced in Yoast sitemap image/loc entries,no
https://abadis-med.com/wp-content/uploads/2026/05/10544.webp,sitemap_image,.webp,post-sitemap.xml,yes,FACT: referenced in Yoast sitemap image/loc entries,no
https://abadis-med.com/wp-content/uploads/2026/05/15524965-cover.jpg,sitemap_image,.jpg,post-sitemap.xml,yes,FACT: referenced in Yoast sitemap image/loc entries,no
https://abadis-med.com/wp-content/uploads/2026/05/mp.v53.6.cover_.jpg,sitemap_image,.jpg,post-sitemap.xml,yes,FACT: referenced in Yoast sitemap image/loc entries,no
https://abadis-med.com/wp-content/uploads/2026/05/X15320464.jpg,sitemap_image,.jpg,post-sitemap.xml,yes,FACT: referenced in Yoast sitemap image/loc entries,no
https://abadis-med.com/wp-content/uploads/2026/05/webnews.png,sitemap_image,.png,post-sitemap.xml,yes,FACT: referenced in Yoast sitemap image/loc entries,no
https://abadis-med.com/wp-content/uploads/2026/05/ieee-journal-of-biomedical-and-health-informatics-with-impact-factor.jpg,sitemap_image,.jpg,post-sitemap.xml,yes,FACT: referenced in Yoast sitemap image/loc entries,no
https://abadis-med.com/wp-content/uploads/2026/05/15251594.webp,sitemap_image,.webp,post-sitemap.xml,yes,FACT: referenced in Yoast sitemap image/loc entries,no
https://abadis-med.com/wp-content/uploads/2026/05/johe.v2020.1.cover_.jpg,sitemap_image,.jpg,post-sitemap.xml,yes,FACT: referenced in Yoast sitemap image/loc entries,no
https://abadis-med.com/wp-content/uploads/2026/05/acta_logo_1.jpg,sitemap_image,.jpg,post-sitemap.xml,yes,FACT: referenced in Yoast sitemap image/loc entries,no
https://abadis-med.com/wp-content/uploads/2026/07/%D8%A7%D8%B9%D9%84%D8%A7%D9%85-%D8%B9%D8%AF%D9%85-%D8%AA%D9%85%D8%AF%DB%8C%D8%AF-%D8%B9%D8%B6%D9%88%DB%8C%D8%AA-%D9%88-%D8%A7%D9%86%D8%AA%D8%B4%D8%A7%D8%B1-%D9%86%D8%A7%D9%85%D9%87-%D8%B3%D8%B1%DA%AF%D8%B4%D8%A7%D8%AF%D9%87-%D9%85%D8%AF%DB%8C%D8%B1%D8%B9%D8%A7%D9%85%D9%84-%D8%B4%D8%B1%DA%A9%D8%AA-%D8%A2%D8%A8%D8%A7%D8%AF%DB%8C%D8%B3-%D8%AE%D8%B7%D8%A7%D8%A8-%D8%A8%D9%87-%D8%A7%D9%86%D8%AC%D9%85%D9%86-%D8%AA%D9%88%D9%84%DB%8C%D8%AF%DA%A9%D9%86%D9%86%D8%AF%DA%AF%D8%A7%D9%86-%D8%AA%D8%AC%D9%87%DB%8C%D8%B2%D8%A7%D8%AA-%D9%BE%D8%B2%D8%B4%DA%A9%DB%8C.jpg,sitemap_image,.jpg,post-sitemap.xml,yes,FACT: referenced in Yoast sitemap image/loc entries,no
https://abadis-med.com/wp-content/uploads/2026/08/%DB%B1%DB%B7-%D9%85%D8%B1%D8%AF%D8%A7%D8%AF%D8%9B-%D8%B1%D9%88%D8%B2-%D8%AE%D8%A8%D8%B1%D9%86%DA%AF%D8%A7%D8%B1-%DA%AF%D8%B1%D8%A7%D9%85%DB%8C-%D8%A8%D8%A7%D8%AF.jpg,sitemap_image,.jpg,post-sitemap.xml,yes,FACT: referenced in Yoast sitemap image/loc entries,no
https://abadis-med.com/wp-content/uploads/2026/08/IMG_3106.jpeg,sitemap_image,.jpeg,post-sitemap.xml,yes,FACT: referenced in Yoast sitemap image/loc entries,no
https://abadis-med.com/wp-content/uploads/2026/08/%D8%A2%D8%BA%D8%A7%D8%B2-%D9%81%D9%88%D8%B1%DB%8C-%D8%B9%D9%85%D9%84%DB%8C%D8%A7%D8%AA-%D8%A8%D8%A7%D8%B2%D8%B3%D8%A7%D8%B2%DB%8C-%DA%A9%D8%A7%D8%B1%D8%AE%D8%A7%D9%86%D9%87-%D8%A2%D8%A8%D8%A7%D8%AF%DB%8C%D8%B3-%D9%BE%D8%B3-%D8%A7%D8%B2-%D8%AD%D8%A7%D8%AF%D8%AB%D9%87-%D8%B4%D9%87%D8%B1%DA%A9-%D8%B5%D9%86%D8%B9%D8%AA%DB%8C-%D8%B4%D9%85%D8%B3%E2%80%8C%D8%A2%D8%A8%D8%A7%D8%AF.jpg,sitemap_image,.jpg,post-sitemap.xml,yes,FACT: referenced in Yoast sitemap image/loc entries,no
https://abadis-med.com/wp-content/uploads/2026/08/%D8%AD%D8%A7%D8%AF%D8%AB%D9%871.png,sitemap_image,.png,post-sitemap.xml,yes,FACT: referenced in Yoast sitemap image/loc entries,no
https://abadis-med.com/wp-content/uploads/2026/08/%D8%AD%D8%A7%D8%AF%D8%AB%D9%873.png,sitemap_image,.png,post-sitemap.xml,yes,FACT: referenced in Yoast sitemap image/loc entries,no
https://abadis-med.com/wp-content/uploads/2026/08/%D8%AD%D8%A7%D8%AF%D8%AB%D9%87-2.png,sitemap_image,.png,post-sitemap.xml,yes,FACT: referenced in Yoast sitemap image/loc entries,no
https://abadis-med.com/wp-content/uploads/2026/07/%D9%81%DB%8C%D9%84%D8%AA%D8%B1-%D8%A2%D9%86%D8%AA%DB%8C%E2%80%8C%D8%A8%D8%A7%DA%A9%D8%AA%D8%B1%DB%8C%D8%A7%D9%84-%D9%88-%D9%81%DB%8C%D9%84%D8%AA%D8%B1-%D9%87%DB%8C%D8%AF%D8%B1%D9%88%D9%81%D9%88%D8%A8%DB%8C%DA%A9-%DA%86%DB%8C%D8%B3%D8%AA%D8%9F.jpg,sitemap_image,.jpg,post-sitemap.xml,yes,FACT: referenced in Yoast sitemap image/loc entries,no
https://abadis-med.com/wp-content/uploads/2026/07/MEDICAL-FILTERS.png,sitemap_image,.png,post-sitemap.xml,yes,FACT: referenced in Yoast sitemap image/loc entries,no
https://abadis-med.com/wp-content/uploads/2026/07/%D8%A7%DA%A9%D8%B3%D8%AA%D9%86%D8%B4%D9%86-%D8%AA%DB%8C%D9%88%D8%A8-%DA%86%DB%8C%D8%B3%D8%AA%D8%9F.jpg,sitemap_image,.jpg,post-sitemap.xml,yes,FACT: referenced in Yoast sitemap image/loc entries,no
https://abadis-med.com/wp-content/uploads/2026/07/%D8%A7%DA%A9%D8%B3%D8%AA%D9%86%D8%B4%D9%86-%D8%AA%DB%8C%D9%88%D8%A8.png,sitemap_image,.png,post-sitemap.xml,yes,FACT: referenced in Yoast sitemap image/loc entries,no
https://abadis-med.com/wp-content/uploads/2026/06/%D8%A2%D8%A8%D8%A7%D8%AF%DB%8C%D8%B3-%D8%AF%D8%B1-%D8%B1%D9%88%D8%B2%D9%87%D8%A7%DB%8C-%D8%AC%D9%86%DA%AF-%D8%B1%D9%85%D8%B6%D8%A7%D9%86%D8%9B-%D8%AA%D8%AF%D8%A7%D9%88%D9%85-%D8%AE%D8%AF%D9%85%D8%AA%E2%80%8C%D8%B1%D8%B3%D8%A7%D9%86%DB%8C-%D8%A8%D8%AF%D9%88%D9%86-%D8%AD%D8%AA%DB%8C-%DB%8C%DA%A9-%D8%B1%D9%88%D8%B2-%D8%AA%D9%88%D9%82%D9%81.jpg,sitemap_image,.jpg,post-sitemap.xml,yes,FACT: referenced in Yoast sitemap image/loc entries,no
https://abadis-med.com/wp-content/uploads/2026/04/PHOTO-2026-08-11-12-27-59.jpg,sitemap_image,.jpg,post-sitemap.xml,yes,FACT: referenced in Yoast sitemap image/loc entries,no
https://abadis-med.com/wp-content/uploads/2026/07/%D9%82%DB%8C%D9%85%D8%AA-%DA%A9%DB%8C%D8%B3%D9%87-%D8%B3%D8%A7%DA%A9%D8%B4%D9%86-%DB%8C%DA%A9%D8%A8%D8%A7%D8%B1-%D9%85%D8%B5%D8%B1%D9%81%D8%9B-%D9%87%D8%B1-%D8%A2%D9%86%DA%86%D9%87-%D9%85%D8%AF%DB%8C%D8%B1%D8%A7%D9%86-%D8%AE%D8%B1%DB%8C%D8%AF-%D9%85%D8%B1%D8%A7%DA%A9%D8%B2-%D8%AF%D8%B1%D9%85%D8%A7%D9%86%DB%8C-%D8%A8%D8%A7%DB%8C%D8%AF-%D8%A8%D8%AF%D8%A7%D9%86%D9%86%D8%AF.jpg,sitemap_image,.jpg,post-sitemap.xml,yes,FACT: referenced in Yoast sitemap image/loc entries,no
https://abadis-med.com/wp-content/uploads/2026/07/5B25E99E-D81C-4138-9223-8C1DC3B39698.png.jpeg,sitemap_image,.jpeg,post-sitemap.xml,yes,FACT: referenced in Yoast sitemap image/loc entries,no
https://abadis-med.com/wp-content/uploads/2026/07/%DA%A9%DB%8C%D8%B3%D9%87-%D8%B3%D8%A7%DA%A9%D8%B4%D9%86-%DB%8C%DA%A9%D8%A8%D8%A7%D8%B1-%D9%85%D8%B5%D8%B1%D9%81-%D8%A2%D8%A8%D8%A7%D8%AF%DB%8C%D8%B3.png,sitemap_image,.png,post-sitemap.xml,yes,FACT: referenced in Yoast sitemap image/loc entries,no
https://abadis-med.com/wp-content/uploads/2026/08/%D8%B1%D8%A7%D9%87%D9%86%D9%85%D8%A7%DB%8C-%D8%AE%D8%B1%DB%8C%D8%AF-%DA%A9%DB%8C%D8%B3%D9%87-%D8%B3%D8%A7%DA%A9%D8%B4%D9%86-%DB%8C%DA%A9%D8%A8%D8%A7%D8%B1-%D9%85%D8%B5%D8%B1%D9%81-%D8%A8%D8%B1%D8%A7%DB%8C-%D9%85%D8%B1%D8%A7%DA%A9%D8%B2-%D8%AF%D8%B1%D9%85%D8%A7%D9%86%DB%8C.jpg,sitemap_image,.jpg,post-sitemap.xml,yes,FACT: referenced in Yoast sitemap image/loc entries,no
https://abadis-med.com/wp-content/uploads/2026/07/%DA%A9%DB%8C%D8%B3%D9%87-%D8%B3%D8%A7%DA%A9%D8%B4%D9%86-%DB%8C%DA%A9%D8%A8%D8%A7%D8%B1-%D9%85%D8%B5%D8%B1%D9%81-%D8%A2%D8%A8%D8%A7%D8%AF%DB%8C%D8%B3.png2_.png,sitemap_image,.png,post-sitemap.xml,yes,FACT: referenced in Yoast sitemap image/loc entries,no
https://abadis-med.com/wp-content/uploads/2026/07/%D8%AF%D8%B1%D8%A8-%DA%A9%DB%8C%D8%B3%D9%87-%D8%B3%D8%A7%DA%A9%D8%B4%D9%86.png,sitemap_image,.png,post-sitemap.xml,yes,FACT: referenced in Yoast sitemap image/loc entries,no
https://abadis-med.com/wp-content/uploads/2026/07/%DA%A9%DB%8C%D8%B3%D9%87-%D8%B3%D8%A7%DA%A9%D8%B4%D9%86-%D8%AF%D9%88-%D9%84%DB%8C%D8%AA%D8%B1%DB%8C-%D8%A2%D8%A8%D8%A7%D8%AF%D8%B3.png,sitemap_image,.png,post-sitemap.xml,yes,FACT: referenced in Yoast sitemap image/loc entries,no
https://abadis-med.com/wp-content/uploads/2026/08/%D9%84%D9%88%D9%84%D9%87-%D9%87%D9%88%D8%A7-%D8%A7%DB%8C%D8%B1%D9%88%DB%8C-%DA%86%DB%8C%D8%B3%D8%AA%D8%9F.jpg,sitemap_image,.jpg,post-sitemap.xml,yes,FACT: referenced in Yoast sitemap image/loc entries,no
https://abadis-med.com/wp-content/uploads/2026/08/%D8%A7%DB%8C%D8%B1%D9%88%DB%8C.png,sitemap_image,.png,post-sitemap.xml,yes,FACT: referenced in Yoast sitemap image/loc entries,no
https://abadis-med.com/wp-content/uploads/2026/08/%D9%84%D9%88%D9%84%D9%87-%D9%87%D9%88%D8%A7.png,sitemap_image,.png,post-sitemap.xml,yes,FACT: referenced in Yoast sitemap image/loc entries,no
https://abadis-med.com/wp-content/uploads/2026/08/%D8%AF%D8%B3%D8%AA%DA%AF%D8%A7%D9%87-%D8%AA%D8%B2%D8%B1%DB%8C%D9%82-%DA%86%D8%B1%D8%A8%DB%8C.jpg,sitemap_image,.jpg,post-sitemap.xml,yes,FACT: referenced in Yoast sitemap image/loc entries,no
https://abadis-med.com/wp-content/uploads/2026/08/%D8%AF%D8%B3%D8%AA%DA%AF%D8%A7%D9%87-%D8%AA%D8%B2%D8%B1%DB%8C%D9%82-%DA%86%D8%B1%D8%A8%DB%8C.png,sitemap_image,.png,post-sitemap.xml,yes,FACT: referenced in Yoast sitemap image/loc entries,no
https://abadis-med.com/wp-content/uploads/2026/01/%D9%BE%D8%B1%D9%88%D8%A7%D9%86%D9%87-%D8%A8%D9%87%D8%B1%D9%87-%D8%A8%D8%B1%D8%AF%D8%A7%D8%B1%DB%8C-%D8%AC%D8%AF%DB%8C%D8%AF-%D8%A2%D8%A8%D8%A7%D8%AF%DB%8C%D8%B3-%D8%B5%D8%A7%D8%AF%D8%B1-%DA%AF%D8%B1%D8%AF%DB%8C%D8%AF.jpg,sitemap_image,.jpg,post-sitemap.xml,yes,FACT: referenced in Yoast sitemap image/loc entries,no
https://abadis-med.com/wp-content/uploads/2026/01/ChatGPT-Image-Aug-23-2026-11_14_02-AM.png,sitemap_image,.png,post-sitemap.xml,yes,FACT: referenced in Yoast sitemap image/loc entries,no
https://abadis-med.com/wp-content/uploads/2026/07/%D9%86%D9%82%D8%B4-%DA%A9%DB%8C%D8%B3%D9%87-%D8%B3%D8%A7%DA%A9%D8%B4%D9%86-%DB%8C%DA%A9%D8%A8%D8%A7%D8%B1-%D9%85%D8%B5%D8%B1%D9%81-%D8%AF%D8%B1-%D9%85%D8%AF%DB%8C%D8%B1%DB%8C%D8%AA-%D9%BE%D8%B3%D9%85%D8%A7%D9%86%D8%AF-%D8%B9%D9%81%D9%88%D9%86%DB%8C-%D8%A8%DB%8C%D9%85%D8%A7%D8%B1%D8%B3%D8%AA%D8%A7%D9%86%DB%8C-1.jpg,sitemap_image,.jpg,post-sitemap.xml,yes,FACT: referenced in Yoast sitemap image/loc entries,no
https://abadis-med.com/wp-content/uploads/2026/07/%DA%A9%DB%8C%D8%B3%D9%87-%D8%B3%D8%A7%DA%A9%D8%B4%D9%86.png,sitemap_image,.png,post-sitemap.xml,yes,FACT: referenced in Yoast sitemap image/loc entries,no
https://abadis-med.com/wp-content/uploads/2026/07/%D9%85%D8%AD%D9%81%D8%B8%D9%87-%D8%AC%D9%85%D8%B9-%D8%A2%D9%88%D8%B1%DB%8C-%D9%85%D8%A7%DB%8C%D8%B9%D8%A7%D8%AA-%D8%B9%D9%81%D9%88%D9%86%DB%8C.png,sitemap_image,.png,post-sitemap.xml,yes,FACT: referenced in Yoast sitemap image/loc entries,no
https://abadis-med.com/wp-content/uploads/2026/05/%D8%B3%D8%A7%DA%A9%D8%B4%D9%86-%D9%85%D8%B1%DA%A9%D8%B2%DB%8C-%DB%8C%D8%A7-%D8%B3%D8%A7%DA%A9%D8%B4%D9%86-%D9%BE%D8%B1%D8%AA%D8%A7%D8%A8%D9%84%D8%9F.jpg,sitemap_image,.jpg,post-sitemap.xml,yes,FACT: referenced in Yoast sitemap image/loc entries,no
https://abadis-med.com/wp-content/uploads/2026/05/%D8%B3%D8%A7%DA%A9%D8%B4%D9%86-%D9%BE%D8%B1%D8%AA%D8%A7%D8%A8%D9%84-%D9%88-%D9%85%D8%B1%DA%A9%D8%B2%DB%8C.png,sitemap_image,.png,post-sitemap.xml,yes,FACT: referenced in Yoast sitemap image/loc entries,no
https://abadis-med.com/wp-content/uploads/2026/09/%D8%A2%D8%A8%D8%A7%D8%AF%DB%8C%D8%B3-%D9%BE%DB%8C%D8%B4%D9%86%D9%87%D8%A7%D8%AF%D9%87%D8%A7%DB%8C-%D8%AC%D8%A7%D9%85%D8%B9-%D8%AE%D9%88%D8%AF-%D8%A8%D8%B1%D8%A7%DB%8C-%D8%A7%D8%B5%D9%84%D8%A7%D8%AD-%D8%A7%D8%B3%D8%A7%D8%B3%D9%86%D8%A7%D9%85%D9%87-%D8%A7%D9%86%D8%AC%D9%85%D9%86-%D8%AA%D9%88%D9%84%DB%8C%D8%AF-%D8%B1%D8%A7-%D8%A7%D8%B1%D8%A7%D8%A6%D9%87-%DA%A9%D8%B1%D8%AF.jpg,sitemap_image,.jpg,post-sitemap.xml,yes,FACT: referenced in Yoast sitemap image/loc entries,no
https://abadis-med.com/wp-content/uploads/2026/07/%DA%86%D8%B3%D8%AA-%D8%AA%DB%8C%D9%88%D8%A8-%DA%86%DB%8C%D8%B3%D8%AA%D8%9F-1.jpg,sitemap_image,.jpg,post-sitemap.xml,yes,FACT: referenced in Yoast sitemap image/loc entries,no
https://abadis-med.com/wp-content/uploads/2026/07/%DA%86%D8%B3%D8%AA-%D8%AA%DB%8C%D9%88%D8%A8.png,sitemap_image,.png,post-sitemap.xml,yes,FACT: referenced in Yoast sitemap image/loc entries,no
https://abadis-med.com/wp-content/uploads/2026/07/%DA%86%D8%B3%D8%AA-%D8%AA%DB%8C%D9%88%D8%A8-2.png,sitemap_image,.png,post-sitemap.xml,yes,FACT: referenced in Yoast sitemap image/loc entries,no
https://abadis-med.com/wp-content/uploads/2026/07/PHOTO-2026-07-28-13-51-17.jpg,sitemap_image,.jpg,post-sitemap.xml,yes,FACT: referenced in Yoast sitemap image/loc entries,no
https://abadis-med.com/wp-content/uploads/2026/07/%D8%B3%D9%88%D9%86%D8%AF-%D9%86%D9%84%D8%A7%D8%AA%D9%88%D9%86-%DA%86%DB%8C%D8%B3%D8%AA%D8%9F.jpg,sitemap_image,.jpg,post-sitemap.xml,yes,FACT: referenced in Yoast sitemap image/loc entries,no
https://abadis-med.com/wp-content/uploads/2026/07/%D8%B3%D9%88%D9%86%D8%AF-%D9%86%D9%84%D8%A7%D8%AA%D9%88%D9%86.png,sitemap_image,.png,post-sitemap.xml,yes,FACT: referenced in Yoast sitemap image/loc entries,no
https://abadis-med.com/wp-content/uploads/2022/12/logo-Copy22new.png,page_image,.png,https://abadis-med.com/,yes,FACT: img on https://abadis-med.com/; missing_alt=True,yes
https://abadis-med.com/wp-content/uploads/2023/03/پوریا-فرهنگ-copy-1.webp,page_image,.webp,https://abadis-med.com/,yes,FACT: img on https://abadis-med.com/; missing_alt=False,no
https://abadis-med.com/wp-content/uploads/2023/03/علیرضا-حسنعلی-copy-1.webp,page_image,.webp,https://abadis-med.com/,yes,FACT: img on https://abadis-med.com/; missing_alt=False,no
https://abadis-med.com/wp-content/uploads/2023/03/محبوبه-رعیتی-copy.webp,page_image,.webp,https://abadis-med.com/,yes,FACT: img on https://abadis-med.com/; missing_alt=False,no
https://abadis-med.com/wp-content/uploads/2023/03/محمد-قائم-پناه-copy.webp,page_image,.webp,https://abadis-med.com/,yes,FACT: img on https://abadis-med.com/; missing_alt=False,no
https://abadis-med.com/wp-content/uploads/2023/03/مژده-مهین-دوست-copy.webp,page_image,.webp,https://abadis-med.com/,yes,FACT: img on https://abadis-med.com/; missing_alt=False,no
https://abadis-med.com/wp-content/uploads/2023/03/میلاد-پورحسن-copy.webp,page_image,.webp,https://abadis-med.com/,yes,FACT: img on https://abadis-med.com/; missing_alt=False,no
https://abadis-med.com/wp-content/uploads/2023/03/نازنین-حسنعلی-copy.webp,page_image,.webp,https://abadis-med.com/,yes,FACT: img on https://abadis-med.com/; missing_alt=False,no
https://abadis-med.com/wp-content/uploads/2023/03/نوید-حسنعلی-copy.webp,page_image,.webp,https://abadis-med.com/,yes,FACT: img on https://abadis-med.com/; missing_alt=False,no
https://abadis-med.com/wp-content/uploads/2023/03/نیلوفر-شرفی-copy.webp,page_image,.webp,https://abadis-med.com/,yes,FACT: img on https://abadis-med.com/; missing_alt=False,no
https://abadis-med.com/wp-content/uploads/2023/03/ابوالفضل-حسنعلی.webp,page_image,.webp,https://abadis-med.com/,yes,FACT: img on https://abadis-med.com/; missing_alt=False,no
https://abadis-med.com/wp-content/uploads/2023/01/موسسه-خیریه-محک.jpg,page_image,.jpg,https://abadis-med.com/,yes,FACT: img on https://abadis-med.com/; missing_alt=False,no
https://abadis-med.com/wp-content/uploads/2023/01/میلاد.jpg,page_image,.jpg,https://abadis-med.com/,yes,FACT: img on https://abadis-med.com/; missing_alt=False,no
https://abadis-med.com/wp-content/uploads/2023/01/گاندی.jpg,page_image,.jpg,https://abadis-med.com/,yes,FACT: img on https://abadis-med.com/; missing_alt=False,no
https://abadis-med.com/wp-content/uploads/2023/01/مهر-اهواز.jpg,page_image,.jpg,https://abadis-med.com/,yes,FACT: img on https://abadis-med.com/; missing_alt=False,no
https://abadis-med.com/wp-content/uploads/2023/03/ابن-سینا-copy.webp,page_image,.webp,https://abadis-med.com/,yes,FACT: img on https://abadis-med.com/; missing_alt=False,no
https://abadis-med.com/wp-content/uploads/2023/03/بانک-ملی-copy.webp,page_image,.webp,https://abadis-med.com/,yes,FACT: img on https://abadis-med.com/; missing_alt=False,no
https://abadis-med.com/wp-content/uploads/2023/03/خاتم-الانبیا-copy.webp,page_image,.webp,https://abadis-med.com/,yes,FACT: img on https://abadis-med.com/; missing_alt=False,no
https://abadis-med.com/wp-content/uploads/2023/03/محب-کوثر-copy.webp,page_image,.webp,https://abadis-med.com/,yes,FACT: img on https://abadis-med.com/; missing_alt=False,no
https://abadis-med.com/wp-content/uploads/2023/01/کیسه-ساکشن-copy.webp,page_image,.webp,https://abadis-med.com/,yes,FACT: img on https://abadis-med.com/; missing_alt=True,yes
https://abadis-med.com/wp-content/uploads/2023/01/پایه-ترولی-copy.webp,page_image,.webp,https://abadis-med.com/,yes,FACT: img on https://abadis-med.com/; missing_alt=True,yes
https://abadis-med.com/wp-content/uploads/2022/12/Footerlo-1.svg,page_image,.svg,https://abadis-med.com/,yes,FACT: img on https://abadis-med.com/; missing_alt=True,yes
https://abadis-med.com/wp-content/uploads/2022/09/Footerlo-1.svg,page_image,.svg,https://abadis-med.com/,yes,FACT: img on https://abadis-med.com/; missing_alt=True,yes
https://abadis-med.com/wp-content/plugins/revslider/public/assets/assets/dummy.png,page_image,.png,https://abadis-med.com/,yes,FACT: img on https://abadis-med.com/; missing_alt=True,yes
https://abadis-med.com/wp-content/plugins/revslider/public/assets/assets/dummy.png,page_image,.png,https://abadis-med.com/,yes,FACT: img on https://abadis-med.com/; missing_alt=True,yes
https://abadis-med.com/wp-content/plugins/revslider/public/assets/assets/dummy.png,page_image,.png,https://abadis-med.com/,yes,FACT: img on https://abadis-med.com/; missing_alt=True,yes
https://abadis-med.com/wp-content/plugins/revslider/public/assets/assets/dummy.png,page_image,.png,https://abadis-med.com/,yes,FACT: img on https://abadis-med.com/; missing_alt=True,yes
https://abadis-med.com/wp-content/plugins/revslider/public/assets/assets/dummy.png,page_image,.png,https://abadis-med.com/,yes,FACT: img on https://abadis-med.com/; missing_alt=True,yes
https://abadis-med.com/wp-content/plugins/revslider/public/assets/assets/dummy.png,page_image,.png,https://abadis-med.com/,yes,FACT: img on https://abadis-med.com/; missing_alt=True,yes
https://abadis-med.com/wp-content/plugins/revslider/public/assets/assets/dummy.png,page_image,.png,https://abadis-med.com/,yes,FACT: img on https://abadis-med.com/; missing_alt=True,yes
https://abadis-med.com/wp-content/plugins/revslider/public/assets/assets/dummy.png,page_image,.png,https://abadis-med.com/,yes,FACT: img on https://abadis-med.com/; missing_alt=True,yes
https://abadis-med.com/wp-content/plugins/revslider/public/assets/assets/dummy.png,page_image,.png,https://abadis-med.com/,yes,FACT: img on https://abadis-med.com/; missing_alt=True,yes
https://abadis-med.com/wp-content/plugins/revslider/public/assets/assets/dummy.png,page_image,.png,https://abadis-med.com/,yes,FACT: img on https://abadis-med.com/; missing_alt=True,yes
https://abadis-med.com/wp-content/plugins/revslider/public/assets/assets/dummy.png,page_image,.png,https://abadis-med.com/,yes,FACT: img on https://abadis-med.com/; missing_alt=True,yes
https://abadis-med.com/wp-content/plugins/revslider/public/assets/assets/dummy.png,page_image,.png,https://abadis-med.com/,yes,FACT: img on https://abadis-med.com/; missing_alt=True,yes
https://abadis-med.com/wp-content/plugins/revslider/public/assets/assets/dummy.png,page_image,.png,https://abadis-med.com/,yes,FACT: img on https://abadis-med.com/; missing_alt=True,yes
https://abadis-med.com/wp-content/plugins/revslider/public/assets/assets/dummy.png,page_image,.png,https://abadis-med.com/,yes,FACT: img on https://abadis-med.com/; missing_alt=True,yes
https://abadis-med.com/wp-content/plugins/revslider/public/assets/assets/dummy.png,page_image,.png,https://abadis-med.com/,yes,FACT: img on https://abadis-med.com/; missing_alt=True,yes
https://abadis-med.com/wp-content/plugins/revslider/public/assets/assets/dummy.png,page_image,.png,https://abadis-med.com/,yes,FACT: img on https://abadis-med.com/; missing_alt=True,yes
https://abadis-med.com/wp-content/plugins/revslider/public/assets/assets/dummy.png,page_image,.png,https://abadis-med.com/,yes,FACT: img on https://abadis-med.com/; missing_alt=True,yes
https://abadis-med.com/wp-content/plugins/revslider/public/assets/assets/dummy.png,page_image,.png,https://abadis-med.com/,yes,FACT: img on https://abadis-med.com/; missing_alt=True,yes
https://abadis-med.com/wp-content/plugins/revslider/public/assets/assets/dummy.png,page_image,.png,https://abadis-med.com/,yes,FACT: img on https://abadis-med.com/; missing_alt=True,yes
https://abadis-med.com/wp-content/plugins/revslider/public/assets/assets/dummy.png,page_image,.png,https://abadis-med.com/,yes,FACT: img on https://abadis-med.com/; missing_alt=True,yes
https://www.abadis-med.com/en/wp-content/uploads/2023/10/logo-Copy22new.png,page_image,.png,https://abadis-med.com/en/,yes,FACT: img on https://abadis-med.com/en/; missing_alt=True,yes
https://www.abadis-med.com/en/wp-content/uploads/2021/10/cv1-200x300.jpg,page_image,.jpg,https://abadis-med.com/en/,yes,FACT: img on https://abadis-med.com/en/; missing_alt=False,no
https://www.abadis-med.com/en/wp-content/uploads/2025/04/Abadis-Navid-Hassanali-200x300.jpg,page_image,.jpg,https://abadis-med.com/en/,yes,FACT: img on https://abadis-med.com/en/; missing_alt=False,no
https://www.abadis-med.com/en/wp-content/uploads/2025/04/آبادیس-علیرضا-حسنعلی-200x300.jpg,page_image,.jpg,https://abadis-med.com/en/,yes,FACT: img on https://abadis-med.com/en/; missing_alt=False,no
https://www.abadis-med.com/en/wp-content/uploads/2025/04/Abadis-Nazanin-Hassanali-200x300.jpg,page_image,.jpg,https://abadis-med.com/en/,yes,FACT: img on https://abadis-med.com/en/; missing_alt=False,no
https://www.abadis-med.com/en/wp-content/uploads/2025/04/Abadis-Niloufar-Sharafi-200x300.jpg,page_image,.jpg,https://abadis-med.com/en/,yes,FACT: img on https://abadis-med.com/en/; missing_alt=False,no
https://www.abadis-med.com/en/wp-content/uploads/2025/04/Abadis-Kokabi-200x300.jpg,page_image,.jpg,https://abadis-med.com/en/,yes,FACT: img on https://abadis-med.com/en/; missing_alt=False,no
https://www.abadis-med.com/en/wp-content/uploads/2025/04/Abadis-Hashemian-200x300.jpg,page_image,.jpg,https://abadis-med.com/en/,yes,FACT: img on https://abadis-med.com/en/; missing_alt=False,no
https://www.abadis-med.com/en/wp-content/uploads/2025/04/Abadis-Mohsenzadeh-200x300.jpg,page_image,.jpg,https://abadis-med.com/en/,yes,FACT: img on https://abadis-med.com/en/; missing_alt=False,no
https://www.abadis-med.com/en/wp-content/uploads/2021/10/cv8-200x300.jpg,page_image,.jpg,https://abadis-med.com/en/,yes,FACT: img on https://abadis-med.com/en/; missing_alt=False,no
https://www.abadis-med.com/en/wp-content/uploads/2021/10/cv14-200x300.jpg,page_image,.jpg,https://abadis-med.com/en/,yes,FACT: img on https://abadis-med.com/en/; missing_alt=False,no
https://www.abadis-med.com/en/wp-content/uploads/2021/10/cv16-200x300.jpg,page_image,.jpg,https://abadis-med.com/en/,yes,FACT: img on https://abadis-med.com/en/; missing_alt=False,no
https://www.abadis-med.com/en/wp-content/uploads/2021/10/cv22-200x300.jpg,page_image,.jpg,https://abadis-med.com/en/,yes,FACT: img on https://abadis-med.com/en/; missing_alt=False,no
https://www.abadis-med.com/en/wp-content/uploads/2021/10/cv19-200x300.jpg,page_image,.jpg,https://abadis-med.com/en/,yes,FACT: img on https://abadis-med.com/en/; missing_alt=False,no
https://www.abadis-med.com/en/wp-content/uploads/2022/12/موسسه-خیریه-محک.jpg,page_image,.jpg,https://abadis-med.com/en/,yes,FACT: img on https://abadis-med.com/en/; missing_alt=False,no
https://www.abadis-med.com/en/wp-content/uploads/2022/12/مرکز-جراحی-نیاوران.jpg,page_image,.jpg,https://abadis-med.com/en/,yes,FACT: img on https://abadis-med.com/en/; missing_alt=False,no
https://www.abadis-med.com/en/wp-content/uploads/2022/12/بیمارستان-ولیعصر-تبریز.jpg,page_image,.jpg,https://abadis-med.com/en/,yes,FACT: img on https://abadis-med.com/en/; missing_alt=False,no
https://www.abadis-med.com/en/wp-content/uploads/2022/12/بیمارستان-نمازی-شیراز.jpg,page_image,.jpg,https://abadis-med.com/en/,yes,FACT: img on https://abadis-med.com/en/; missing_alt=False,no
https://www.abadis-med.com/en/wp-content/uploads/2022/12/بیمارستان-میلاد-اصفهان.jpg,page_image,.jpg,https://abadis-med.com/en/,yes,FACT: img on https://abadis-med.com/en/; missing_alt=False,no
https://www.abadis-med.com/en/wp-content/uploads/2022/12/بیمارستان-مسیح-دانشوری.jpg,page_image,.jpg,https://abadis-med.com/en/,yes,FACT: img on https://abadis-med.com/en/; missing_alt=False,no
https://www.abadis-med.com/en/wp-content/uploads/2022/12/بیمارستان-مردم.jpg,page_image,.jpg,https://abadis-med.com/en/,yes,FACT: img on https://abadis-med.com/en/; missing_alt=False,no
https://www.abadis-med.com/en/wp-content/uploads/2022/12/بیمارستان-قدس-اراک.jpg,page_image,.jpg,https://abadis-med.com/en/,yes,FACT: img on https://abadis-med.com/en/; missing_alt=False,no
https://www.abadis-med.com/en/wp-content/uploads/2022/12/بیمارستان-غیاثی.jpg,page_image,.jpg,https://abadis-med.com/en/,yes,FACT: img on https://abadis-med.com/en/; missing_alt=False,no
https://www.abadis-med.com/en/wp-content/uploads/2022/12/بیمارستان-امید-ارومیه.jpg,page_image,.jpg,https://abadis-med.com/en/,yes,FACT: img on https://abadis-med.com/en/; missing_alt=False,no
https://www.abadis-med.com/en/wp-content/uploads/2022/08/AMR_4893-80x80.jpg,page_image,.jpg,https://abadis-med.com/en/,yes,FACT: img on https://abadis-med.com/en/; missing_alt=False,no
https://www.abadis-med.com/en/wp-content/uploads/2021/12/پایه-ترولی-80x80.jpg,page_image,.jpg,https://abadis-med.com/en/,yes,FACT: img on https://abadis-med.com/en/; missing_alt=True,yes
https://www.abadis-med.com/en/wp-content/uploads/2022/05/AMR_4924-scaled-1-80x80.jpg,page_image,.jpg,https://abadis-med.com/en/,yes,FACT: img on https://abadis-med.com/en/; missing_alt=True,yes
https://www.abadis-med.com/en/wp-content/uploads/2021/12/AMR_4779-scaled-2-80x80.jpg,page_image,.jpg,https://abadis-med.com/en/,yes,FACT: img on https://abadis-med.com/en/; missing_alt=False,no
https://www.abadis-med.com/en/wp-content/uploads/2023/01/18-1024x732-1-80x80.jpg,page_image,.jpg,https://abadis-med.com/en/,yes,FACT: img on https://abadis-med.com/en/; missing_alt=True,yes
https://www.abadis-med.com/en/wp-content/uploads/2023/06/1-80x80.jpg,page_image,.jpg,https://abadis-med.com/en/,yes,FACT: img on https://abadis-med.com/en/; missing_alt=True,yes
https://www.abadis-med.com/en/wp-content/uploads/2021/12/Edite-1-1030x687-1-80x80.jpg,page_image,.jpg,https://abadis-med.com/en/,yes,FACT: img on https://abadis-med.com/en/; missing_alt=True,yes
https://www.abadis-med.com/en/wp-content/uploads/2021/07/abadis-lg-01-300x141.png,page_image,.png,https://abadis-med.com/en/,yes,FACT: img on https://abadis-med.com/en/; missing_alt=True,yes
https://www.abadis-med.com/en/wp-content/plugins/revslider/public/assets/assets/dummy.png,page_image,.png,https://abadis-med.com/en/,yes,FACT: img on https://abadis-med.com/en/; missing_alt=True,yes
https://www.abadis-med.com/en/wp-content/plugins/revslider/public/assets/assets/dummy.png,page_image,.png,https://abadis-med.com/en/,yes,FACT: img on https://abadis-med.com/en/; missing_alt=True,yes
https://www.abadis-med.com/en/wp-content/plugins/revslider/public/assets/assets/dummy.png,page_image,.png,https://abadis-med.com/en/,yes,FACT: img on https://abadis-med.com/en/; missing_alt=True,yes
https://www.abadis-med.com/en/wp-content/plugins/revslider/public/assets/assets/dummy.png,page_image,.png,https://abadis-med.com/en/,yes,FACT: img on https://abadis-med.com/en/; missing_alt=True,yes
https://www.abadis-med.com/en/wp-content/plugins/revslider/public/assets/assets/dummy.png,page_image,.png,https://abadis-med.com/en/,yes,FACT: img on https://abadis-med.com/en/; missing_alt=True,yes
https://www.abadis-med.com/en/wp-content/plugins/revslider/public/assets/assets/dummy.png,page_image,.png,https://abadis-med.com/en/,yes,FACT: img on https://abadis-med.com/en/; missing_alt=True,yes
https://www.abadis-med.com/en/wp-content/plugins/revslider/public/assets/assets/dummy.png,page_image,.png,https://abadis-med.com/en/,yes,FACT: img on https://abadis-med.com/en/; missing_alt=True,yes
https://www.abadis-med.com/en/wp-content/plugins/revslider/public/assets/assets/dummy.png,page_image,.png,https://abadis-med.com/en/,yes,FACT: img on https://abadis-med.com/en/; missing_alt=True,yes
https://www.abadis-med.com/en/wp-content/plugins/revslider/public/assets/assets/dummy.png,page_image,.png,https://abadis-med.com/en/,yes,FACT: img on https://abadis-med.com/en/; missing_alt=True,yes
https://www.abadis-med.com/en/wp-content/plugins/revslider/public/assets/assets/dummy.png,page_image,.png,https://abadis-med.com/en/,yes,FACT: img on https://abadis-med.com/en/; missing_alt=True,yes
https://www.abadis-med.com/en/wp-content/plugins/revslider/public/assets/assets/dummy.png,page_image,.png,https://abadis-med.com/en/,yes,FACT: img on https://abadis-med.com/en/; missing_alt=True,yes
https://www.abadis-med.com/en/wp-content/plugins/revslider/public/assets/assets/dummy.png,page_image,.png,https://abadis-med.com/en/,yes,FACT: img on https://abadis-med.com/en/; missing_alt=True,yes
https://www.abadis-med.com/en/wp-content/plugins/revslider/public/assets/assets/dummy.png,page_image,.png,https://abadis-med.com/en/,yes,FACT: img on https://abadis-med.com/en/; missing_alt=True,yes
https://www.abadis-med.com/en/wp-content/plugins/revslider/public/assets/assets/dummy.png,page_image,.png,https://abadis-med.com/en/,yes,FACT: img on https://abadis-med.com/en/; missing_alt=True,yes
https://www.abadis-med.com/en/wp-content/plugins/revslider/public/assets/assets/dummy.png,page_image,.png,https://abadis-med.com/en/,yes,FACT: img on https://abadis-med.com/en/; missing_alt=True,yes
https://www.abadis-med.com/en/wp-content/plugins/revslider/public/assets/assets/dummy.png,page_image,.png,https://abadis-med.com/en/,yes,FACT: img on https://abadis-med.com/en/; missing_alt=True,yes
https://www.abadis-med.com/en/wp-content/plugins/revslider/public/assets/assets/dummy.png,page_image,.png,https://abadis-med.com/en/,yes,FACT: img on https://abadis-med.com/en/; missing_alt=True,yes
https://abadis-med.com/arabic/wp-content/uploads/2022/11/abadis-lg-01-1024x482.png,page_image,.png,https://abadis-med.com/arabic/,yes,FACT: img on https://abadis-med.com/arabic/; missing_alt=True,yes
https://abadis-med.com/arabic/wp-content/uploads/2022/11/logo-Copy22new.png,page_image,.png,https://abadis-med.com/arabic/,yes,FACT: img on https://abadis-med.com/arabic/; missing_alt=True,yes
https://abadis-med.com/arabic/wp-content/uploads/2023/01/محمد-قائم-پناه-200x300.jpg,page_image,.jpg,https://abadis-med.com/arabic/,yes,FACT: img on https://abadis-med.com/arabic/; missing_alt=False,no
https://abadis-med.com/arabic/wp-content/uploads/2023/01/نیلوفر-شرفی-200x300.jpg,page_image,.jpg,https://abadis-med.com/arabic/,yes,FACT: img on https://abadis-med.com/arabic/; missing_alt=False,no
https://abadis-med.com/arabic/wp-content/uploads/2023/01/محبوبه-رعیتی-200x300.jpg,page_image,.jpg,https://abadis-med.com/arabic/,yes,FACT: img on https://abadis-med.com/arabic/; missing_alt=False,no
https://abadis-med.com/arabic/wp-content/uploads/2023/01/مژده-مهین-دوست-200x300.jpg,page_image,.jpg,https://abadis-med.com/arabic/,yes,FACT: img on https://abadis-med.com/arabic/; missing_alt=False,no
https://abadis-med.com/arabic/wp-content/uploads/2023/01/ابوالفضل-حسنعلی-200x300.jpg,page_image,.jpg,https://abadis-med.com/arabic/,yes,FACT: img on https://abadis-med.com/arabic/; missing_alt=False,no
https://abadis-med.com/arabic/wp-content/uploads/2023/01/نوید-حسنعلی-200x300.jpg,page_image,.jpg,https://abadis-med.com/arabic/,yes,FACT: img on https://abadis-med.com/arabic/; missing_alt=False,no
https://abadis-med.com/arabic/wp-content/uploads/2023/01/میلاد-پورحسن-200x300.jpg,page_image,.jpg,https://abadis-med.com/arabic/,yes,FACT: img on https://abadis-med.com/arabic/; missing_alt=False,no
https://abadis-med.com/arabic/wp-content/uploads/2023/01/علیرضا-شریف-200x300.jpg,page_image,.jpg,https://abadis-med.com/arabic/,yes,FACT: img on https://abadis-med.com/arabic/; missing_alt=False,no
https://abadis-med.com/arabic/wp-content/uploads/2023/01/نازنین-حسنعلی-200x300.jpg,page_image,.jpg,https://abadis-med.com/arabic/,yes,FACT: img on https://abadis-med.com/arabic/; missing_alt=False,no
https://abadis-med.com/arabic/wp-content/uploads/2023/01/علیرضا-حسنعلی-200x300.jpg,page_image,.jpg,https://abadis-med.com/arabic/,yes,FACT: img on https://abadis-med.com/arabic/; missing_alt=False,no
https://abadis-med.com/arabic/wp-content/uploads/2022/11/کیسه-ساکشن-768x622-1-300x243.jpg,page_image,.jpg,https://abadis-med.com/arabic/,yes,FACT: img on https://abadis-med.com/arabic/; missing_alt=True,yes
https://abadis-med.com/arabic/wp-content/uploads/2022/11/پایه-ترولی-768x622-1-300x243.jpg,page_image,.jpg,https://abadis-med.com/arabic/,yes,FACT: img on https://abadis-med.com/arabic/; missing_alt=True,yes
https://abadis-med.com/arabic/wp-content/uploads/2022/11/فیلتر1-2-845x684-1-300x243.jpg,page_image,.jpg,https://abadis-med.com/arabic/,yes,FACT: img on https://abadis-med.com/arabic/; missing_alt=True,yes
https://abadis-med.com/arabic/wp-content/uploads/2022/11/AMR_4779-1030x1030-1-300x300.jpg,page_image,.jpg,https://abadis-med.com/arabic/,yes,FACT: img on https://abadis-med.com/arabic/; missing_alt=True,yes
https://abadis-med.com/arabic/wp-content/uploads/2022/11/AMR_4865_1-768x549-1-300x214.jpg,page_image,.jpg,https://abadis-med.com/arabic/,yes,FACT: img on https://abadis-med.com/arabic/; missing_alt=True,yes
https://abadis-med.com/arabic/wp-content/uploads/2023/01/Edite-1-768x512-1-300x200.jpg,page_image,.jpg,https://abadis-med.com/arabic/,yes,FACT: img on https://abadis-med.com/arabic/; missing_alt=True,yes
https://abadis-med.com/arabic/wp-content/plugins/revslider/public/assets/assets/dummy.png,page_image,.png,https://abadis-med.com/arabic/,yes,FACT: img on https://abadis-med.com/arabic/; missing_alt=True,yes
https://abadis-med.com/arabic/wp-content/plugins/revslider/public/assets/assets/dummy.png,page_image,.png,https://abadis-med.com/arabic/,yes,FACT: img on https://abadis-med.com/arabic/; missing_alt=True,yes
https://abadis-med.com/arabic/wp-content/plugins/revslider/public/assets/assets/dummy.png,page_image,.png,https://abadis-med.com/arabic/,yes,FACT: img on https://abadis-med.com/arabic/; missing_alt=True,yes
https://abadis-med.com/arabic/wp-content/plugins/revslider/public/assets/assets/dummy.png,page_image,.png,https://abadis-med.com/arabic/,yes,FACT: img on https://abadis-med.com/arabic/; missing_alt=True,yes
https://abadis-med.com/arabic/wp-content/plugins/revslider/public/assets/assets/dummy.png,page_image,.png,https://abadis-med.com/arabic/,yes,FACT: img on https://abadis-med.com/arabic/; missing_alt=True,yes
https://abadis-med.com/arabic/wp-content/plugins/revslider/public/assets/assets/dummy.png,page_image,.png,https://abadis-med.com/arabic/,yes,FACT: img on https://abadis-med.com/arabic/; missing_alt=True,yes
https://abadis-med.com/arabic/wp-content/plugins/revslider/public/assets/assets/dummy.png,page_image,.png,https://abadis-med.com/arabic/,yes,FACT: img on https://abadis-med.com/arabic/; missing_alt=True,yes
https://abadis-med.com/arabic/wp-content/plugins/revslider/public/assets/assets/dummy.png,page_image,.png,https://abadis-med.com/arabic/,yes,FACT: img on https://abadis-med.com/arabic/; missing_alt=True,yes
https://abadis-med.com/arabic/wp-content/plugins/revslider/public/assets/assets/dummy.png,page_image,.png,https://abadis-med.com/arabic/,yes,FACT: img on https://abadis-med.com/arabic/; missing_alt=True,yes
https://abadis-med.com/arabic/wp-content/plugins/revslider/public/assets/assets/dummy.png,page_image,.png,https://abadis-med.com/arabic/,yes,FACT: img on https://abadis-med.com/arabic/; missing_alt=True,yes
https://abadis-med.com/arabic/wp-content/plugins/revslider/public/assets/assets/dummy.png,page_image,.png,https://abadis-med.com/arabic/,yes,FACT: img on https://abadis-med.com/arabic/; missing_alt=True,yes
https://abadis-med.com/arabic/wp-content/plugins/revslider/public/assets/assets/dummy.png,page_image,.png,https://abadis-med.com/arabic/,yes,FACT: img on https://abadis-med.com/arabic/; missing_alt=True,yes
https://abadis-med.com/arabic/wp-content/plugins/revslider/public/assets/assets/dummy.png,page_image,.png,https://abadis-med.com/arabic/,yes,FACT: img on https://abadis-med.com/arabic/; missing_alt=True,yes
https://abadis-med.com/arabic/wp-content/uploads/2022/11/abd4.png,page_image,.png,https://abadis-med.com/arabic/,yes,FACT: img on https://abadis-med.com/arabic/; missing_alt=False,no
https://abadis-med.com/arabic/wp-content/uploads/2022/11/abd5.png,page_image,.png,https://abadis-med.com/arabic/,yes,FACT: img on https://abadis-med.com/arabic/; missing_alt=False,no
https://abadis-med.com/arabic/wp-content/uploads/2022/11/abd6.png,page_image,.png,https://abadis-med.com/arabic/,yes,FACT: img on https://abadis-med.com/arabic/; missing_alt=False,no
https://abadis-med.com/arabic/wp-content/uploads/2022/11/abd3.png,page_image,.png,https://abadis-med.com/arabic/,yes,FACT: img on https://abadis-med.com/arabic/; missing_alt=False,no
https://abadis-med.com/arabic/wp-content/uploads/2022/11/Untitled-2-01.png,page_image,.png,https://abadis-med.com/arabic/,yes,FACT: img on https://abadis-med.com/arabic/; missing_alt=False,no
https://abadis-med.com/arabic/wp-content/uploads/2022/11/Untitled-2-10-10.png,page_image,.png,https://abadis-med.com/arabic/,yes,FACT: img on https://abadis-med.com/arabic/; missing_alt=False,no
https://abadis-med.com/arabic/wp-content/uploads/2022/11/Untitled-2-07.png,page_image,.png,https://abadis-med.com/arabic/,yes,FACT: img on https://abadis-med.com/arabic/; missing_alt=False,no
https://abadis-med.com/arabic/wp-content/uploads/2022/11/Untitled-2-03.png,page_image,.png,https://abadis-med.com/arabic/,yes,FACT: img on https://abadis-med.com/arabic/; missing_alt=False,no
https://abadis-med.com/arabic/wp-content/uploads/2023/01/Untitled-1.jpg,page_image,.jpg,https://abadis-med.com/arabic/,yes,FACT: img on https://abadis-med.com/arabic/; missing_alt=True,yes
https://abadis-med.com/arabic/wp-content/uploads/2022/11/abadis-water-collage-1024x503.png,page_image,.png,https://abadis-med.com/arabic/,yes,FACT: img on https://abadis-med.com/arabic/; missing_alt=True,yes
https://abadis-med.com/arabic/wp-content/uploads/2022/11/ایران-هلث97-300x200.jpg,page_image,.jpg,https://abadis-med.com/arabic/,yes,FACT: img on https://abadis-med.com/arabic/; missing_alt=True,yes
https://abadis-med.com/arabic/wp-content/uploads/2022/11/فیکسر-300x200.jpg,page_image,.jpg,https://abadis-med.com/arabic/,yes,FACT: img on https://abadis-med.com/arabic/; missing_alt=True,yes
https://abadis-med.com/arabic/wp-content/uploads/2022/11/ایده-300x200.jpg,page_image,.jpg,https://abadis-med.com/arabic/,yes,FACT: img on https://abadis-med.com/arabic/; missing_alt=True,yes
https://abadis-med.com/arabic/wp-content/uploads/2022/11/ایران-هلث-98-300x200.jpg,page_image,.jpg,https://abadis-med.com/arabic/,yes,FACT: img on https://abadis-med.com/arabic/; missing_alt=True,yes
https://abadis-med.com/arabic/wp-content/uploads/2022/11/222-300x200.jpg,page_image,.jpg,https://abadis-med.com/arabic/,yes,FACT: img on https://abadis-med.com/arabic/; missing_alt=True,yes
https://abadis-med.com/arabic/wp-content/uploads/2022/11/Radio-Iran-Mosahebe-300x200.jpg,page_image,.jpg,https://abadis-med.com/arabic/,yes,FACT: img on https://abadis-med.com/arabic/; missing_alt=True,yes
https://abadis-med.com/arabic/wp-content/uploads/2022/11/abd-certs.png,page_image,.png,https://abadis-med.com/arabic/,yes,FACT: img on https://abadis-med.com/arabic/; missing_alt=True,yes
local://concept-preview/models/AMR_4894 (1).glb,glb_concept_preview,.glb,concept-preview (REJECTED CONCEPT — VISUAL REFERENCE ONLY),n/a,FACT: local file size=62935464; not production asset yet,yes
local://concept-preview/models/2l-suction-bag-centered.glb,glb_concept_preview,.glb,concept-preview (REJECTED CONCEPT — VISUAL REFERENCE ONLY),n/a,FACT: local file size=1163592; not production asset yet,yes
local://concept-preview/models/1l-suction-bag-centered.glb,glb_concept_preview,.glb,concept-preview (REJECTED CONCEPT — VISUAL REFERENCE ONLY),n/a,FACT: local file size=1163592; not production asset yet,yes
local://concept-preview/models/AMR_4894-web.glb,glb_concept_preview,.glb,concept-preview (REJECTED CONCEPT — VISUAL REFERENCE ONLY),n/a,FACT: local file size=452660; not production asset yet,yes
local://concept-preview/models/1l-suction-bag.v01.glb,glb_concept_preview,.glb,concept-preview (REJECTED CONCEPT — VISUAL REFERENCE ONLY),n/a,FACT: local file size=1163592; not production asset yet,yes
