current_url,language,content_type,http_status,indexed_candidate,seo_importance,target_url,migration_action,redirect_required,redirect_target,notes,confidence,human_review_required
https://abadis-med.com/_citynmg/%d8%a2%d8%b0%d8%b1%d8%a8%d8%a7%db%8c%d8%ac%d8%a7%d9%86-%d8%b4%d8%b1%d9%82%db%8c/,fa,_citynmg,,yes,medium,https://abadis-med.com/_citynmg/%d8%a2%d8%b0%d8%b1%d8%a8%d8%a7%db%8c%d8%ac%d8%a7%d9%86-%d8%b4%d8%b1%d9%82%db%8c/,REVIEW,no,,FACT: JetEngine CPT/taxonomy archive; decide indexability with Search Console,medium,yes
https://abadis-med.com/_citynmg/%d8%a2%d8%b0%d8%b1%d8%a8%d8%a7%db%8c%d8%ac%d8%a7%d9%86-%d8%ba%d8%b1%d8%a8%db%8c/,fa,_citynmg,,yes,medium,https://abadis-med.com/_citynmg/%d8%a2%d8%b0%d8%b1%d8%a8%d8%a7%db%8c%d8%ac%d8%a7%d9%86-%d8%ba%d8%b1%d8%a8%db%8c/,REVIEW,no,,FACT: JetEngine CPT/taxonomy archive; decide indexability with Search Console,medium,yes
https://abadis-med.com/_citynmg/%d8%a7%d8%b1%d8%af%d8%a8%db%8c%d9%84/,fa,_citynmg,,yes,medium,https://abadis-med.com/_citynmg/%d8%a7%d8%b1%d8%af%d8%a8%db%8c%d9%84/,REVIEW,no,,FACT: JetEngine CPT/taxonomy archive; decide indexability with Search Console,medium,yes
https://abadis-med.com/_citynmg/%d8%a7%d8%b5%d9%81%d9%87%d8%a7%d9%86/,fa,_citynmg,,yes,medium,https://abadis-med.com/_citynmg/%d8%a7%d8%b5%d9%81%d9%87%d8%a7%d9%86/,REVIEW,no,,FACT: JetEngine CPT/taxonomy archive; decide indexability with Search Console,medium,yes
https://abadis-med.com/_citynmg/%d8%a7%d9%84%d8%a8%d8%b1%d8%b2/,fa,_citynmg,,yes,medium,https://abadis-med.com/_citynmg/%d8%a7%d9%84%d8%a8%d8%b1%d8%b2/,REVIEW,no,,FACT: JetEngine CPT/taxonomy archive; decide indexability with Search Console,medium,yes
https://abadis-med.com/_citynmg/%d8%a8%d9%88%d8%b4%d9%87%d8%b1/,fa,_citynmg,,yes,medium,https://abadis-med.com/_citynmg/%d8%a8%d9%88%d8%b4%d9%87%d8%b1/,REVIEW,no,,FACT: JetEngine CPT/taxonomy archive; decide indexability with Search Console,medium,yes
https://abadis-med.com/_citynmg/%d8%aa%d9%87%d8%b1%d8%a7%d9%86/,fa,_citynmg,,yes,medium,https://abadis-med.com/_citynmg/%d8%aa%d9%87%d8%b1%d8%a7%d9%86/,REVIEW,no,,FACT: JetEngine CPT/taxonomy archive; decide indexability with Search Console,medium,yes
https://abadis-med.com/_citynmg/%d8%ae%d8%b1%d8%a7%d8%b3%d8%a7%d9%86-%d8%b1%d8%b6%d9%88%db%8c/,fa,_citynmg,,yes,medium,https://abadis-med.com/_citynmg/%d8%ae%d8%b1%d8%a7%d8%b3%d8%a7%d9%86-%d8%b1%d8%b6%d9%88%db%8c/,REVIEW,no,,FACT: JetEngine CPT/taxonomy archive; decide indexability with Search Console,medium,yes
https://abadis-med.com/_citynmg/%d8%ae%d9%88%d8%b2%d8%b3%d8%aa%d8%a7%d9%86/,fa,_citynmg,,yes,medium,https://abadis-med.com/_citynmg/%d8%ae%d9%88%d8%b2%d8%b3%d8%aa%d8%a7%d9%86/,REVIEW,no,,FACT: JetEngine CPT/taxonomy archive; decide indexability with Search Console,medium,yes
https://abadis-med.com/_citynmg/%d8%b2%d9%86%d8%ac%d8%a7%d9%86/,fa,_citynmg,,yes,medium,https://abadis-med.com/_citynmg/%d8%b2%d9%86%d8%ac%d8%a7%d9%86/,REVIEW,no,,FACT: JetEngine CPT/taxonomy archive; decide indexability with Search Console,medium,yes
https://abadis-med.com/_citynmg/%d8%b3%d9%85%d9%86%d8%a7%d9%86/,fa,_citynmg,,yes,medium,https://abadis-med.com/_citynmg/%d8%b3%d9%85%d9%86%d8%a7%d9%86/,REVIEW,no,,FACT: JetEngine CPT/taxonomy archive; decide indexability with Search Console,medium,yes
https://abadis-med.com/_citynmg/%d8%b3%db%8c%d8%b3%d8%aa%d8%a7%d9%86-%d9%88-%d8%a8%d9%84%d9%88%da%86%d8%b3%d8%aa%d8%a7%d9%86/,fa,_citynmg,,yes,medium,https://abadis-med.com/_citynmg/%d8%b3%db%8c%d8%b3%d8%aa%d8%a7%d9%86-%d9%88-%d8%a8%d9%84%d9%88%da%86%d8%b3%d8%aa%d8%a7%d9%86/,REVIEW,no,,FACT: JetEngine CPT/taxonomy archive; decide indexability with Search Console,medium,yes
https://abadis-med.com/_citynmg/%d9%81%d8%a7%d8%b1%d8%b3/,fa,_citynmg,,yes,medium,https://abadis-med.com/_citynmg/%d9%81%d8%a7%d8%b1%d8%b3/,REVIEW,no,,FACT: JetEngine CPT/taxonomy archive; decide indexability with Search Console,medium,yes
https://abadis-med.com/_citynmg/%d9%82%d8%b2%d9%88%db%8c%d9%86/,fa,_citynmg,,yes,medium,https://abadis-med.com/_citynmg/%d9%82%d8%b2%d9%88%db%8c%d9%86/,REVIEW,no,,FACT: JetEngine CPT/taxonomy archive; decide indexability with Search Console,medium,yes
https://abadis-med.com/_citynmg/%d9%82%d9%85/,fa,_citynmg,,yes,medium,https://abadis-med.com/_citynmg/%d9%82%d9%85/,REVIEW,no,,FACT: JetEngine CPT/taxonomy archive; decide indexability with Search Console,medium,yes
https://abadis-med.com/_citynmg/%da%a9%d8%b1%d8%af%d8%b3%d8%aa%d8%a7%d9%86/,fa,_citynmg,,yes,medium,https://abadis-med.com/_citynmg/%da%a9%d8%b1%d8%af%d8%b3%d8%aa%d8%a7%d9%86/,REVIEW,no,,FACT: JetEngine CPT/taxonomy archive; decide indexability with Search Console,medium,yes
https://abadis-med.com/_citynmg/%da%a9%d8%b1%d9%85%d8%a7%d9%86/,fa,_citynmg,,yes,medium,https://abadis-med.com/_citynmg/%da%a9%d8%b1%d9%85%d8%a7%d9%86/,REVIEW,no,,FACT: JetEngine CPT/taxonomy archive; decide indexability with Search Console,medium,yes
https://abadis-med.com/_citynmg/%da%a9%d8%b1%d9%85%d8%a7%d9%86%d8%b4%d8%a7%d9%87/,fa,_citynmg,,yes,medium,https://abadis-med.com/_citynmg/%da%a9%d8%b1%d9%85%d8%a7%d9%86%d8%b4%d8%a7%d9%87/,REVIEW,no,,FACT: JetEngine CPT/taxonomy archive; decide indexability with Search Console,medium,yes
https://abadis-med.com/_citynmg/%da%a9%d9%87%da%af%db%8c%d9%84%d9%88%db%8c%d9%87-%d9%88-%d8%a8%d9%88%db%8c%d8%b1%d8%a7%d8%ad%d9%85%d8%af/,fa,_citynmg,,yes,medium,https://abadis-med.com/_citynmg/%da%a9%d9%87%da%af%db%8c%d9%84%d9%88%db%8c%d9%87-%d9%88-%d8%a8%d9%88%db%8c%d8%b1%d8%a7%d8%ad%d9%85%d8%af/,REVIEW,no,,FACT: JetEngine CPT/taxonomy archive; decide indexability with Search Console,medium,yes
https://abadis-med.com/_citynmg/%da%af%db%8c%d9%84%d8%a7%d9%86/,fa,_citynmg,,yes,medium,https://abadis-med.com/_citynmg/%da%af%db%8c%d9%84%d8%a7%d9%86/,REVIEW,no,,FACT: JetEngine CPT/taxonomy archive; decide indexability with Search Console,medium,yes
https://abadis-med.com/_citynmg/%d9%85%d8%a7%d8%b2%d9%86%d8%af%d8%b1%d8%a7%d9%86/,fa,_citynmg,,yes,medium,https://abadis-med.com/_citynmg/%d9%85%d8%a7%d8%b2%d9%86%d8%af%d8%b1%d8%a7%d9%86/,REVIEW,no,,FACT: JetEngine CPT/taxonomy archive; decide indexability with Search Console,medium,yes
https://abadis-med.com/_citynmg/%d9%85%d8%b1%da%a9%d8%b2%db%8c/,fa,_citynmg,,yes,medium,https://abadis-med.com/_citynmg/%d9%85%d8%b1%da%a9%d8%b2%db%8c/,REVIEW,no,,FACT: JetEngine CPT/taxonomy archive; decide indexability with Search Console,medium,yes
https://abadis-med.com/_citynmg/%d9%87%d8%b1%d9%85%d8%b2%da%af%d8%a7%d9%86/,fa,_citynmg,,yes,medium,https://abadis-med.com/_citynmg/%d9%87%d8%b1%d9%85%d8%b2%da%af%d8%a7%d9%86/,REVIEW,no,,FACT: JetEngine CPT/taxonomy archive; decide indexability with Search Console,medium,yes
https://abadis-med.com/_citynmg/%d9%87%d9%85%d8%af%d8%a7%d9%86/,fa,_citynmg,,yes,medium,https://abadis-med.com/_citynmg/%d9%87%d9%85%d8%af%d8%a7%d9%86/,REVIEW,no,,FACT: JetEngine CPT/taxonomy archive; decide indexability with Search Console,medium,yes
https://abadis-med.com/_citynmg/%db%8c%d8%b2%d8%af/,fa,_citynmg,,yes,medium,https://abadis-med.com/_citynmg/%db%8c%d8%b2%d8%af/,REVIEW,no,,FACT: JetEngine CPT/taxonomy archive; decide indexability with Search Console,medium,yes
https://abadis-med.com/_customers/,fa,_customers,,yes,medium,https://abadis-med.com/_customers/,REVIEW,no,,FACT: JetEngine CPT/taxonomy archive; decide indexability with Search Console,medium,yes
https://abadis-med.com/_customers/%d8%a8%db%8c%d9%85%d8%a7%d8%b1%d8%b3%d8%aa%d8%a7%d9%86-%d8%ac%d9%85%d8%a7%d8%b1%d8%a7%d9%86/,fa,_customers,,yes,medium,https://abadis-med.com/_customers/%d8%a8%db%8c%d9%85%d8%a7%d8%b1%d8%b3%d8%aa%d8%a7%d9%86-%d8%ac%d9%85%d8%a7%d8%b1%d8%a7%d9%86/,REVIEW,no,,FACT: JetEngine CPT/taxonomy archive; decide indexability with Search Console,medium,yes
https://abadis-med.com/_customers/%d8%a8%db%8c%d9%85%d8%a7%d8%b1%d8%b3%d8%aa%d8%a7%d9%86-%d9%85%d8%ad%d8%a8-%da%a9%d9%88%d8%ab%d8%b1/,fa,_customers,,yes,medium,https://abadis-med.com/_customers/%d8%a8%db%8c%d9%85%d8%a7%d8%b1%d8%b3%d8%aa%d8%a7%d9%86-%d9%85%d8%ad%d8%a8-%da%a9%d9%88%d8%ab%d8%b1/,REVIEW,no,,FACT: JetEngine CPT/taxonomy archive; decide indexability with Search Console,medium,yes
https://abadis-med.com/_customers/%d8%a8%db%8c%d9%85%d8%a7%d8%b1%d8%b3%d8%aa%d8%a7%d9%86-%d9%81%d9%88%d9%82-%d8%aa%d8%ae%d8%b5%d8%b5%db%8c-%d9%86%d9%88%d8%b1-%d8%a7%d9%81%d8%b4%d8%a7%d8%b1/,fa,_customers,,yes,medium,https://abadis-med.com/_customers/%d8%a8%db%8c%d9%85%d8%a7%d8%b1%d8%b3%d8%aa%d8%a7%d9%86-%d9%81%d9%88%d9%82-%d8%aa%d8%ae%d8%b5%d8%b5%db%8c-%d9%86%d9%88%d8%b1-%d8%a7%d9%81%d8%b4%d8%a7%d8%b1/,REVIEW,no,,FACT: JetEngine CPT/taxonomy archive; decide indexability with Search Console,medium,yes
https://abadis-med.com/_customers/%d8%a8%db%8c%d9%85%d8%a7%d8%b1%d8%b3%d8%aa%d8%a7%d9%86-%d8%aa%d9%86%d8%af%db%8c%d8%b3/,fa,_customers,,yes,medium,https://abadis-med.com/_customers/%d8%a8%db%8c%d9%85%d8%a7%d8%b1%d8%b3%d8%aa%d8%a7%d9%86-%d8%aa%d9%86%d8%af%db%8c%d8%b3/,REVIEW,no,,FACT: JetEngine CPT/taxonomy archive; decide indexability with Search Console,medium,yes
https://abadis-med.com/_customers/%d8%a8%db%8c%d9%85%d8%a7%d8%b1%d8%b3%d8%aa%d8%a7%d9%86-%d8%a7%d9%85%d8%a7%d9%85-%d8%ae%d9%85%db%8c%d9%86%db%8c/,fa,_customers,,yes,medium,https://abadis-med.com/_customers/%d8%a8%db%8c%d9%85%d8%a7%d8%b1%d8%b3%d8%aa%d8%a7%d9%86-%d8%a7%d9%85%d8%a7%d9%85-%d8%ae%d9%85%db%8c%d9%86%db%8c/,REVIEW,no,,FACT: JetEngine CPT/taxonomy archive; decide indexability with Search Console,medium,yes
https://abadis-med.com/_customers/%da%a9%d8%b3%d8%b1%d8%a7/,fa,_customers,,yes,medium,https://abadis-med.com/_customers/%da%a9%d8%b3%d8%b1%d8%a7/,REVIEW,no,,FACT: JetEngine CPT/taxonomy archive; decide indexability with Search Console,medium,yes
https://abadis-med.com/_customers/%d8%a8%db%8c%d9%85%d8%a7%d8%b1%d8%b3%d8%aa%d8%a7%d9%86-%d9%85%d9%81%d8%b1%d8%ad/,fa,_customers,,yes,medium,https://abadis-med.com/_customers/%d8%a8%db%8c%d9%85%d8%a7%d8%b1%d8%b3%d8%aa%d8%a7%d9%86-%d9%85%d9%81%d8%b1%d8%ad/,REVIEW,no,,FACT: JetEngine CPT/taxonomy archive; decide indexability with Search Console,medium,yes
https://abadis-med.com/_customers/%d8%a8%db%8c%d9%85%d8%a7%d8%b1%d8%b3%d8%aa%d8%a7%d9%86-%d8%aa%d8%ae%d8%b5%d8%b5%db%8c-%d9%85%d9%87%d8%b1/,fa,_customers,,yes,medium,https://abadis-med.com/_customers/%d8%a8%db%8c%d9%85%d8%a7%d8%b1%d8%b3%d8%aa%d8%a7%d9%86-%d8%aa%d8%ae%d8%b5%d8%b5%db%8c-%d9%85%d9%87%d8%b1/,REVIEW,no,,FACT: JetEngine CPT/taxonomy archive; decide indexability with Search Console,medium,yes
https://abadis-med.com/_customers/%d8%a8%db%8c%d9%85%d8%a7%d8%b1%d8%b3%d8%aa%d8%a7%d9%86-%d9%85%d9%87%d8%b1%d8%a7%d8%af/,fa,_customers,,yes,medium,https://abadis-med.com/_customers/%d8%a8%db%8c%d9%85%d8%a7%d8%b1%d8%b3%d8%aa%d8%a7%d9%86-%d9%85%d9%87%d8%b1%d8%a7%d8%af/,REVIEW,no,,FACT: JetEngine CPT/taxonomy archive; decide indexability with Search Console,medium,yes
https://abadis-med.com/_customers/%d8%a8%db%8c%d9%85%d8%a7%d8%b1%d8%b3%d8%aa%d8%a7%d9%86-%d9%81%d8%b1%d9%85%d8%a7%d9%86%db%8c%d9%87/,fa,_customers,,yes,medium,https://abadis-med.com/_customers/%d8%a8%db%8c%d9%85%d8%a7%d8%b1%d8%b3%d8%aa%d8%a7%d9%86-%d9%81%d8%b1%d9%85%d8%a7%d9%86%db%8c%d9%87/,REVIEW,no,,FACT: JetEngine CPT/taxonomy archive; decide indexability with Search Console,medium,yes
https://abadis-med.com/_customers/%d8%a8%db%8c%d9%85%d8%a7%d8%b1%d8%b3%d8%aa%d8%a7%d9%86-%d8%b9%d8%b1%d9%81%d8%a7%d9%86/,fa,_customers,,yes,medium,https://abadis-med.com/_customers/%d8%a8%db%8c%d9%85%d8%a7%d8%b1%d8%b3%d8%aa%d8%a7%d9%86-%d8%b9%d8%b1%d9%81%d8%a7%d9%86/,REVIEW,no,,FACT: JetEngine CPT/taxonomy archive; decide indexability with Search Console,medium,yes
https://abadis-med.com/_customers/%d8%a8%db%8c%d9%85%d8%a7%d8%b1%d8%b3%d8%aa%d8%a7%d9%86-%d8%b9%d8%b1%d9%81%d8%a7%d9%86-%d9%86%db%8c%d8%a7%db%8c%d8%b4/,fa,_customers,,yes,medium,https://abadis-med.com/_customers/%d8%a8%db%8c%d9%85%d8%a7%d8%b1%d8%b3%d8%aa%d8%a7%d9%86-%d8%b9%d8%b1%d9%81%d8%a7%d9%86-%d9%86%db%8c%d8%a7%db%8c%d8%b4/,REVIEW,no,,FACT: JetEngine CPT/taxonomy archive; decide indexability with Search Console,medium,yes
https://abadis-med.com/_customers/%d8%a8%db%8c%d9%85%d8%a7%d8%b1%d8%b3%d8%aa%d8%a7%d9%86-%d8%aa%d8%ae%d8%b5%d8%b5%db%8c-%d8%b4%d9%87%db%8c%d8%af-%d8%af%da%a9%d8%aa%d8%b1-%d9%84%d9%88%d8%a7%d8%b3%d8%a7%d9%86%db%8c/,fa,_customers,,yes,medium,https://abadis-med.com/_customers/%d8%a8%db%8c%d9%85%d8%a7%d8%b1%d8%b3%d8%aa%d8%a7%d9%86-%d8%aa%d8%ae%d8%b5%d8%b5%db%8c-%d8%b4%d9%87%db%8c%d8%af-%d8%af%da%a9%d8%aa%d8%b1-%d9%84%d9%88%d8%a7%d8%b3%d8%a7%d9%86%db%8c/,REVIEW,no,,FACT: JetEngine CPT/taxonomy archive; decide indexability with Search Console,medium,yes
https://abadis-med.com/_customers/%d8%a8%db%8c%d9%85%d8%a7%d8%b1%d8%b3%d8%aa%d8%a7%d9%86-%d8%b4%d9%87%d8%b1%d8%a7%d9%85/,fa,_customers,,yes,medium,https://abadis-med.com/_customers/%d8%a8%db%8c%d9%85%d8%a7%d8%b1%d8%b3%d8%aa%d8%a7%d9%86-%d8%b4%d9%87%d8%b1%d8%a7%d9%85/,REVIEW,no,,FACT: JetEngine CPT/taxonomy archive; decide indexability with Search Console,medium,yes
https://abadis-med.com/_customers/%d9%87%d8%aa%d9%84-%d8%a8%db%8c%d9%85%d8%a7%d8%b1%d8%b3%d8%aa%d8%a7%d9%86-%da%af%d8%a7%d9%86%d8%af%db%8c/,fa,_customers,,yes,medium,https://abadis-med.com/_customers/%d9%87%d8%aa%d9%84-%d8%a8%db%8c%d9%85%d8%a7%d8%b1%d8%b3%d8%aa%d8%a7%d9%86-%da%af%d8%a7%d9%86%d8%af%db%8c/,REVIEW,no,,FACT: JetEngine CPT/taxonomy archive; decide indexability with Search Console,medium,yes
https://abadis-med.com/_customers/%d8%a8%db%8c%d9%85%d8%a7%d8%b1%d8%b3%d8%aa%d8%a7%d9%86-%da%a9%db%8c%d8%a7%d9%86/,fa,_customers,,yes,medium,https://abadis-med.com/_customers/%d8%a8%db%8c%d9%85%d8%a7%d8%b1%d8%b3%d8%aa%d8%a7%d9%86-%da%a9%db%8c%d8%a7%d9%86/,REVIEW,no,,FACT: JetEngine CPT/taxonomy archive; decide indexability with Search Console,medium,yes
https://abadis-med.com/_customers/%d8%b9%d8%b1%d9%81%d8%a7%d9%86-%d8%b3%d9%84%d8%a7%d9%85%d8%aa/,fa,_customers,,yes,medium,https://abadis-med.com/_customers/%d8%b9%d8%b1%d9%81%d8%a7%d9%86-%d8%b3%d9%84%d8%a7%d9%85%d8%aa/,REVIEW,no,,FACT: JetEngine CPT/taxonomy archive; decide indexability with Search Console,medium,yes
https://abadis-med.com/_customers/%d8%a8%db%8c%d9%85%d8%a7%d8%b1%d8%b3%d8%aa%d8%a7%d9%86-%d8%b4%d9%87%db%8c%d8%af-%d8%b1%d8%ac%d8%a7%db%8c%db%8c-%da%a9%d8%b1%d8%ac/,fa,_customers,,yes,medium,https://abadis-med.com/_customers/%d8%a8%db%8c%d9%85%d8%a7%d8%b1%d8%b3%d8%aa%d8%a7%d9%86-%d8%b4%d9%87%db%8c%d8%af-%d8%b1%d8%ac%d8%a7%db%8c%db%8c-%da%a9%d8%b1%d8%ac/,REVIEW,no,,FACT: JetEngine CPT/taxonomy archive; decide indexability with Search Console,medium,yes
https://abadis-med.com/_customers/%d8%a8%db%8c%d9%85%d8%a7%d8%b1%d8%b3%d8%aa%d8%a7%d9%86-%d8%a7%d8%a8%d9%86-%d8%b3%db%8c%d9%86%d8%a7/,fa,_customers,,yes,medium,https://abadis-med.com/_customers/%d8%a8%db%8c%d9%85%d8%a7%d8%b1%d8%b3%d8%aa%d8%a7%d9%86-%d8%a7%d8%a8%d9%86-%d8%b3%db%8c%d9%86%d8%a7/,REVIEW,no,,FACT: JetEngine CPT/taxonomy archive; decide indexability with Search Console,medium,yes
https://abadis-med.com/_customers/%d8%a8%db%8c%d9%85%d8%a7%d8%b1%d8%b3%d8%aa%d8%a7%d9%86-%d8%a7%d9%84%d8%a8%d8%b1%d8%b2/,fa,_customers,,yes,medium,https://abadis-med.com/_customers/%d8%a8%db%8c%d9%85%d8%a7%d8%b1%d8%b3%d8%aa%d8%a7%d9%86-%d8%a7%d9%84%d8%a8%d8%b1%d8%b2/,REVIEW,no,,FACT: JetEngine CPT/taxonomy archive; decide indexability with Search Console,medium,yes
https://abadis-med.com/_customers/%d8%a8%db%8c%d9%85%d8%a7%d8%b1%d8%b3%d8%aa%d8%a7%d9%86-%d8%a7%d9%84%d8%ba%d8%af%db%8c%d8%b1/,fa,_customers,,yes,medium,https://abadis-med.com/_customers/%d8%a8%db%8c%d9%85%d8%a7%d8%b1%d8%b3%d8%aa%d8%a7%d9%86-%d8%a7%d9%84%d8%ba%d8%af%db%8c%d8%b1/,REVIEW,no,,FACT: JetEngine CPT/taxonomy archive; decide indexability with Search Console,medium,yes
https://abadis-med.com/_customers/%da%a9%d9%84%db%8c%d9%86%db%8c%da%a9-%d8%ac%d8%b1%d8%a7%d8%ad%db%8c-%d8%a2%d9%84%d9%81%d8%a7/,fa,_customers,,yes,medium,https://abadis-med.com/_customers/%da%a9%d9%84%db%8c%d9%86%db%8c%da%a9-%d8%ac%d8%b1%d8%a7%d8%ad%db%8c-%d8%a2%d9%84%d9%81%d8%a7/,REVIEW,no,,FACT: JetEngine CPT/taxonomy archive; decide indexability with Search Console,medium,yes
https://abadis-med.com/_customers/%d8%a8%db%8c%d9%85%d8%a7%d8%b1%d8%b3%d8%aa%d8%a7%d9%86-%d8%a8%d9%87%d9%85%d9%86/,fa,_customers,,yes,medium,https://abadis-med.com/_customers/%d8%a8%db%8c%d9%85%d8%a7%d8%b1%d8%b3%d8%aa%d8%a7%d9%86-%d8%a8%d9%87%d9%85%d9%86/,REVIEW,no,,FACT: JetEngine CPT/taxonomy archive; decide indexability with Search Console,medium,yes
https://abadis-med.com/_customers/%d8%a8%db%8c%d9%85%d8%a7%d8%b1%d8%b3%d8%aa%d8%a7%d9%86-%d9%be%d8%a7%d8%b1%d8%b3%db%8c%d8%a7%d9%86/,fa,_customers,,yes,medium,https://abadis-med.com/_customers/%d8%a8%db%8c%d9%85%d8%a7%d8%b1%d8%b3%d8%aa%d8%a7%d9%86-%d9%be%d8%a7%d8%b1%d8%b3%db%8c%d8%a7%d9%86/,REVIEW,no,,FACT: JetEngine CPT/taxonomy archive; decide indexability with Search Console,medium,yes
https://abadis-med.com/_customers/%d8%a8%db%8c%d9%85%d8%a7%d8%b1%d8%b3%d8%aa%d8%a7%d9%86-%d9%81%d9%88%d9%82-%d8%aa%d8%ae%d8%b5%d8%b5%db%8c-%d8%aa%d8%ae%d8%aa-%d8%ac%d9%85%d8%b4%db%8c%d8%af/,fa,_customers,,yes,medium,https://abadis-med.com/_customers/%d8%a8%db%8c%d9%85%d8%a7%d8%b1%d8%b3%d8%aa%d8%a7%d9%86-%d9%81%d9%88%d9%82-%d8%aa%d8%ae%d8%b5%d8%b5%db%8c-%d8%aa%d8%ae%d8%aa-%d8%ac%d9%85%d8%b4%db%8c%d8%af/,REVIEW,no,,FACT: JetEngine CPT/taxonomy archive; decide indexability with Search Console,medium,yes
https://abadis-med.com/_customers/%d8%a8%db%8c%d9%85%d8%a7%d8%b1%d8%b3%d8%aa%d8%a7%d9%86-%d8%af%d8%a7%d8%af%da%af%d8%b3%d8%aa%d8%b1%db%8c/,fa,_customers,,yes,medium,https://abadis-med.com/_customers/%d8%a8%db%8c%d9%85%d8%a7%d8%b1%d8%b3%d8%aa%d8%a7%d9%86-%d8%af%d8%a7%d8%af%da%af%d8%b3%d8%aa%d8%b1%db%8c/,REVIEW,no,,FACT: JetEngine CPT/taxonomy archive; decide indexability with Search Console,medium,yes
https://abadis-med.com/_customers/%d8%a8%db%8c%d9%85%d8%a7%d8%b1%d8%b3%d8%aa%d8%a7%d9%86-%d8%af%db%8c/,fa,_customers,,yes,medium,https://abadis-med.com/_customers/%d8%a8%db%8c%d9%85%d8%a7%d8%b1%d8%b3%d8%aa%d8%a7%d9%86-%d8%af%db%8c/,REVIEW,no,,FACT: JetEngine CPT/taxonomy archive; decide indexability with Search Console,medium,yes
https://abadis-med.com/_customers/%d8%a8%db%8c%d9%85%d8%a7%d8%b1%d8%b3%d8%aa%d8%a7%d9%86-%d8%b4%d9%87%db%8c%d8%af-%d8%af%da%a9%d8%aa%d8%b1-%d9%81%d9%82%db%8c%d9%87%db%8c/,fa,_customers,,yes,medium,https://abadis-med.com/_customers/%d8%a8%db%8c%d9%85%d8%a7%d8%b1%d8%b3%d8%aa%d8%a7%d9%86-%d8%b4%d9%87%db%8c%d8%af-%d8%af%da%a9%d8%aa%d8%b1-%d9%81%d9%82%db%8c%d9%87%db%8c/,REVIEW,no,,FACT: JetEngine CPT/taxonomy archive; decide indexability with Search Console,medium,yes
https://abadis-med.com/_customers/%d8%a8%db%8c%d9%85%d8%a7%d8%b1%d8%b3%d8%aa%d8%a7%d9%86-%d9%82%d9%84%d8%a8-%d8%a7%d9%84%d8%b2%d9%87%d8%b1%d8%a7/,fa,_customers,,yes,medium,https://abadis-med.com/_customers/%d8%a8%db%8c%d9%85%d8%a7%d8%b1%d8%b3%d8%aa%d8%a7%d9%86-%d9%82%d9%84%d8%a8-%d8%a7%d9%84%d8%b2%d9%87%d8%b1%d8%a7/,REVIEW,no,,FACT: JetEngine CPT/taxonomy archive; decide indexability with Search Console,medium,yes
https://abadis-med.com/_customers/%d8%a8%db%8c%d9%85%d8%a7%d8%b1%d8%b3%d8%aa%d8%a7%d9%86-%d9%81%d9%88%d9%82-%d8%aa%d8%ae%d8%b5%d8%b5%db%8c-%d9%85%d8%af%d8%a7%d8%a6%d9%86/,fa,_customers,,yes,medium,https://abadis-med.com/_customers/%d8%a8%db%8c%d9%85%d8%a7%d8%b1%d8%b3%d8%aa%d8%a7%d9%86-%d9%81%d9%88%d9%82-%d8%aa%d8%ae%d8%b5%d8%b5%db%8c-%d9%85%d8%af%d8%a7%d8%a6%d9%86/,REVIEW,no,,FACT: JetEngine CPT/taxonomy archive; decide indexability with Search Console,medium,yes
https://abadis-med.com/_customers/%d8%a8%db%8c%d9%85%d8%a7%d8%b1%d8%b3%d8%aa%d8%a7%d9%86-%d8%a8%db%8c%d9%86-%d8%a7%d9%84%d9%85%d9%84%d9%84%db%8c-%d9%85%db%8c%d9%84%d8%a7%d8%af-%d9%81%d8%b1%d8%af%d8%a7/,fa,_customers,,yes,medium,https://abadis-med.com/_customers/%d8%a8%db%8c%d9%85%d8%a7%d8%b1%d8%b3%d8%aa%d8%a7%d9%86-%d8%a8%db%8c%d9%86-%d8%a7%d9%84%d9%85%d9%84%d9%84%db%8c-%d9%85%db%8c%d9%84%d8%a7%d8%af-%d9%81%d8%b1%d8%af%d8%a7/,REVIEW,no,,FACT: JetEngine CPT/taxonomy archive; decide indexability with Search Console,medium,yes
https://abadis-med.com/_customers/%d8%a8%db%8c%d9%85%d8%a7%d8%b1%d8%b3%d8%aa%d8%a7%d9%86-%d8%aa%d8%ae%d8%b5%d8%b5%db%8c-%d9%88-%d9%81%d9%88%d9%82-%d8%aa%d8%ae%d8%b5%d8%b5%db%8c-%d8%af%d9%86%d8%a7/,fa,_customers,,yes,medium,https://abadis-med.com/_customers/%d8%a8%db%8c%d9%85%d8%a7%d8%b1%d8%b3%d8%aa%d8%a7%d9%86-%d8%aa%d8%ae%d8%b5%d8%b5%db%8c-%d9%88-%d9%81%d9%88%d9%82-%d8%aa%d8%ae%d8%b5%d8%b5%db%8c-%d8%af%d9%86%d8%a7/,REVIEW,no,,FACT: JetEngine CPT/taxonomy archive; decide indexability with Search Console,medium,yes
https://abadis-med.com/_customers/%d8%a8%db%8c%d9%85%d8%a7%d8%b1%d8%b3%d8%aa%d8%a7%d9%86-%d8%aa%d8%b1%db%8c%d8%aa%d8%a7/,fa,_customers,,yes,medium,https://abadis-med.com/_customers/%d8%a8%db%8c%d9%85%d8%a7%d8%b1%d8%b3%d8%aa%d8%a7%d9%86-%d8%aa%d8%b1%db%8c%d8%aa%d8%a7/,REVIEW,no,,FACT: JetEngine CPT/taxonomy archive; decide indexability with Search Console,medium,yes
https://abadis-med.com/_customers/%d8%a8%db%8c%d9%85%d8%a7%d8%b1%d8%b3%d8%aa%d8%a7%d9%86-%d9%81%d9%88%d9%82-%d8%aa%d8%ae%d8%b5%d8%b5%db%8c-%d8%b4%d9%81%d8%a7/,fa,_customers,,yes,medium,https://abadis-med.com/_customers/%d8%a8%db%8c%d9%85%d8%a7%d8%b1%d8%b3%d8%aa%d8%a7%d9%86-%d9%81%d9%88%d9%82-%d8%aa%d8%ae%d8%b5%d8%b5%db%8c-%d8%b4%d9%81%d8%a7/,REVIEW,no,,FACT: JetEngine CPT/taxonomy archive; decide indexability with Search Console,medium,yes
https://abadis-med.com/_customers/%d8%a8%db%8c%d9%85%d8%a7%d8%b1%d8%b3%d8%aa%d8%a7%d9%86-%d8%b4%d9%87%db%8c%d8%af-%d9%85%d8%b7%d9%87%d8%b1%db%8c/,fa,_customers,,yes,medium,https://abadis-med.com/_customers/%d8%a8%db%8c%d9%85%d8%a7%d8%b1%d8%b3%d8%aa%d8%a7%d9%86-%d8%b4%d9%87%db%8c%d8%af-%d9%85%d8%b7%d9%87%d8%b1%db%8c/,REVIEW,no,,FACT: JetEngine CPT/taxonomy archive; decide indexability with Search Console,medium,yes
https://abadis-med.com/_customers/%d8%a8%db%8c%d9%85%d8%a7%d8%b1%d8%b3%d8%aa%d8%a7%d9%86-%d8%b9%d9%84%d9%88%db%8c/,fa,_customers,,yes,medium,https://abadis-med.com/_customers/%d8%a8%db%8c%d9%85%d8%a7%d8%b1%d8%b3%d8%aa%d8%a7%d9%86-%d8%b9%d9%84%d9%88%db%8c/,REVIEW,no,,FACT: JetEngine CPT/taxonomy archive; decide indexability with Search Console,medium,yes
https://abadis-med.com/_customers/%d9%85%d8%b1%da%a9%d8%b2-%d8%ac%d8%b1%d8%a7%d8%ad%db%8c-%d9%85%d8%ad%d8%af%d9%88%d8%af-%d8%b4%d9%82%d8%a7%db%8c%d9%82/,fa,_customers,,yes,medium,https://abadis-med.com/_customers/%d9%85%d8%b1%da%a9%d8%b2-%d8%ac%d8%b1%d8%a7%d8%ad%db%8c-%d9%85%d8%ad%d8%af%d9%88%d8%af-%d8%b4%d9%82%d8%a7%db%8c%d9%82/,REVIEW,no,,FACT: JetEngine CPT/taxonomy archive; decide indexability with Search Console,medium,yes
https://abadis-med.com/_customers/%d8%a8%db%8c%d9%85%d8%a7%d8%b1%d8%b3%d8%aa%d8%a7%d9%86-%d9%81%d9%88%d9%82-%d8%aa%d8%ae%d8%b5%d8%b5%db%8c-%d8%b5%d8%a7%d8%b1%d9%85/,fa,_customers,,yes,medium,https://abadis-med.com/_customers/%d8%a8%db%8c%d9%85%d8%a7%d8%b1%d8%b3%d8%aa%d8%a7%d9%86-%d9%81%d9%88%d9%82-%d8%aa%d8%ae%d8%b5%d8%b5%db%8c-%d8%b5%d8%a7%d8%b1%d9%85/,REVIEW,no,,FACT: JetEngine CPT/taxonomy archive; decide indexability with Search Console,medium,yes
https://abadis-med.com/_customers/%d8%a8%db%8c%d9%85%d8%a7%d8%b1%d8%b3%d8%aa%d8%a7%d9%86-%d8%aa%d9%87%d8%b1%d8%a7%d9%86-%d9%be%d8%a7%d8%b1%d8%b3/,fa,_customers,,yes,medium,https://abadis-med.com/_customers/%d8%a8%db%8c%d9%85%d8%a7%d8%b1%d8%b3%d8%aa%d8%a7%d9%86-%d8%aa%d9%87%d8%b1%d8%a7%d9%86-%d9%be%d8%a7%d8%b1%d8%b3/,REVIEW,no,,FACT: JetEngine CPT/taxonomy archive; decide indexability with Search Console,medium,yes
https://abadis-med.com/_customers/%d8%a8%db%8c%d9%85%d8%a7%d8%b1%d8%b3%d8%aa%d8%a7%d9%86-%d9%be%d8%a7%d8%b3%d8%aa%d9%88%d8%b1%d9%86%d9%88/,fa,_customers,,yes,medium,https://abadis-med.com/_customers/%d8%a8%db%8c%d9%85%d8%a7%d8%b1%d8%b3%d8%aa%d8%a7%d9%86-%d9%be%d8%a7%d8%b3%d8%aa%d9%88%d8%b1%d9%86%d9%88/,REVIEW,no,,FACT: JetEngine CPT/taxonomy archive; decide indexability with Search Console,medium,yes
https://abadis-med.com/_customers/%d8%a8%db%8c%d9%85%d8%a7%d8%b1%d8%b3%d8%aa%d8%a7%d9%86-%d8%aa%d8%ae%d8%b5%d8%b5%db%8c-%d9%be%d8%a7%d8%b1%d8%b3%d8%a7/,fa,_customers,,yes,medium,https://abadis-med.com/_customers/%d8%a8%db%8c%d9%85%d8%a7%d8%b1%d8%b3%d8%aa%d8%a7%d9%86-%d8%aa%d8%ae%d8%b5%d8%b5%db%8c-%d9%be%d8%a7%d8%b1%d8%b3%d8%a7/,REVIEW,no,,FACT: JetEngine CPT/taxonomy archive; decide indexability with Search Console,medium,yes
https://abadis-med.com/_customers/%d8%a8%db%8c%d9%85%d8%a7%d8%b1%d8%b3%d8%aa%d8%a7%d9%86-%d8%b4%d9%87%db%8c%d8%af-%d8%b5%d8%a7%d8%af%d9%82-%da%af%d9%86%d8%ac%db%8c-%d8%a8%d8%b1%d8%a7%d8%b2-%d8%ac%d8%a7%d9%86/,fa,_customers,,yes,medium,https://abadis-med.com/_customers/%d8%a8%db%8c%d9%85%d8%a7%d8%b1%d8%b3%d8%aa%d8%a7%d9%86-%d8%b4%d9%87%db%8c%d8%af-%d8%b5%d8%a7%d8%af%d9%82-%da%af%d9%86%d8%ac%db%8c-%d8%a8%d8%b1%d8%a7%d8%b2-%d8%ac%d8%a7%d9%86/,REVIEW,no,,FACT: JetEngine CPT/taxonomy archive; decide indexability with Search Console,medium,yes
https://abadis-med.com/_customers/%d9%85%d8%b1%da%a9%d8%b2-%d8%a2%d9%85%d9%88%d8%b2%d8%b4%db%8c-%d8%af%d8%b1%d9%85%d8%a7%d9%86%db%8c-%d8%a7%d9%85%d8%a7%d9%85-%d8%ae%d9%85%db%8c%d9%86%db%8c/,fa,_customers,,yes,medium,https://abadis-med.com/_customers/%d9%85%d8%b1%da%a9%d8%b2-%d8%a2%d9%85%d9%88%d8%b2%d8%b4%db%8c-%d8%af%d8%b1%d9%85%d8%a7%d9%86%db%8c-%d8%a7%d9%85%d8%a7%d9%85-%d8%ae%d9%85%db%8c%d9%86%db%8c/,REVIEW,no,,FACT: JetEngine CPT/taxonomy archive; decide indexability with Search Console,medium,yes
https://abadis-med.com/_customers/%d9%85%d8%b1%da%a9%d8%b2-%d9%be%d8%b2%d8%b4%da%a9%db%8c-%d8%ad%d8%ac-%d9%88-%d8%b2%db%8c%d8%a7%d8%b1%d8%aa/,fa,_customers,,yes,medium,https://abadis-med.com/_customers/%d9%85%d8%b1%da%a9%d8%b2-%d9%be%d8%b2%d8%b4%da%a9%db%8c-%d8%ad%d8%ac-%d9%88-%d8%b2%db%8c%d8%a7%d8%b1%d8%aa/,REVIEW,no,,FACT: JetEngine CPT/taxonomy archive; decide indexability with Search Console,medium,yes
https://abadis-med.com/_customers/%da%a9%d9%84%db%8c%d9%86%db%8c%da%a9-%d8%b4%db%8c%d8%a7%d9%86/,fa,_customers,,yes,medium,https://abadis-med.com/_customers/%da%a9%d9%84%db%8c%d9%86%db%8c%da%a9-%d8%b4%db%8c%d8%a7%d9%86/,REVIEW,no,,FACT: JetEngine CPT/taxonomy archive; decide indexability with Search Console,medium,yes
https://abadis-med.com/_customers/%d9%85%d8%b1%da%a9%d8%b2-%d8%a2%d9%85%d9%88%d8%b2%d8%b4-%d8%af%d8%b1%d9%85%d8%a7%d9%86%db%8c-%d9%86%d9%85%d8%a7%d8%b2%db%8c/,fa,_customers,,yes,medium,https://abadis-med.com/_customers/%d9%85%d8%b1%da%a9%d8%b2-%d8%a2%d9%85%d9%88%d8%b2%d8%b4-%d8%af%d8%b1%d9%85%d8%a7%d9%86%db%8c-%d9%86%d9%85%d8%a7%d8%b2%db%8c/,REVIEW,no,,FACT: JetEngine CPT/taxonomy archive; decide indexability with Search Console,medium,yes
https://abadis-med.com/_customers/%d8%a8%db%8c%d9%85%d8%a7%d8%b1%d8%b3%d8%aa%d8%a7%d9%86-%d8%af%da%a9%d8%aa%d8%b1-%d9%85%db%8c%d8%b1/,fa,_customers,,yes,medium,https://abadis-med.com/_customers/%d8%a8%db%8c%d9%85%d8%a7%d8%b1%d8%b3%d8%aa%d8%a7%d9%86-%d8%af%da%a9%d8%aa%d8%b1-%d9%85%db%8c%d8%b1/,REVIEW,no,,FACT: JetEngine CPT/taxonomy archive; decide indexability with Search Console,medium,yes
https://abadis-med.com/_customers/%d8%a8%db%8c%d9%85%d8%a7%d8%b1%d8%b3%d8%aa%d8%a7%d9%86-%d8%ba%db%8c%d8%a7%d8%ab%db%8c/,fa,_customers,,yes,medium,https://abadis-med.com/_customers/%d8%a8%db%8c%d9%85%d8%a7%d8%b1%d8%b3%d8%aa%d8%a7%d9%86-%d8%ba%db%8c%d8%a7%d8%ab%db%8c/,REVIEW,no,,FACT: JetEngine CPT/taxonomy archive; decide indexability with Search Console,medium,yes
https://abadis-med.com/_customers/%d8%a8%db%8c%d9%85%d8%a7%d8%b1%d8%b3%d8%aa%d8%a7%d9%86-%d9%86%d9%88%d8%b1-%d8%b4%d9%87%d8%b1%db%8c%d8%a7%d8%b1/,fa,_customers,,yes,medium,https://abadis-med.com/_customers/%d8%a8%db%8c%d9%85%d8%a7%d8%b1%d8%b3%d8%aa%d8%a7%d9%86-%d9%86%d9%88%d8%b1-%d8%b4%d9%87%d8%b1%db%8c%d8%a7%d8%b1/,REVIEW,no,,FACT: JetEngine CPT/taxonomy archive; decide indexability with Search Console,medium,yes
https://abadis-med.com/_customers/%d8%a8%db%8c%d9%85%d8%a7%d8%b1%d8%b3%d8%aa%d8%a7%d9%86-%d8%b4%d9%87%db%8c%d8%af-%d9%87%d8%a7%d8%b4%d9%85%db%8c-%d9%86%da%98%d8%a7%d8%af/,fa,_customers,,yes,medium,https://abadis-med.com/_customers/%d8%a8%db%8c%d9%85%d8%a7%d8%b1%d8%b3%d8%aa%d8%a7%d9%86-%d8%b4%d9%87%db%8c%d8%af-%d9%87%d8%a7%d8%b4%d9%85%db%8c-%d9%86%da%98%d8%a7%d8%af/,REVIEW,no,,FACT: JetEngine CPT/taxonomy archive; decide indexability with Search Console,medium,yes
https://abadis-med.com/_customers/%d8%a8%db%8c%d9%85%d8%a7%d8%b1%d8%b3%d8%aa%d8%a7%d9%86-%d9%85%d9%87%d8%b1%da%af%d8%a7%d9%86/,fa,_customers,,yes,medium,https://abadis-med.com/_customers/%d8%a8%db%8c%d9%85%d8%a7%d8%b1%d8%b3%d8%aa%d8%a7%d9%86-%d9%85%d9%87%d8%b1%da%af%d8%a7%d9%86/,REVIEW,no,,FACT: JetEngine CPT/taxonomy archive; decide indexability with Search Console,medium,yes
https://abadis-med.com/_customers/%d8%a8%db%8c%d9%85%d8%a7%d8%b1%d8%b3%d8%aa%d8%a7%d9%86-%d8%b3%d9%84%d8%a7%d9%85%d8%aa-%d9%81%d8%b1%d8%af%d8%a7/,fa,_customers,,yes,medium,https://abadis-med.com/_customers/%d8%a8%db%8c%d9%85%d8%a7%d8%b1%d8%b3%d8%aa%d8%a7%d9%86-%d8%b3%d9%84%d8%a7%d9%85%d8%aa-%d9%81%d8%b1%d8%af%d8%a7/,REVIEW,no,,FACT: JetEngine CPT/taxonomy archive; decide indexability with Search Console,medium,yes
https://abadis-med.com/_customers/%d9%85%d8%b1%da%a9%d8%b2-%d9%be%d8%b2%d8%b4%da%a9%db%8c-%d8%b3%d9%87%d9%86%d8%af/,fa,_customers,,yes,medium,https://abadis-med.com/_customers/%d9%85%d8%b1%da%a9%d8%b2-%d9%be%d8%b2%d8%b4%da%a9%db%8c-%d8%b3%d9%87%d9%86%d8%af/,REVIEW,no,,FACT: JetEngine CPT/taxonomy archive; decide indexability with Search Console,medium,yes
https://abadis-med.com/_customers/%d8%a8%db%8c%d9%85%d8%a7%d8%b1%d8%b3%d8%aa%d8%a7%d9%86-%d8%b3%d9%88%d8%a7%d9%86%d8%ad-%d9%88-%d8%b3%d9%88%d8%ae%d8%aa%da%af%db%8c-%da%af%d9%86%d8%a7%d9%88%d9%87/,fa,_customers,,yes,medium,https://abadis-med.com/_customers/%d8%a8%db%8c%d9%85%d8%a7%d8%b1%d8%b3%d8%aa%d8%a7%d9%86-%d8%b3%d9%88%d8%a7%d9%86%d8%ad-%d9%88-%d8%b3%d9%88%d8%ae%d8%aa%da%af%db%8c-%da%af%d9%86%d8%a7%d9%88%d9%87/,REVIEW,no,,FACT: JetEngine CPT/taxonomy archive; decide indexability with Search Console,medium,yes
https://abadis-med.com/_customers/%d8%a8%db%8c%d9%85%d8%a7%d8%b1%d8%b3%d8%aa%d8%a7%d9%86-%d8%a7%d9%85%d8%a7%d9%85-%d8%ae%d9%85%db%8c%d9%86%db%8c-%da%a9%d9%86%da%af%d8%a7%d9%86/,fa,_customers,,yes,medium,https://abadis-med.com/_customers/%d8%a8%db%8c%d9%85%d8%a7%d8%b1%d8%b3%d8%aa%d8%a7%d9%86-%d8%a7%d9%85%d8%a7%d9%85-%d8%ae%d9%85%db%8c%d9%86%db%8c-%da%a9%d9%86%da%af%d8%a7%d9%86/,REVIEW,no,,FACT: JetEngine CPT/taxonomy archive; decide indexability with Search Console,medium,yes
https://abadis-med.com/_customers/%d8%a8%db%8c%d9%85%d8%a7%d8%b1%d8%b3%d8%aa%d8%a7%d9%86-%d8%b3%db%8c%d8%af-%d8%a7%d9%84%d8%b4%d9%87%d8%af%d8%a7/,fa,_customers,,yes,medium,https://abadis-med.com/_customers/%d8%a8%db%8c%d9%85%d8%a7%d8%b1%d8%b3%d8%aa%d8%a7%d9%86-%d8%b3%db%8c%d8%af-%d8%a7%d9%84%d8%b4%d9%87%d8%af%d8%a7/,REVIEW,no,,FACT: JetEngine CPT/taxonomy archive; decide indexability with Search Console,medium,yes
https://abadis-med.com/_customers/%d8%a7%db%8c%d8%b1%d8%a7%d9%86%db%8c%d8%a7%d9%86/,fa,_customers,,yes,medium,https://abadis-med.com/_customers/%d8%a7%db%8c%d8%b1%d8%a7%d9%86%db%8c%d8%a7%d9%86/,REVIEW,no,,FACT: JetEngine CPT/taxonomy archive; decide indexability with Search Console,medium,yes
https://abadis-med.com/_customers/%d8%a8%db%8c%d9%85%d8%a7%d8%b1%d8%b3%d8%aa%d8%a7%d9%86-%d9%81%d9%88%d9%82-%d8%aa%d8%ae%d8%b5%d8%b5%db%8c-%d9%85%d9%87%d8%b1-%d8%a7%d9%87%d9%88%d8%a7%d8%b2/,fa,_customers,,yes,medium,https://abadis-med.com/_customers/%d8%a8%db%8c%d9%85%d8%a7%d8%b1%d8%b3%d8%aa%d8%a7%d9%86-%d9%81%d9%88%d9%82-%d8%aa%d8%ae%d8%b5%d8%b5%db%8c-%d9%85%d9%87%d8%b1-%d8%a7%d9%87%d9%88%d8%a7%d8%b2/,REVIEW,no,,FACT: JetEngine CPT/taxonomy archive; decide indexability with Search Console,medium,yes
https://abadis-med.com/_customers/%d8%a8%db%8c%d9%85%d8%a7%d8%b1%d8%b3%d8%aa%d8%a7%d9%86-%d8%a2%d8%b1%db%8c%d8%a7/,fa,_customers,,yes,medium,https://abadis-med.com/_customers/%d8%a8%db%8c%d9%85%d8%a7%d8%b1%d8%b3%d8%aa%d8%a7%d9%86-%d8%a2%d8%b1%db%8c%d8%a7/,REVIEW,no,,FACT: JetEngine CPT/taxonomy archive; decide indexability with Search Console,medium,yes
https://abadis-med.com/_customers/%d8%a8%db%8c%d9%85%d8%a7%d8%b1%d8%b3%d8%aa%d8%a7%d9%86-%d9%86%db%8c%da%a9%d8%a7%d9%86-%d8%ba%d8%b1%d8%a8/,fa,_customers,,yes,medium,https://abadis-med.com/_customers/%d8%a8%db%8c%d9%85%d8%a7%d8%b1%d8%b3%d8%aa%d8%a7%d9%86-%d9%86%db%8c%da%a9%d8%a7%d9%86-%d8%ba%d8%b1%d8%a8/,REVIEW,no,,FACT: JetEngine CPT/taxonomy archive; decide indexability with Search Console,medium,yes
https://abadis-med.com/_customers/%d8%a8%db%8c%d9%85%d8%a7%d8%b1%d8%b3%d8%aa%d8%a7%d9%86-%d8%b4%d9%81%d8%a7-%d8%b3%d8%a7%d8%b1%db%8c/,fa,_customers,,yes,medium,https://abadis-med.com/_customers/%d8%a8%db%8c%d9%85%d8%a7%d8%b1%d8%b3%d8%aa%d8%a7%d9%86-%d8%b4%d9%81%d8%a7-%d8%b3%d8%a7%d8%b1%db%8c/,REVIEW,no,,FACT: JetEngine CPT/taxonomy archive; decide indexability with Search Console,medium,yes
https://abadis-med.com/_customers/%d8%a8%db%8c%d9%85%d8%a7%d8%b1%d8%b3%d8%aa%d8%a7%d9%86-%d9%be%d8%a7%d8%b3%d8%a7%d8%b1%da%af%d8%a7%d8%af/,fa,_customers,,yes,medium,https://abadis-med.com/_customers/%d8%a8%db%8c%d9%85%d8%a7%d8%b1%d8%b3%d8%aa%d8%a7%d9%86-%d9%be%d8%a7%d8%b3%d8%a7%d8%b1%da%af%d8%a7%d8%af/,REVIEW,no,,FACT: JetEngine CPT/taxonomy archive; decide indexability with Search Console,medium,yes
https://abadis-med.com/_customers/%d8%a8%db%8c%d9%85%d8%a7%d8%b1%d8%b3%d8%aa%d8%a7%d9%86-%d8%b4%d9%85%d8%a7%d9%84/,fa,_customers,,yes,medium,https://abadis-med.com/_customers/%d8%a8%db%8c%d9%85%d8%a7%d8%b1%d8%b3%d8%aa%d8%a7%d9%86-%d8%b4%d9%85%d8%a7%d9%84/,REVIEW,no,,FACT: JetEngine CPT/taxonomy archive; decide indexability with Search Console,medium,yes
https://abadis-med.com/_customers/%d8%a8%db%8c%d9%85%d8%a7%d8%b1%d8%b3%d8%aa%d8%a7%d9%86-%d8%aa%d9%87%d8%b1%d8%a7%d9%86/,fa,_customers,,yes,medium,https://abadis-med.com/_customers/%d8%a8%db%8c%d9%85%d8%a7%d8%b1%d8%b3%d8%aa%d8%a7%d9%86-%d8%aa%d9%87%d8%b1%d8%a7%d9%86/,REVIEW,no,,FACT: JetEngine CPT/taxonomy archive; decide indexability with Search Console,medium,yes
https://abadis-med.com/_customers/%d8%a8%db%8c%d9%85%d8%a7%d8%b1%d8%b3%d8%aa%d8%a7%d9%86-%d8%a2%d8%aa%db%8c%d9%87/,fa,_customers,,yes,medium,https://abadis-med.com/_customers/%d8%a8%db%8c%d9%85%d8%a7%d8%b1%d8%b3%d8%aa%d8%a7%d9%86-%d8%a2%d8%aa%db%8c%d9%87/,REVIEW,no,,FACT: JetEngine CPT/taxonomy archive; decide indexability with Search Console,medium,yes
https://abadis-med.com/_customers/%d9%85%d8%b1%da%a9%d8%b2%d9%be%d8%b2%d8%b4%da%a9%db%8c-%d9%be%d8%a7%d9%86%d8%b2%d8%af%d9%87-%d8%ae%d8%b1%d8%af%d8%a7%d8%af/,fa,_customers,,yes,medium,https://abadis-med.com/_customers/%d9%85%d8%b1%da%a9%d8%b2%d9%be%d8%b2%d8%b4%da%a9%db%8c-%d9%be%d8%a7%d9%86%d8%b2%d8%af%d9%87-%d8%ae%d8%b1%d8%af%d8%a7%d8%af/,REVIEW,no,,FACT: JetEngine CPT/taxonomy archive; decide indexability with Search Console,medium,yes
https://abadis-med.com/_customers/%d9%85%d8%ac%d8%aa%d9%85%d8%b9-%d8%af%d8%b1%d9%85%d8%a7%d9%86%db%8c-%d8%a2%d8%b2%d8%a7%d8%af%db%8c/,fa,_customers,,yes,medium,https://abadis-med.com/_customers/%d9%85%d8%ac%d8%aa%d9%85%d8%b9-%d8%af%d8%b1%d9%85%d8%a7%d9%86%db%8c-%d8%a2%d8%b2%d8%a7%d8%af%db%8c/,REVIEW,no,,FACT: JetEngine CPT/taxonomy archive; decide indexability with Search Console,medium,yes
https://abadis-med.com/_customers/%d8%a8%db%8c%d9%85%d8%a7%d8%b1%d8%b3%d8%aa%d8%a7%d9%86-%d8%af%da%a9%d8%aa%d8%b1-%d8%a7%d9%85%d8%a7%d9%85%db%8c/,fa,_customers,,yes,medium,https://abadis-med.com/_customers/%d8%a8%db%8c%d9%85%d8%a7%d8%b1%d8%b3%d8%aa%d8%a7%d9%86-%d8%af%da%a9%d8%aa%d8%b1-%d8%a7%d9%85%d8%a7%d9%85%db%8c/,REVIEW,no,,FACT: JetEngine CPT/taxonomy archive; decide indexability with Search Console,medium,yes
https://abadis-med.com/_customers/%d8%a8%db%8c%d9%85%d8%a7%d8%b1%d8%b3%d8%aa%d8%a7%d9%86-%d8%a8%d8%b9%d8%ab%d8%aa/,fa,_customers,,yes,medium,https://abadis-med.com/_customers/%d8%a8%db%8c%d9%85%d8%a7%d8%b1%d8%b3%d8%aa%d8%a7%d9%86-%d8%a8%d8%b9%d8%ab%d8%aa/,REVIEW,no,,FACT: JetEngine CPT/taxonomy archive; decide indexability with Search Console,medium,yes
https://abadis-med.com/_customers/%d8%a8%db%8c%d9%85%d8%a7%d8%b1%d8%b3%d8%aa%d8%a7%d9%86-%d8%a8%d9%87%d8%a8%d9%88%d8%af/,fa,_customers,,yes,medium,https://abadis-med.com/_customers/%d8%a8%db%8c%d9%85%d8%a7%d8%b1%d8%b3%d8%aa%d8%a7%d9%86-%d8%a8%d9%87%d8%a8%d9%88%d8%af/,REVIEW,no,,FACT: JetEngine CPT/taxonomy archive; decide indexability with Search Console,medium,yes
https://abadis-med.com/_customers/%d8%a8%db%8c%d9%85%d8%a7%d8%b1%d8%b3%d8%aa%d8%a7%d9%86-%d8%b4%d9%87%db%8c%d8%af-%da%86%d9%85%d8%b1%d8%a7%d9%86-%d8%b4%db%8c%d8%b1%d8%a7%d8%b2/,fa,_customers,,yes,medium,https://abadis-med.com/_customers/%d8%a8%db%8c%d9%85%d8%a7%d8%b1%d8%b3%d8%aa%d8%a7%d9%86-%d8%b4%d9%87%db%8c%d8%af-%da%86%d9%85%d8%b1%d8%a7%d9%86-%d8%b4%db%8c%d8%b1%d8%a7%d8%b2/,REVIEW,no,,FACT: JetEngine CPT/taxonomy archive; decide indexability with Search Console,medium,yes
https://abadis-med.com/_customers/%d8%a8%db%8c%d9%85%d8%a7%d8%b1%d8%b3%d8%aa%d8%a7%d9%86-%d8%af%da%a9%d8%aa%d8%b1-%d9%85%d8%ac%db%8c%d8%a8%db%8c%d8%a7%d9%86-%db%8c%d8%b2%d8%af/,fa,_customers,,yes,medium,https://abadis-med.com/_customers/%d8%a8%db%8c%d9%85%d8%a7%d8%b1%d8%b3%d8%aa%d8%a7%d9%86-%d8%af%da%a9%d8%aa%d8%b1-%d9%85%d8%ac%db%8c%d8%a8%db%8c%d8%a7%d9%86-%db%8c%d8%b2%d8%af/,REVIEW,no,,FACT: JetEngine CPT/taxonomy archive; decide indexability with Search Console,medium,yes
https://abadis-med.com/_customers/%d9%85%d8%b1%da%a9%d8%b2-%d8%a2%d9%85%d9%88%d8%b2%d8%b4%db%8c-%d8%af%d8%b1%d9%85%d8%a7%d9%86%db%8c-%d8%ad%d8%b6%d8%b1%d8%aa-%d8%b2%db%8c%d9%86%d8%a8/,fa,_customers,,yes,medium,https://abadis-med.com/_customers/%d9%85%d8%b1%da%a9%d8%b2-%d8%a2%d9%85%d9%88%d8%b2%d8%b4%db%8c-%d8%af%d8%b1%d9%85%d8%a7%d9%86%db%8c-%d8%ad%d8%b6%d8%b1%d8%aa-%d8%b2%db%8c%d9%86%d8%a8/,REVIEW,no,,FACT: JetEngine CPT/taxonomy archive; decide indexability with Search Console,medium,yes
https://abadis-med.com/_customers/%d8%a8%db%8c%d9%85%d8%a7%d8%b1%d8%b3%d8%aa%d8%a7%d9%86-%d8%b3%db%8c%d8%af%d8%a7%d9%84%d8%b4%d9%87%d8%af%d8%a7-%db%8c%d8%b2%d8%af/,fa,_customers,,yes,medium,https://abadis-med.com/_customers/%d8%a8%db%8c%d9%85%d8%a7%d8%b1%d8%b3%d8%aa%d8%a7%d9%86-%d8%b3%db%8c%d8%af%d8%a7%d9%84%d8%b4%d9%87%d8%af%d8%a7-%db%8c%d8%b2%d8%af/,REVIEW,no,,FACT: JetEngine CPT/taxonomy archive; decide indexability with Search Console,medium,yes
https://abadis-med.com/_customers/%d8%a8%db%8c%d9%85%d8%a7%d8%b1%d8%b3%d8%aa%d8%a7%d9%86-%d8%a8%d8%a7%d9%86%da%a9-%d9%85%d9%84%db%8c/,fa,_customers,,yes,medium,https://abadis-med.com/_customers/%d8%a8%db%8c%d9%85%d8%a7%d8%b1%d8%b3%d8%aa%d8%a7%d9%86-%d8%a8%d8%a7%d9%86%da%a9-%d9%85%d9%84%db%8c/,REVIEW,no,,FACT: JetEngine CPT/taxonomy archive; decide indexability with Search Console,medium,yes
https://abadis-med.com/_customers/%d8%a8%db%8c%d9%85%d8%a7%d8%b1%d8%b3%d8%aa%d8%a7%d9%86-%d8%a8%db%8c%d8%b3%d8%aa%d9%88%d9%86-%da%a9%d8%b1%d9%85%d8%a7%d9%86%d8%b4%d8%a7%d9%87/,fa,_customers,,yes,medium,https://abadis-med.com/_customers/%d8%a8%db%8c%d9%85%d8%a7%d8%b1%d8%b3%d8%aa%d8%a7%d9%86-%d8%a8%db%8c%d8%b3%d8%aa%d9%88%d9%86-%da%a9%d8%b1%d9%85%d8%a7%d9%86%d8%b4%d8%a7%d9%87/,REVIEW,no,,FACT: JetEngine CPT/taxonomy archive; decide indexability with Search Console,medium,yes
https://abadis-med.com/_customers/%d9%85%d8%b1%da%a9%d8%b2-%d8%ac%d8%b1%d8%a7%d8%ad%db%8c-%d9%85%d8%ad%d8%af%d9%88%d8%af-%d9%81%d8%a7%d8%b7%d9%85%d9%87-%d8%b2%d9%87%d8%b1%d8%a7-%d8%b3-%d8%b4%d9%87%d8%b1%d8%b1%db%8c/,fa,_customers,,yes,medium,https://abadis-med.com/_customers/%d9%85%d8%b1%da%a9%d8%b2-%d8%ac%d8%b1%d8%a7%d8%ad%db%8c-%d9%85%d8%ad%d8%af%d9%88%d8%af-%d9%81%d8%a7%d8%b7%d9%85%d9%87-%d8%b2%d9%87%d8%b1%d8%a7-%d8%b3-%d8%b4%d9%87%d8%b1%d8%b1%db%8c/,REVIEW,no,,FACT: JetEngine CPT/taxonomy archive; decide indexability with Search Console,medium,yes
https://abadis-med.com/_customers/%d8%a8%db%8c%d9%85%d8%a7%d8%b1%d8%b3%d8%aa%d8%a7%d9%86-%d9%be%db%8c%d8%a7%d9%85%d8%a8%d8%b1%d8%a7%d9%86-%d8%aa%d9%87%d8%b1%d8%a7%d9%86/,fa,_customers,,yes,medium,https://abadis-med.com/_customers/%d8%a8%db%8c%d9%85%d8%a7%d8%b1%d8%b3%d8%aa%d8%a7%d9%86-%d9%be%db%8c%d8%a7%d9%85%d8%a8%d8%b1%d8%a7%d9%86-%d8%aa%d9%87%d8%b1%d8%a7%d9%86/,REVIEW,no,,FACT: JetEngine CPT/taxonomy archive; decide indexability with Search Console,medium,yes
https://abadis-med.com/_customers/%d8%a8%db%8c%d9%85%d8%a7%d8%b1%d8%b3%d8%aa%d8%a7%d9%86-%da%86%d8%b4%d9%85-%d9%be%d8%b2%d8%b4%da%a9%db%8c-%d8%af%da%a9%d8%aa%d8%b1-%d8%ac%d9%88%d8%a7%d8%af%db%8c/,fa,_customers,,yes,medium,https://abadis-med.com/_customers/%d8%a8%db%8c%d9%85%d8%a7%d8%b1%d8%b3%d8%aa%d8%a7%d9%86-%da%86%d8%b4%d9%85-%d9%be%d8%b2%d8%b4%da%a9%db%8c-%d8%af%da%a9%d8%aa%d8%b1-%d8%ac%d9%88%d8%a7%d8%af%db%8c/,REVIEW,no,,FACT: JetEngine CPT/taxonomy archive; decide indexability with Search Console,medium,yes
https://abadis-med.com/_customers/%d8%af%d8%a7%d9%86%d8%b4%da%af%d8%a7%d9%87-%d8%b9%d9%84%d9%88%d9%85-%d9%be%d8%b2%d8%b4%da%a9%db%8c-%d9%88-%d8%ae%d8%af%d9%85%d8%a7%d8%aa-%d8%a8%d9%87%d8%af%d8%a7%d8%b4%d8%aa%db%8c-%d8%af%d8%b1%d9%85-3/,fa,_customers,,yes,medium,https://abadis-med.com/_customers/%d8%af%d8%a7%d9%86%d8%b4%da%af%d8%a7%d9%87-%d8%b9%d9%84%d9%88%d9%85-%d9%be%d8%b2%d8%b4%da%a9%db%8c-%d9%88-%d8%ae%d8%af%d9%85%d8%a7%d8%aa-%d8%a8%d9%87%d8%af%d8%a7%d8%b4%d8%aa%db%8c-%d8%af%d8%b1%d9%85-3/,REVIEW,no,,FACT: JetEngine CPT/taxonomy archive; decide indexability with Search Console,medium,yes
https://abadis-med.com/_customers/%d8%a8%db%8c%d9%85%d8%a7%d8%b1%d8%b3%d8%aa%d8%a7%d9%86-%da%a9%d9%88%d8%af%da%a9%d8%a7%d9%86-%d8%a8%d9%87%d8%b1%d8%a7%d9%85%db%8c/,fa,_customers,,yes,medium,https://abadis-med.com/_customers/%d8%a8%db%8c%d9%85%d8%a7%d8%b1%d8%b3%d8%aa%d8%a7%d9%86-%da%a9%d9%88%d8%af%da%a9%d8%a7%d9%86-%d8%a8%d9%87%d8%b1%d8%a7%d9%85%db%8c/,REVIEW,no,,FACT: JetEngine CPT/taxonomy archive; decide indexability with Search Console,medium,yes
https://abadis-med.com/_customers/%d8%a8%db%8c%d9%85%d8%a7%d8%b1%d8%b3%d8%aa%d8%a7%d9%86-%d8%aa%d9%88%d8%b3/,fa,_customers,,yes,medium,https://abadis-med.com/_customers/%d8%a8%db%8c%d9%85%d8%a7%d8%b1%d8%b3%d8%aa%d8%a7%d9%86-%d8%aa%d9%88%d8%b3/,REVIEW,no,,FACT: JetEngine CPT/taxonomy archive; decide indexability with Search Console,medium,yes
https://abadis-med.com/_customers/%d8%a8%db%8c%d9%85%d8%a7%d8%b1%d8%b3%d8%aa%d8%a7%d9%86-%d9%86%d8%ac%d9%85%db%8c%d9%87/,fa,_customers,,yes,medium,https://abadis-med.com/_customers/%d8%a8%db%8c%d9%85%d8%a7%d8%b1%d8%b3%d8%aa%d8%a7%d9%86-%d9%86%d8%ac%d9%85%db%8c%d9%87/,REVIEW,no,,FACT: JetEngine CPT/taxonomy archive; decide indexability with Search Console,medium,yes
https://abadis-med.com/_customers/%d8%a8%db%8c%d9%85%d8%a7%d8%b1%d8%b3%d8%aa%d8%a7%d9%86-%d9%85%d8%b1%da%a9%d8%b2-%d8%b7%d8%a8%db%8c-%da%a9%d9%88%d8%af%da%a9%d8%a7%d9%86/,fa,_customers,,yes,medium,https://abadis-med.com/_customers/%d8%a8%db%8c%d9%85%d8%a7%d8%b1%d8%b3%d8%aa%d8%a7%d9%86-%d9%85%d8%b1%da%a9%d8%b2-%d8%b7%d8%a8%db%8c-%da%a9%d9%88%d8%af%da%a9%d8%a7%d9%86/,REVIEW,no,,FACT: JetEngine CPT/taxonomy archive; decide indexability with Search Console,medium,yes
https://abadis-med.com/_customers/%d8%a8%db%8c%d9%85%d8%a7%d8%b1%d8%b3%d8%aa%d8%a7%d9%86-%d8%a2%d8%b1%d8%a7%d8%af/,fa,_customers,,yes,medium,https://abadis-med.com/_customers/%d8%a8%db%8c%d9%85%d8%a7%d8%b1%d8%b3%d8%aa%d8%a7%d9%86-%d8%a2%d8%b1%d8%a7%d8%af/,REVIEW,no,,FACT: JetEngine CPT/taxonomy archive; decide indexability with Search Console,medium,yes
https://abadis-med.com/_customers/%d8%a8%db%8c%d9%85%d8%a7%d8%b1%d8%b3%d8%aa%d8%a7%d9%86-%d9%85%db%8c%d9%84%d8%a7%d8%af/,fa,_customers,,yes,medium,https://abadis-med.com/_customers/%d8%a8%db%8c%d9%85%d8%a7%d8%b1%d8%b3%d8%aa%d8%a7%d9%86-%d9%85%db%8c%d9%84%d8%a7%d8%af/,REVIEW,no,,FACT: JetEngine CPT/taxonomy archive; decide indexability with Search Console,medium,yes
https://abadis-med.com/_customers/%d8%a8%db%8c%d9%85%d8%a7%d8%b1%d8%b3%d8%aa%d8%a7%d9%86-%d8%a2%d8%b3%db%8c%d8%a7/,fa,_customers,,yes,medium,https://abadis-med.com/_customers/%d8%a8%db%8c%d9%85%d8%a7%d8%b1%d8%b3%d8%aa%d8%a7%d9%86-%d8%a2%d8%b3%db%8c%d8%a7/,REVIEW,no,,FACT: JetEngine CPT/taxonomy archive; decide indexability with Search Console,medium,yes
https://abadis-med.com/_customers/%d8%a8%db%8c%d9%85%d8%a7%d8%b1%d8%b3%d8%aa%d8%a7%d9%86-eghbal/,fa,_customers,,yes,medium,https://abadis-med.com/_customers/%d8%a8%db%8c%d9%85%d8%a7%d8%b1%d8%b3%d8%aa%d8%a7%d9%86-eghbal/,REVIEW,no,,FACT: JetEngine CPT/taxonomy archive; decide indexability with Search Console,medium,yes
https://abadis-med.com/_customers/%d8%a8%db%8c%d9%85%d8%a7%d8%b1%d8%b3%d8%aa%d8%a7%d9%86-%d8%a8%d9%82%db%8c%d9%87-%d8%a7%d9%84%d9%84%d9%87/,fa,_customers,,yes,medium,https://abadis-med.com/_customers/%d8%a8%db%8c%d9%85%d8%a7%d8%b1%d8%b3%d8%aa%d8%a7%d9%86-%d8%a8%d9%82%db%8c%d9%87-%d8%a7%d9%84%d9%84%d9%87/,REVIEW,no,,FACT: JetEngine CPT/taxonomy archive; decide indexability with Search Console,medium,yes
https://abadis-med.com/_customers/%d9%85%d8%b1%da%a9%d8%b2-%d8%a2%d9%85%d9%88%d8%b2%d8%b4-%d8%aa%d8%ad%d9%82%db%8c%d9%82%d8%a7%d8%aa%db%8c-%d9%88-%d8%af%d8%b1%d9%85%d8%a7%d9%86%db%8c-%d9%82%d9%84%d8%a8-%d9%88-%d8%b9%d8%b1%d9%88%d9%82/,fa,_customers,,yes,medium,https://abadis-med.com/_customers/%d9%85%d8%b1%da%a9%d8%b2-%d8%a2%d9%85%d9%88%d8%b2%d8%b4-%d8%aa%d8%ad%d9%82%db%8c%d9%82%d8%a7%d8%aa%db%8c-%d9%88-%d8%af%d8%b1%d9%85%d8%a7%d9%86%db%8c-%d9%82%d9%84%d8%a8-%d9%88-%d8%b9%d8%b1%d9%88%d9%82/,REVIEW,no,,FACT: JetEngine CPT/taxonomy archive; decide indexability with Search Console,medium,yes
https://abadis-med.com/_customers/%da%a9%d9%84%db%8c%d9%86%db%8c%da%a9-%d8%b1%d8%a7%d8%b2%db%8c/,fa,_customers,,yes,medium,https://abadis-med.com/_customers/%da%a9%d9%84%db%8c%d9%86%db%8c%da%a9-%d8%b1%d8%a7%d8%b2%db%8c/,REVIEW,no,,FACT: JetEngine CPT/taxonomy archive; decide indexability with Search Console,medium,yes
https://abadis-med.com/_customers/%d8%a8%db%8c%d9%85%d8%a7%d8%b1%d8%b3%d8%aa%d8%a7%d9%86-%d9%85%d8%ad%d8%a8-%d9%85%d9%87%d8%b1/,fa,_customers,,yes,medium,https://abadis-med.com/_customers/%d8%a8%db%8c%d9%85%d8%a7%d8%b1%d8%b3%d8%aa%d8%a7%d9%86-%d9%85%d8%ad%d8%a8-%d9%85%d9%87%d8%b1/,REVIEW,no,,FACT: JetEngine CPT/taxonomy archive; decide indexability with Search Console,medium,yes
https://abadis-med.com/_customers/%d8%a8%db%8c%d9%85%d8%a7%d8%b1%d8%b3%d8%aa%d8%a7%d9%86-%d9%85%d9%87%d8%b1%d8%a2%db%8c%db%8c%d9%86-%d9%84%d9%88%d8%a7%d8%b3%d8%a7%d9%86/,fa,_customers,,yes,medium,https://abadis-med.com/_customers/%d8%a8%db%8c%d9%85%d8%a7%d8%b1%d8%b3%d8%aa%d8%a7%d9%86-%d9%85%d9%87%d8%b1%d8%a2%db%8c%db%8c%d9%86-%d9%84%d9%88%d8%a7%d8%b3%d8%a7%d9%86/,REVIEW,no,,FACT: JetEngine CPT/taxonomy archive; decide indexability with Search Console,medium,yes
https://abadis-med.com/_customers/%d9%85%d8%b1%da%a9%d8%b2-%d8%a2%d9%85%d9%88%d8%b2%d8%b4-%d8%af%d8%b1%d9%85%d8%a7%d9%86%db%8c-%d8%a7%d9%81%d8%b6%d9%84%db%8c-%d9%be%d9%88%d8%b1-%da%a9%d8%b1%d9%85%d8%a7%d9%86/,fa,_customers,,yes,medium,https://abadis-med.com/_customers/%d9%85%d8%b1%da%a9%d8%b2-%d8%a2%d9%85%d9%88%d8%b2%d8%b4-%d8%af%d8%b1%d9%85%d8%a7%d9%86%db%8c-%d8%a7%d9%81%d8%b6%d9%84%db%8c-%d9%be%d9%88%d8%b1-%da%a9%d8%b1%d9%85%d8%a7%d9%86/,REVIEW,no,,FACT: JetEngine CPT/taxonomy archive; decide indexability with Search Console,medium,yes
https://abadis-med.com/_customers/%d8%a8%db%8c%d9%85%d8%a7%d8%b1%d8%b3%d8%aa%d8%a7%d9%86-%d9%86%db%8c%da%a9%d8%a7%d9%86/,fa,_customers,,yes,medium,https://abadis-med.com/_customers/%d8%a8%db%8c%d9%85%d8%a7%d8%b1%d8%b3%d8%aa%d8%a7%d9%86-%d9%86%db%8c%da%a9%d8%a7%d9%86/,REVIEW,no,,FACT: JetEngine CPT/taxonomy archive; decide indexability with Search Console,medium,yes
https://abadis-med.com/_customers/%d9%85%d9%88%d8%b3%d8%b3%d9%87-%d8%ae%db%8c%d8%b1%db%8c%d9%87-%d9%85%d8%ad%da%a9/,fa,_customers,,yes,medium,https://abadis-med.com/_customers/%d9%85%d9%88%d8%b3%d8%b3%d9%87-%d8%ae%db%8c%d8%b1%db%8c%d9%87-%d9%85%d8%ad%da%a9/,REVIEW,no,,FACT: JetEngine CPT/taxonomy archive; decide indexability with Search Console,medium,yes
https://abadis-med.com/_customers/%d9%85%d8%b1%da%a9%d8%b2-%d8%ac%d8%b1%d8%a7%d8%ad%db%8c-%d9%85%d8%ad%d8%af%d9%88%d8%af-%d9%86%db%8c%d8%a7%d9%88%d8%b1%d8%a7%d9%86/,fa,_customers,,yes,medium,https://abadis-med.com/_customers/%d9%85%d8%b1%da%a9%d8%b2-%d8%ac%d8%b1%d8%a7%d8%ad%db%8c-%d9%85%d8%ad%d8%af%d9%88%d8%af-%d9%86%db%8c%d8%a7%d9%88%d8%b1%d8%a7%d9%86/,REVIEW,no,,FACT: JetEngine CPT/taxonomy archive; decide indexability with Search Console,medium,yes
https://abadis-med.com/_customers/%d9%85%d8%b1%da%a9%d8%b2-%d8%af%d8%b1%d9%85%d8%a7%d9%86%db%8c-%d9%88-%d8%ac%d8%b1%d8%a7%d8%ad%db%8c-%d8%af%d8%b1%d9%85%d8%a7%d9%86-%d8%a8%d9%87%d8%a7%d8%b1/,fa,_customers,,yes,medium,https://abadis-med.com/_customers/%d9%85%d8%b1%da%a9%d8%b2-%d8%af%d8%b1%d9%85%d8%a7%d9%86%db%8c-%d9%88-%d8%ac%d8%b1%d8%a7%d8%ad%db%8c-%d8%af%d8%b1%d9%85%d8%a7%d9%86-%d8%a8%d9%87%d8%a7%d8%b1/,REVIEW,no,,FACT: JetEngine CPT/taxonomy archive; decide indexability with Search Console,medium,yes
https://abadis-med.com/_customers/%d8%a8%db%8c%d9%85%d8%a7%d8%b1%d8%b3%d8%aa%d8%a7%d9%86-%d9%85%db%8c%d9%84%d8%a7%d8%af-%d8%a7%d8%b5%d9%81%d9%87%d8%a7%d9%86/,fa,_customers,,yes,medium,https://abadis-med.com/_customers/%d8%a8%db%8c%d9%85%d8%a7%d8%b1%d8%b3%d8%aa%d8%a7%d9%86-%d9%85%db%8c%d9%84%d8%a7%d8%af-%d8%a7%d8%b5%d9%81%d9%87%d8%a7%d9%86/,REVIEW,no,,FACT: JetEngine CPT/taxonomy archive; decide indexability with Search Console,medium,yes
https://abadis-med.com/_customers/%d9%85%d8%b1%da%a9%d8%b2-%d9%be%d8%b2%d8%b4%da%a9%db%8c-%d8%a2%d9%85%d9%88%d8%b2%d8%b4%db%8c-%d9%88-%d8%af%d8%b1%d9%85%d8%a7%d9%86%db%8c-%d9%85%d9%87%d8%af%db%8c%d9%87/,fa,_customers,,yes,medium,https://abadis-med.com/_customers/%d9%85%d8%b1%da%a9%d8%b2-%d9%be%d8%b2%d8%b4%da%a9%db%8c-%d8%a2%d9%85%d9%88%d8%b2%d8%b4%db%8c-%d9%88-%d8%af%d8%b1%d9%85%d8%a7%d9%86%db%8c-%d9%85%d9%87%d8%af%db%8c%d9%87/,REVIEW,no,,FACT: JetEngine CPT/taxonomy archive; decide indexability with Search Console,medium,yes
https://abadis-med.com/_customers/%d8%a8%db%8c%d9%85%d8%a7%d8%b1%d8%b3%d8%aa%d8%a7%d9%86-%d9%81%d9%88%d9%82-%d8%aa%d8%ae%d8%b5%d8%b5%db%8c-%d8%ba%d8%b1%d8%b6%db%8c-%d8%a7%d8%b5%d9%81%d9%87%d8%a7%d9%86/,fa,_customers,,yes,medium,https://abadis-med.com/_customers/%d8%a8%db%8c%d9%85%d8%a7%d8%b1%d8%b3%d8%aa%d8%a7%d9%86-%d9%81%d9%88%d9%82-%d8%aa%d8%ae%d8%b5%d8%b5%db%8c-%d8%ba%d8%b1%d8%b6%db%8c-%d8%a7%d8%b5%d9%81%d9%87%d8%a7%d9%86/,REVIEW,no,,FACT: JetEngine CPT/taxonomy archive; decide indexability with Search Console,medium,yes
https://abadis-med.com/_customers/%d8%a8%db%8c%d9%85%d8%a7%d8%b1%d8%b3%d8%aa%d8%a7%d9%86-%d9%85%d8%a7%d8%af%d8%b1%d8%a7%d9%86/,fa,_customers,,yes,medium,https://abadis-med.com/_customers/%d8%a8%db%8c%d9%85%d8%a7%d8%b1%d8%b3%d8%aa%d8%a7%d9%86-%d9%85%d8%a7%d8%af%d8%b1%d8%a7%d9%86/,REVIEW,no,,FACT: JetEngine CPT/taxonomy archive; decide indexability with Search Console,medium,yes
https://abadis-med.com/_customers/%d8%a8%db%8c%d9%85%d8%a7%d8%b1%d8%b3%d8%aa%d8%a7%d9%86-%d8%a8%d8%a7%d8%b2%d8%b1%da%af%d8%a7%d9%86%d8%a7%d9%86/,fa,_customers,,yes,medium,https://abadis-med.com/_customers/%d8%a8%db%8c%d9%85%d8%a7%d8%b1%d8%b3%d8%aa%d8%a7%d9%86-%d8%a8%d8%a7%d8%b2%d8%b1%da%af%d8%a7%d9%86%d8%a7%d9%86/,REVIEW,no,,FACT: JetEngine CPT/taxonomy archive; decide indexability with Search Console,medium,yes
https://abadis-med.com/_customers/%d8%a8%db%8c%d9%85%d8%a7%d8%b1%d8%b3%d8%aa%d8%a7%d9%86-%d8%a7%d9%85%db%8c%d8%af/,fa,_customers,,yes,medium,https://abadis-med.com/_customers/%d8%a8%db%8c%d9%85%d8%a7%d8%b1%d8%b3%d8%aa%d8%a7%d9%86-%d8%a7%d9%85%db%8c%d8%af/,REVIEW,no,,FACT: JetEngine CPT/taxonomy archive; decide indexability with Search Console,medium,yes
https://abadis-med.com/_customers/%d8%a8%db%8c%d9%85%d8%a7%d8%b1%d8%b3%d8%aa%d8%a7%d9%86-%d8%a7%db%8c%d8%b1%d8%a7%d9%86%d8%b4%d9%87%d8%b1/,fa,_customers,,yes,medium,https://abadis-med.com/_customers/%d8%a8%db%8c%d9%85%d8%a7%d8%b1%d8%b3%d8%aa%d8%a7%d9%86-%d8%a7%db%8c%d8%b1%d8%a7%d9%86%d8%b4%d9%87%d8%b1/,REVIEW,no,,FACT: JetEngine CPT/taxonomy archive; decide indexability with Search Console,medium,yes
https://abadis-med.com/_customers/%d8%a8%db%8c%d9%85%d8%a7%d8%b1%d8%b3%d8%aa%d8%a7%d9%86-%d8%b4%d9%87%db%8c%d8%af-%d8%af%da%a9%d8%aa%d8%b1-%d8%b1%d9%87%d9%86%d9%85%d9%88%d9%86/,fa,_customers,,yes,medium,https://abadis-med.com/_customers/%d8%a8%db%8c%d9%85%d8%a7%d8%b1%d8%b3%d8%aa%d8%a7%d9%86-%d8%b4%d9%87%db%8c%d8%af-%d8%af%da%a9%d8%aa%d8%b1-%d8%b1%d9%87%d9%86%d9%85%d9%88%d9%86/,REVIEW,no,,FACT: JetEngine CPT/taxonomy archive; decide indexability with Search Console,medium,yes
https://abadis-med.com/_customers/%d8%a8%db%8c%d9%85%d8%a7%d8%b1%d8%b3%d8%aa%d8%a7%d9%86-%d9%88%d9%84%db%8c%d8%b9%d8%b5%d8%b1-%d8%aa%d8%a8%d8%b1%db%8c%d8%b2/,fa,_customers,,yes,medium,https://abadis-med.com/_customers/%d8%a8%db%8c%d9%85%d8%a7%d8%b1%d8%b3%d8%aa%d8%a7%d9%86-%d9%88%d9%84%db%8c%d8%b9%d8%b5%d8%b1-%d8%aa%d8%a8%d8%b1%db%8c%d8%b2/,REVIEW,no,,FACT: JetEngine CPT/taxonomy archive; decide indexability with Search Console,medium,yes
https://abadis-med.com/_customers/%d8%af%d8%a7%d9%86%d8%b4%da%af%d8%a7%d9%87-%d8%b9%d9%84%d9%88%d9%85-%d9%be%d8%b2%d8%b4%da%a9%db%8c-%d9%88-%d8%ae%d8%af%d9%85%d8%a7%d8%aa-%d8%a8%d9%87%d8%af%d8%a7%d8%b4%d8%aa%db%8c-%d8%af%d8%b1%d9%85/,fa,_customers,,yes,medium,https://abadis-med.com/_customers/%d8%af%d8%a7%d9%86%d8%b4%da%af%d8%a7%d9%87-%d8%b9%d9%84%d9%88%d9%85-%d9%be%d8%b2%d8%b4%da%a9%db%8c-%d9%88-%d8%ae%d8%af%d9%85%d8%a7%d8%aa-%d8%a8%d9%87%d8%af%d8%a7%d8%b4%d8%aa%db%8c-%d8%af%d8%b1%d9%85/,REVIEW,no,,FACT: JetEngine CPT/taxonomy archive; decide indexability with Search Console,medium,yes
https://abadis-med.com/_customers/%d8%af%d8%a7%d9%86%d8%b4%da%af%d8%a7%d9%87-%d8%b9%d9%84%d9%88%d9%85-%d9%be%d8%b2%d8%b4%da%a9%db%8c-%d9%88-%d8%ae%d8%af%d9%85%d8%a7%d8%aa-%d8%a8%d9%87%d8%af%d8%a7%d8%b4%d8%aa%db%8c-%d8%af%d8%b1%d9%85-2/,fa,_customers,,yes,medium,https://abadis-med.com/_customers/%d8%af%d8%a7%d9%86%d8%b4%da%af%d8%a7%d9%87-%d8%b9%d9%84%d9%88%d9%85-%d9%be%d8%b2%d8%b4%da%a9%db%8c-%d9%88-%d8%ae%d8%af%d9%85%d8%a7%d8%aa-%d8%a8%d9%87%d8%af%d8%a7%d8%b4%d8%aa%db%8c-%d8%af%d8%b1%d9%85-2/,REVIEW,no,,FACT: JetEngine CPT/taxonomy archive; decide indexability with Search Console,medium,yes
https://abadis-med.com/_customers/%d8%a8%db%8c%d9%85%d8%a7%d8%b1%d8%b3%d8%aa%d8%a7%d9%86-%d8%b4%d9%87%db%8c%d8%af-%d8%b4%d9%88%d8%b1%db%8c%d8%af%d9%87/,fa,_customers,,yes,medium,https://abadis-med.com/_customers/%d8%a8%db%8c%d9%85%d8%a7%d8%b1%d8%b3%d8%aa%d8%a7%d9%86-%d8%b4%d9%87%db%8c%d8%af-%d8%b4%d9%88%d8%b1%db%8c%d8%af%d9%87/,REVIEW,no,,FACT: JetEngine CPT/taxonomy archive; decide indexability with Search Console,medium,yes
https://abadis-med.com/_customers/%d8%a8%db%8c%d9%85%d8%a7%d8%b1%d8%b3%d8%aa%d8%a7%d9%86-%d8%b3%d9%88%d8%b1%d9%86%d8%a7/,fa,_customers,,yes,medium,https://abadis-med.com/_customers/%d8%a8%db%8c%d9%85%d8%a7%d8%b1%d8%b3%d8%aa%d8%a7%d9%86-%d8%b3%d9%88%d8%b1%d9%86%d8%a7/,REVIEW,no,,FACT: JetEngine CPT/taxonomy archive; decide indexability with Search Console,medium,yes
https://abadis-med.com/_customers/%d8%a8%db%8c%d9%85%d8%a7%d8%b1%d8%b3%d8%aa%d8%a7%d9%86-%d8%a2%d9%be%d8%a7%d8%af%d8%a7%d9%86%d8%a7/,fa,_customers,,yes,medium,https://abadis-med.com/_customers/%d8%a8%db%8c%d9%85%d8%a7%d8%b1%d8%b3%d8%aa%d8%a7%d9%86-%d8%a2%d9%be%d8%a7%d8%af%d8%a7%d9%86%d8%a7/,REVIEW,no,,FACT: JetEngine CPT/taxonomy archive; decide indexability with Search Console,medium,yes
https://abadis-med.com/_customers/%d8%a8%db%8c%d9%85%d8%a7%d8%b1%d8%b3%d8%aa%d8%a7%d9%86-%d8%b4%d9%87%d8%b1%db%8c%d8%a7%d8%b1/,fa,_customers,,yes,medium,https://abadis-med.com/_customers/%d8%a8%db%8c%d9%85%d8%a7%d8%b1%d8%b3%d8%aa%d8%a7%d9%86-%d8%b4%d9%87%d8%b1%db%8c%d8%a7%d8%b1/,REVIEW,no,,FACT: JetEngine CPT/taxonomy archive; decide indexability with Search Console,medium,yes
https://abadis-med.com/_customers/%d8%a8%db%8c%d9%85%d8%a7%d8%b1%d8%b3%d8%aa%d8%a7%d9%86-%d8%b4%d9%87%db%8c%d8%af-%d9%85%d8%ad%d9%84%d8%a7%d8%aa%db%8c-%d8%aa%d8%a8%d8%b1%db%8c%d8%b2/,fa,_customers,,yes,medium,https://abadis-med.com/_customers/%d8%a8%db%8c%d9%85%d8%a7%d8%b1%d8%b3%d8%aa%d8%a7%d9%86-%d8%b4%d9%87%db%8c%d8%af-%d9%85%d8%ad%d9%84%d8%a7%d8%aa%db%8c-%d8%aa%d8%a8%d8%b1%db%8c%d8%b2/,REVIEW,no,,FACT: JetEngine CPT/taxonomy archive; decide indexability with Search Console,medium,yes
https://abadis-med.com/_customers/%d8%a8%db%8c%d9%85%d8%a7%d8%b1%d8%b3%d8%aa%d8%a7%d9%86-%d8%a7%d9%85%db%8c%d8%af-2/,fa,_customers,,yes,medium,https://abadis-med.com/_customers/%d8%a8%db%8c%d9%85%d8%a7%d8%b1%d8%b3%d8%aa%d8%a7%d9%86-%d8%a7%d9%85%db%8c%d8%af-2/,REVIEW,no,,FACT: JetEngine CPT/taxonomy archive; decide indexability with Search Console,medium,yes
https://abadis-med.com/_customers/%d8%a8%db%8c%d9%85%d8%a7%d8%b1%d8%b3%d8%aa%d8%a7%d9%86-%db%8c%d8%a7%d8%b3/,fa,_customers,,yes,medium,https://abadis-med.com/_customers/%d8%a8%db%8c%d9%85%d8%a7%d8%b1%d8%b3%d8%aa%d8%a7%d9%86-%db%8c%d8%a7%d8%b3/,REVIEW,no,,FACT: JetEngine CPT/taxonomy archive; decide indexability with Search Console,medium,yes
https://abadis-med.com/_customers/%d8%af%d8%b1%d9%85%d8%a7%d9%86%da%af%d8%a7%d9%87-%d8%b4%d8%a8%d8%a7%d9%86%d9%87-%d8%b1%d9%88%d8%b2%db%8c-%d8%af%d8%b1%d9%86%db%8c%d8%a7%d9%86/,fa,_customers,,yes,medium,https://abadis-med.com/_customers/%d8%af%d8%b1%d9%85%d8%a7%d9%86%da%af%d8%a7%d9%87-%d8%b4%d8%a8%d8%a7%d9%86%d9%87-%d8%b1%d9%88%d8%b2%db%8c-%d8%af%d8%b1%d9%86%db%8c%d8%a7%d9%86/,REVIEW,no,,FACT: JetEngine CPT/taxonomy archive; decide indexability with Search Console,medium,yes
https://abadis-med.com/_customers/%da%a9%d9%84%db%8c%d9%86%db%8c%da%a9-%d9%85%d8%b1%da%a9%d8%b2%db%8c-%d8%b4%d9%87%d8%b1/,fa,_customers,,yes,medium,https://abadis-med.com/_customers/%da%a9%d9%84%db%8c%d9%86%db%8c%da%a9-%d9%85%d8%b1%da%a9%d8%b2%db%8c-%d8%b4%d9%87%d8%b1/,REVIEW,no,,FACT: JetEngine CPT/taxonomy archive; decide indexability with Search Console,medium,yes
https://abadis-med.com/_customers/%d8%a8%db%8c%d9%85%d8%a7%d8%b1%d8%b3%d8%aa%d8%a7%d9%86-%d8%b3%d8%b9%d8%af%db%8c/,fa,_customers,,yes,medium,https://abadis-med.com/_customers/%d8%a8%db%8c%d9%85%d8%a7%d8%b1%d8%b3%d8%aa%d8%a7%d9%86-%d8%b3%d8%b9%d8%af%db%8c/,REVIEW,no,,FACT: JetEngine CPT/taxonomy archive; decide indexability with Search Console,medium,yes
https://abadis-med.com/_customers/%d8%a8%db%8c%d9%85%d8%a7%d8%b1%d8%b3%d8%aa%d8%a7%d9%86-%d9%81%d8%b1%d8%b4%da%86%db%8c%d8%a7%d9%86-%d9%87%d9%85%d8%af%d8%a7%d9%86/,fa,_customers,,yes,medium,https://abadis-med.com/_customers/%d8%a8%db%8c%d9%85%d8%a7%d8%b1%d8%b3%d8%aa%d8%a7%d9%86-%d9%81%d8%b1%d8%b4%da%86%db%8c%d8%a7%d9%86-%d9%87%d9%85%d8%af%d8%a7%d9%86/,REVIEW,no,,FACT: JetEngine CPT/taxonomy archive; decide indexability with Search Console,medium,yes
https://abadis-med.com/_customers/%d8%a8%db%8c%d9%85%d8%a7%d8%b1%d8%b3%d8%aa%d8%a7%d9%86-%d8%a8%d9%87%d8%a7%d8%b1%d9%84%d9%88/,fa,_customers,,yes,medium,https://abadis-med.com/_customers/%d8%a8%db%8c%d9%85%d8%a7%d8%b1%d8%b3%d8%aa%d8%a7%d9%86-%d8%a8%d9%87%d8%a7%d8%b1%d9%84%d9%88/,REVIEW,no,,FACT: JetEngine CPT/taxonomy archive; decide indexability with Search Console,medium,yes
https://abadis-med.com/_customers/%d8%a8%db%8c%d9%85%d8%a7%d8%b1%d8%b3%d8%aa%d8%a7%d9%86-%d8%ac%d9%85/,fa,_customers,,yes,medium,https://abadis-med.com/_customers/%d8%a8%db%8c%d9%85%d8%a7%d8%b1%d8%b3%d8%aa%d8%a7%d9%86-%d8%ac%d9%85/,REVIEW,no,,FACT: JetEngine CPT/taxonomy archive; decide indexability with Search Console,medium,yes
https://abadis-med.com/_customers/%d8%a8%db%8c%d9%85%d8%a7%d8%b1%d8%b3%d8%aa%d8%a7%d9%86-%d8%ad%d8%b6%d8%b1%d8%aa-%d9%81%d8%a7%d8%b7%d9%85%d9%87-%da%a9%d8%b1%d9%85%d8%a7%d9%86/,fa,_customers,,yes,medium,https://abadis-med.com/_customers/%d8%a8%db%8c%d9%85%d8%a7%d8%b1%d8%b3%d8%aa%d8%a7%d9%86-%d8%ad%d8%b6%d8%b1%d8%aa-%d9%81%d8%a7%d8%b7%d9%85%d9%87-%da%a9%d8%b1%d9%85%d8%a7%d9%86/,REVIEW,no,,FACT: JetEngine CPT/taxonomy archive; decide indexability with Search Console,medium,yes
https://abadis-med.com/_customers/%d8%a8%db%8c%d9%85%d8%a7%d8%b1%d8%b3%d8%aa%d8%a7%d9%86-%d9%81%db%8c%d8%b6-%d8%a7%d8%b5%d9%81%d9%87%d8%a7%d9%86/,fa,_customers,,yes,medium,https://abadis-med.com/_customers/%d8%a8%db%8c%d9%85%d8%a7%d8%b1%d8%b3%d8%aa%d8%a7%d9%86-%d9%81%db%8c%d8%b6-%d8%a7%d8%b5%d9%81%d9%87%d8%a7%d9%86/,REVIEW,no,,FACT: JetEngine CPT/taxonomy archive; decide indexability with Search Console,medium,yes
https://abadis-med.com/_customers/%d9%85%d8%b1%da%a9%d8%b2-%d9%86%d8%a7%d8%a8%d8%a7%d8%b1%d9%88%d8%b1%db%8c-%d9%85%d8%a7%d9%85/,fa,_customers,,yes,medium,https://abadis-med.com/_customers/%d9%85%d8%b1%da%a9%d8%b2-%d9%86%d8%a7%d8%a8%d8%a7%d8%b1%d9%88%d8%b1%db%8c-%d9%85%d8%a7%d9%85/,REVIEW,no,,FACT: JetEngine CPT/taxonomy archive; decide indexability with Search Console,medium,yes
https://abadis-med.com/_customers/%d9%be%da%98%d9%88%d9%87%d8%b4%da%af%d8%a7%d9%87-%d8%b1%d9%88%db%8c%d8%a7%d9%86/,fa,_customers,,yes,medium,https://abadis-med.com/_customers/%d9%be%da%98%d9%88%d9%87%d8%b4%da%af%d8%a7%d9%87-%d8%b1%d9%88%db%8c%d8%a7%d9%86/,REVIEW,no,,FACT: JetEngine CPT/taxonomy archive; decide indexability with Search Console,medium,yes
https://abadis-med.com/_customers/%d8%a8%db%8c%d9%85%d8%a7%d8%b1%d8%b3%d8%aa%d8%a7%d9%86-%da%86%d8%b4%d9%85-%d9%be%d8%b2%d8%b4%da%a9%db%8c-%d8%a8%db%8c%d9%86%d8%a7/,fa,_customers,,yes,medium,https://abadis-med.com/_customers/%d8%a8%db%8c%d9%85%d8%a7%d8%b1%d8%b3%d8%aa%d8%a7%d9%86-%da%86%d8%b4%d9%85-%d9%be%d8%b2%d8%b4%da%a9%db%8c-%d8%a8%db%8c%d9%86%d8%a7/,REVIEW,no,,FACT: JetEngine CPT/taxonomy archive; decide indexability with Search Console,medium,yes
https://abadis-med.com/_customers/%d9%85%d8%b1%da%a9%d8%b2-%d8%ac%d8%b1%d8%a7%d8%ad%db%8c-%d9%81%d9%88%d9%82-%d8%aa%d8%ae%d8%b5%d8%b5%db%8c-%d8%af%da%a9%d8%aa%d8%b1-%d8%ae%db%8c%d8%b1%d8%ae%d9%88%d8%a7%d9%87/,fa,_customers,,yes,medium,https://abadis-med.com/_customers/%d9%85%d8%b1%da%a9%d8%b2-%d8%ac%d8%b1%d8%a7%d8%ad%db%8c-%d9%81%d9%88%d9%82-%d8%aa%d8%ae%d8%b5%d8%b5%db%8c-%d8%af%da%a9%d8%aa%d8%b1-%d8%ae%db%8c%d8%b1%d8%ae%d9%88%d8%a7%d9%87/,REVIEW,no,,FACT: JetEngine CPT/taxonomy archive; decide indexability with Search Console,medium,yes
https://abadis-med.com/_customers/%d9%85%d8%b1%da%a9%d8%b2-%d9%be%d8%b2%d8%b4%da%a9%db%8c-%d8%a7%d9%85%d9%88%d8%b2%d8%b4-%d8%af%d8%b1%d9%85%d8%a7%d9%86%db%8c-%da%a9%d9%88%d8%af%da%a9%d8%a7%d9%86-%d9%85%d9%81%db%8c%d8%af/,fa,_customers,,yes,medium,https://abadis-med.com/_customers/%d9%85%d8%b1%da%a9%d8%b2-%d9%be%d8%b2%d8%b4%da%a9%db%8c-%d8%a7%d9%85%d9%88%d8%b2%d8%b4-%d8%af%d8%b1%d9%85%d8%a7%d9%86%db%8c-%da%a9%d9%88%d8%af%da%a9%d8%a7%d9%86-%d9%85%d9%81%db%8c%d8%af/,REVIEW,no,,FACT: JetEngine CPT/taxonomy archive; decide indexability with Search Console,medium,yes
https://abadis-med.com/_customers/%d9%85%d8%b1%da%a9%d8%b2-%d8%a2%d9%85%d9%88%d8%b2%d8%b4%db%8c-%d9%be%da%98%d9%88%d9%87%d8%b4%db%8c-%d9%88-%d8%af%d8%b1%d9%85%d8%a7%d9%86%db%8c-%d8%af%da%a9%d8%aa%d8%b1-%d9%85%d8%b3%db%8c%d8%ad-%d8%af/,fa,_customers,,yes,medium,https://abadis-med.com/_customers/%d9%85%d8%b1%da%a9%d8%b2-%d8%a2%d9%85%d9%88%d8%b2%d8%b4%db%8c-%d9%be%da%98%d9%88%d9%87%d8%b4%db%8c-%d9%88-%d8%af%d8%b1%d9%85%d8%a7%d9%86%db%8c-%d8%af%da%a9%d8%aa%d8%b1-%d9%85%d8%b3%db%8c%d8%ad-%d8%af/,REVIEW,no,,FACT: JetEngine CPT/taxonomy archive; decide indexability with Search Console,medium,yes
https://abadis-med.com/_customers/%d9%85%d8%b1%da%a9%d8%b2-%d9%be%d8%b2%d8%b4%da%a9%db%8c-%d9%88-%d8%af%d8%b1%d9%85%d8%a7%d9%86%db%8c-%d8%b4%d9%87%db%8c%d8%af-%d9%85%d8%b5%d8%b7%d9%81%db%8c-%d8%ae%d9%85%db%8c%d9%86%db%8c/,fa,_customers,,yes,medium,https://abadis-med.com/_customers/%d9%85%d8%b1%da%a9%d8%b2-%d9%be%d8%b2%d8%b4%da%a9%db%8c-%d9%88-%d8%af%d8%b1%d9%85%d8%a7%d9%86%db%8c-%d8%b4%d9%87%db%8c%d8%af-%d9%85%d8%b5%d8%b7%d9%81%db%8c-%d8%ae%d9%85%db%8c%d9%86%db%8c/,REVIEW,no,,FACT: JetEngine CPT/taxonomy archive; decide indexability with Search Console,medium,yes
https://abadis-med.com/_customers/%d8%a8%db%8c%d9%85%d8%a7%d8%b1%d8%b3%d8%aa%d8%a7%d9%86-%d8%aa%d8%ae%d8%b5%d8%b5%db%8c-%d9%88-%d9%81%d9%88%d9%82-%d8%aa%d8%ae%d8%b5%d8%b5%db%8c-%d8%ae%d8%a7%d8%aa%d9%85-%d8%a7%d9%84%d8%a7%d9%86%d8%a8/,fa,_customers,,yes,medium,https://abadis-med.com/_customers/%d8%a8%db%8c%d9%85%d8%a7%d8%b1%d8%b3%d8%aa%d8%a7%d9%86-%d8%aa%d8%ae%d8%b5%d8%b5%db%8c-%d9%88-%d9%81%d9%88%d9%82-%d8%aa%d8%ae%d8%b5%d8%b5%db%8c-%d8%ae%d8%a7%d8%aa%d9%85-%d8%a7%d9%84%d8%a7%d9%86%d8%a8/,REVIEW,no,,FACT: JetEngine CPT/taxonomy archive; decide indexability with Search Console,medium,yes
https://abadis-med.com/_customers/%d9%85%d8%b1%da%a9%d8%b2-%d8%a2%d9%85%d9%88%d8%b2%d8%b4%db%8c-%d9%be%da%98%d9%88%d9%87%d8%b4%db%8c-%d9%88-%d8%af%d8%b1%d9%85%d8%a7%d9%86%db%8c-%d8%a7%d9%85%db%8c%d8%b1%d8%a7%d9%84%d9%85%d9%88%d9%85/,fa,_customers,,yes,medium,https://abadis-med.com/_customers/%d9%85%d8%b1%da%a9%d8%b2-%d8%a2%d9%85%d9%88%d8%b2%d8%b4%db%8c-%d9%be%da%98%d9%88%d9%87%d8%b4%db%8c-%d9%88-%d8%af%d8%b1%d9%85%d8%a7%d9%86%db%8c-%d8%a7%d9%85%db%8c%d8%b1%d8%a7%d9%84%d9%85%d9%88%d9%85/,REVIEW,no,,FACT: JetEngine CPT/taxonomy archive; decide indexability with Search Console,medium,yes
https://abadis-med.com/_customers/%d9%85%d8%b1%da%a9%d8%b2-%d9%be%d8%b2%d8%b4%da%a9%db%8c-%d8%a2%d9%85%d9%88%d8%b2%d8%b4%db%8c-%d9%88-%d8%af%d8%b1%d9%85%d8%a7%d9%86%db%8c-%d8%b4%d9%87%d8%af%d8%a7-%d8%aa%d8%ac%d8%b1%db%8c%d8%b4/,fa,_customers,,yes,medium,https://abadis-med.com/_customers/%d9%85%d8%b1%da%a9%d8%b2-%d9%be%d8%b2%d8%b4%da%a9%db%8c-%d8%a2%d9%85%d9%88%d8%b2%d8%b4%db%8c-%d9%88-%d8%af%d8%b1%d9%85%d8%a7%d9%86%db%8c-%d8%b4%d9%87%d8%af%d8%a7-%d8%aa%d8%ac%d8%b1%db%8c%d8%b4/,REVIEW,no,,FACT: JetEngine CPT/taxonomy archive; decide indexability with Search Console,medium,yes
https://abadis-med.com/_customers/%d8%a8%db%8c%d9%85%d8%a7%d8%b1%d8%b3%d8%aa%d8%a7%d9%86-%d8%aa%d8%ae%d8%b5%d8%b5%db%8c-%d9%88-%d9%81%d9%88%d9%82-%d8%aa%d8%ae%d8%b5%d8%b5%db%8c-%d8%a2%d8%a8%d8%a7%d9%86/,fa,_customers,,yes,medium,https://abadis-med.com/_customers/%d8%a8%db%8c%d9%85%d8%a7%d8%b1%d8%b3%d8%aa%d8%a7%d9%86-%d8%aa%d8%ae%d8%b5%d8%b5%db%8c-%d9%88-%d9%81%d9%88%d9%82-%d8%aa%d8%ae%d8%b5%d8%b5%db%8c-%d8%a2%d8%a8%d8%a7%d9%86/,REVIEW,no,,FACT: JetEngine CPT/taxonomy archive; decide indexability with Search Console,medium,yes
https://abadis-med.com/_customers/%d8%a8%db%8c%d9%85%d8%a7%d8%b1%d8%b3%d8%aa%d8%a7%d9%86-%d8%aa%d8%ae%d8%b5%d8%b5%db%8c-%d9%88-%d9%81%d9%88%d9%82-%d8%aa%d8%ae%d8%b5%d8%b5%db%8c-%d9%84%d8%a7%d9%84%d9%87/,fa,_customers,,yes,medium,https://abadis-med.com/_customers/%d8%a8%db%8c%d9%85%d8%a7%d8%b1%d8%b3%d8%aa%d8%a7%d9%86-%d8%aa%d8%ae%d8%b5%d8%b5%db%8c-%d9%88-%d9%81%d9%88%d9%82-%d8%aa%d8%ae%d8%b5%d8%b5%db%8c-%d9%84%d8%a7%d9%84%d9%87/,REVIEW,no,,FACT: JetEngine CPT/taxonomy archive; decide indexability with Search Console,medium,yes
https://abadis-med.com/_customers/%d9%be%d8%a8%db%8c%d9%85%d8%a7%d8%b1%d8%b3%d8%aa%d8%a7%d9%86-%d8%b4%d9%87%db%8c%d8%af-%d8%b5%d8%af%d9%88%d9%82%db%8c/,fa,_customers,,yes,medium,https://abadis-med.com/_customers/%d9%be%d8%a8%db%8c%d9%85%d8%a7%d8%b1%d8%b3%d8%aa%d8%a7%d9%86-%d8%b4%d9%87%db%8c%d8%af-%d8%b5%d8%af%d9%88%d9%82%db%8c/,REVIEW,no,,FACT: JetEngine CPT/taxonomy archive; decide indexability with Search Console,medium,yes
https://abadis-med.com/_customers/%d8%af%d8%b1%d9%85%d8%a7%d9%86%da%af%d8%a7%d9%87-%d8%aa%d8%ae%d8%b5%d8%b5%db%8c-%d9%be%d9%88%d8%b3%d8%aa-%d9%88-%d9%85%d9%88-%d9%be%d8%b1%db%8c-%d8%b3%db%8c%d9%85%d8%a7/,fa,_customers,,yes,medium,https://abadis-med.com/_customers/%d8%af%d8%b1%d9%85%d8%a7%d9%86%da%af%d8%a7%d9%87-%d8%aa%d8%ae%d8%b5%d8%b5%db%8c-%d9%be%d9%88%d8%b3%d8%aa-%d9%88-%d9%85%d9%88-%d9%be%d8%b1%db%8c-%d8%b3%db%8c%d9%85%d8%a7/,REVIEW,no,,FACT: JetEngine CPT/taxonomy archive; decide indexability with Search Console,medium,yes
https://abadis-med.com/_customers/%d8%a8%db%8c%d9%85%d8%a7%d8%b1%d8%b3%d8%aa%d8%a7%d9%86-%d9%81%d9%88%d9%82-%d8%aa%d8%ae%d8%b5%d8%b5%db%8c-%d9%85%d8%a7%d8%af%d8%b1-%d9%88-%da%a9%d9%88%d8%af%da%a9-%d8%ba%d8%af%db%8c%d8%b1/,fa,_customers,,yes,medium,https://abadis-med.com/_customers/%d8%a8%db%8c%d9%85%d8%a7%d8%b1%d8%b3%d8%aa%d8%a7%d9%86-%d9%81%d9%88%d9%82-%d8%aa%d8%ae%d8%b5%d8%b5%db%8c-%d9%85%d8%a7%d8%af%d8%b1-%d9%88-%da%a9%d9%88%d8%af%da%a9-%d8%ba%d8%af%db%8c%d8%b1/,REVIEW,no,,FACT: JetEngine CPT/taxonomy archive; decide indexability with Search Console,medium,yes
https://abadis-med.com/_customers/%da%a9%d9%84%db%8c%d9%86%db%8c%da%a9-%d8%b2%d8%ae%d9%85-%d8%a7%d9%84%d8%aa%db%8c%d8%a7%d9%85/,fa,_customers,,yes,medium,https://abadis-med.com/_customers/%da%a9%d9%84%db%8c%d9%86%db%8c%da%a9-%d8%b2%d8%ae%d9%85-%d8%a7%d9%84%d8%aa%db%8c%d8%a7%d9%85/,REVIEW,no,,FACT: JetEngine CPT/taxonomy archive; decide indexability with Search Console,medium,yes
https://abadis-med.com/_customers/%d8%a8%db%8c%d9%85%d8%a7%d8%b1%d8%b3%d8%aa%d8%a7%d9%86-%d9%86%db%8c%da%a9%d8%a7%d9%86-%d8%b3%d9%be%db%8c%d8%af/,fa,_customers,,yes,medium,https://abadis-med.com/_customers/%d8%a8%db%8c%d9%85%d8%a7%d8%b1%d8%b3%d8%aa%d8%a7%d9%86-%d9%86%db%8c%da%a9%d8%a7%d9%86-%d8%b3%d9%be%db%8c%d8%af/,REVIEW,no,,FACT: JetEngine CPT/taxonomy archive; decide indexability with Search Console,medium,yes
https://abadis-med.com/_customers/%d8%a8%db%8c%d9%85%d8%a7%d8%b1%d8%b3%d8%aa%d8%a7%d9%86-%d8%aa%d8%ae%d8%b5%d8%b5%db%8c-%d9%88-%d9%81%d9%88%d9%82-%d8%aa%d8%ae%d8%b5%d8%b5%db%8c-%d8%b4%d9%87%db%8c%d8%af-%d8%a2%db%8c%d8%aa-%d8%a7%d9%84/,fa,_customers,,yes,medium,https://abadis-med.com/_customers/%d8%a8%db%8c%d9%85%d8%a7%d8%b1%d8%b3%d8%aa%d8%a7%d9%86-%d8%aa%d8%ae%d8%b5%d8%b5%db%8c-%d9%88-%d9%81%d9%88%d9%82-%d8%aa%d8%ae%d8%b5%d8%b5%db%8c-%d8%b4%d9%87%db%8c%d8%af-%d8%a2%db%8c%d8%aa-%d8%a7%d9%84/,REVIEW,no,,FACT: JetEngine CPT/taxonomy archive; decide indexability with Search Console,medium,yes
https://abadis-med.com/_customers/%d8%a8%db%8c%d9%85%d8%a7%d8%b1%d8%b3%d8%aa%d8%a7%d9%86-%d9%85%d9%88%d9%82%d9%88%d9%81%d9%87-%da%af%d9%88%d8%af%d8%b1%d8%b2/,fa,_customers,,yes,medium,https://abadis-med.com/_customers/%d8%a8%db%8c%d9%85%d8%a7%d8%b1%d8%b3%d8%aa%d8%a7%d9%86-%d9%85%d9%88%d9%82%d9%88%d9%81%d9%87-%da%af%d9%88%d8%af%d8%b1%d8%b2/,REVIEW,no,,FACT: JetEngine CPT/taxonomy archive; decide indexability with Search Console,medium,yes
https://abadis-med.com/_customers/%d8%a8%db%8c%d9%85%d8%a7%d8%b1%d8%b3%d8%aa%d8%a7%d9%86-%d8%ae%db%8c%d8%b1%db%8c%d9%87-%d8%b5%d8%af%db%8c%d9%82%d9%87-%d8%a7%d9%84%d8%b2%d9%87%d8%b1%d8%a7/,fa,_customers,,yes,medium,https://abadis-med.com/_customers/%d8%a8%db%8c%d9%85%d8%a7%d8%b1%d8%b3%d8%aa%d8%a7%d9%86-%d8%ae%db%8c%d8%b1%db%8c%d9%87-%d8%b5%d8%af%db%8c%d9%82%d9%87-%d8%a7%d9%84%d8%b2%d9%87%d8%b1%d8%a7/,REVIEW,no,,FACT: JetEngine CPT/taxonomy archive; decide indexability with Search Console,medium,yes
https://abadis-med.com/_customers/%d8%a8%db%8c%d9%85%d8%a7%d8%b1%d8%b3%d8%aa%d8%a7%d9%86-%d8%b3%d9%88%d9%85-%d8%b4%d8%b9%d8%a8%d8%a7%d9%86/,fa,_customers,,yes,medium,https://abadis-med.com/_customers/%d8%a8%db%8c%d9%85%d8%a7%d8%b1%d8%b3%d8%aa%d8%a7%d9%86-%d8%b3%d9%88%d9%85-%d8%b4%d8%b9%d8%a8%d8%a7%d9%86/,REVIEW,no,,FACT: JetEngine CPT/taxonomy archive; decide indexability with Search Console,medium,yes
https://abadis-med.com/_customers/%d9%85%d8%b1%da%a9%d8%b2-%d8%aa%d8%ad%d9%82%db%8c%d9%82%d8%a7%d8%aa%db%8c-%d8%a2%d9%85%d9%88%d8%b2%d8%b4-%d8%af%d8%b1%d9%85%d8%a7%d9%86%db%8c-%d8%b4%d9%87%db%8c%d8%af-%da%86%d9%85%d8%b1%d8%a7%d9%86/,fa,_customers,,yes,medium,https://abadis-med.com/_customers/%d9%85%d8%b1%da%a9%d8%b2-%d8%aa%d8%ad%d9%82%db%8c%d9%82%d8%a7%d8%aa%db%8c-%d8%a2%d9%85%d9%88%d8%b2%d8%b4-%d8%af%d8%b1%d9%85%d8%a7%d9%86%db%8c-%d8%b4%d9%87%db%8c%d8%af-%da%86%d9%85%d8%b1%d8%a7%d9%86/,REVIEW,no,,FACT: JetEngine CPT/taxonomy archive; decide indexability with Search Console,medium,yes
https://abadis-med.com/_customers/%d9%85%d8%b1%da%a9%d8%b2-%d8%ac%d8%b1%d8%a7%d8%ad%db%8c-%d9%be%d8%a7%d8%b1%d8%b3%db%8c%d8%a7%d9%86-%da%a9%d8%a7%d8%b4%d8%a7%d9%86/,fa,_customers,,yes,medium,https://abadis-med.com/_customers/%d9%85%d8%b1%da%a9%d8%b2-%d8%ac%d8%b1%d8%a7%d8%ad%db%8c-%d9%be%d8%a7%d8%b1%d8%b3%db%8c%d8%a7%d9%86-%da%a9%d8%a7%d8%b4%d8%a7%d9%86/,REVIEW,no,,FACT: JetEngine CPT/taxonomy archive; decide indexability with Search Console,medium,yes
https://abadis-med.com/_customers/%d8%a8%db%8c%d9%85%d8%a7%d8%b1%d8%b3%d8%aa%d8%a7%d9%86-%d9%85%db%8c%d9%84%d8%a7%d8%af-%d8%a7%d8%b1%d9%88%d9%85%db%8c%d9%87/,fa,_customers,,yes,medium,https://abadis-med.com/_customers/%d8%a8%db%8c%d9%85%d8%a7%d8%b1%d8%b3%d8%aa%d8%a7%d9%86-%d9%85%db%8c%d9%84%d8%a7%d8%af-%d8%a7%d8%b1%d9%88%d9%85%db%8c%d9%87/,REVIEW,no,,FACT: JetEngine CPT/taxonomy archive; decide indexability with Search Console,medium,yes
https://abadis-med.com/_customers/%d8%a8%db%8c%d9%85%d8%a7%d8%b1%d8%b3%d8%aa%d8%a7%d9%86-%d9%85%d8%a7%d8%af%d8%b1-%d9%85%d8%b4%d9%87%d8%af/,fa,_customers,,yes,medium,https://abadis-med.com/_customers/%d8%a8%db%8c%d9%85%d8%a7%d8%b1%d8%b3%d8%aa%d8%a7%d9%86-%d9%85%d8%a7%d8%af%d8%b1-%d9%85%d8%b4%d9%87%d8%af/,REVIEW,no,,FACT: JetEngine CPT/taxonomy archive; decide indexability with Search Console,medium,yes
https://abadis-med.com/_customers/%d8%a8%db%8c%d9%85%d8%a7%d8%b1%d8%b3%d8%aa%d8%a7%d9%86-%d8%a7%d9%84%d8%b2%d9%87%d8%b1%d8%a7-%d8%a7%d8%b5%d9%81%d9%87%d8%a7%d9%86/,fa,_customers,,yes,medium,https://abadis-med.com/_customers/%d8%a8%db%8c%d9%85%d8%a7%d8%b1%d8%b3%d8%aa%d8%a7%d9%86-%d8%a7%d9%84%d8%b2%d9%87%d8%b1%d8%a7-%d8%a7%d8%b5%d9%81%d9%87%d8%a7%d9%86/,REVIEW,no,,FACT: JetEngine CPT/taxonomy archive; decide indexability with Search Console,medium,yes
https://abadis-med.com/_customers/%d8%a8%db%8c%d9%85%d8%a7%d8%b1%d8%b3%d8%aa%d8%a7%d9%86-%d9%85%d9%87%d8%b1%da%af%d8%a7%d9%86-%d9%82%d8%b2%d9%88%db%8c%d9%86/,fa,_customers,,yes,medium,https://abadis-med.com/_customers/%d8%a8%db%8c%d9%85%d8%a7%d8%b1%d8%b3%d8%aa%d8%a7%d9%86-%d9%85%d9%87%d8%b1%da%af%d8%a7%d9%86-%d9%82%d8%b2%d9%88%db%8c%d9%86/,REVIEW,no,,FACT: JetEngine CPT/taxonomy archive; decide indexability with Search Console,medium,yes
https://abadis-med.com/_customers/%d9%85%d8%b1%da%a9%d8%b2-%d8%ac%d8%b1%d8%a7%d8%ad%db%8c-%d9%85%db%8c%d8%b1%d8%af%d8%a7%d9%85%d8%a7%d8%af/,fa,_customers,,yes,medium,https://abadis-med.com/_customers/%d9%85%d8%b1%da%a9%d8%b2-%d8%ac%d8%b1%d8%a7%d8%ad%db%8c-%d9%85%db%8c%d8%b1%d8%af%d8%a7%d9%85%d8%a7%d8%af/,REVIEW,no,,FACT: JetEngine CPT/taxonomy archive; decide indexability with Search Console,medium,yes
https://abadis-med.com/_customers/%d8%af%db%8c-%da%a9%d9%84%db%8c%d9%86%db%8c%da%a9-%d9%88%d9%84%d9%86%d8%ac%da%a9/,fa,_customers,,yes,medium,https://abadis-med.com/_customers/%d8%af%db%8c-%da%a9%d9%84%db%8c%d9%86%db%8c%da%a9-%d9%88%d9%84%d9%86%d8%ac%da%a9/,REVIEW,no,,FACT: JetEngine CPT/taxonomy archive; decide indexability with Search Console,medium,yes
https://abadis-med.com/_customers/%d8%a8%db%8c%d9%85%d8%a7%d8%b1%d8%b3%d8%aa%d8%a7%d9%86-%d8%a8%d8%a7%d9%87%d9%86%d8%b1-%da%a9%d8%b1%d9%85%d8%a7%d9%86/,fa,_customers,,yes,medium,https://abadis-med.com/_customers/%d8%a8%db%8c%d9%85%d8%a7%d8%b1%d8%b3%d8%aa%d8%a7%d9%86-%d8%a8%d8%a7%d9%87%d9%86%d8%b1-%da%a9%d8%b1%d9%85%d8%a7%d9%86/,REVIEW,no,,FACT: JetEngine CPT/taxonomy archive; decide indexability with Search Console,medium,yes
https://abadis-med.com/_customers/%d8%a8%db%8c%d9%85%d8%a7%d8%b1%d8%b3%d8%aa%d8%a7%d9%86-%d8%b9%d8%a7%d8%b1%d9%81%db%8c%d8%a7%d9%86/,fa,_customers,,yes,medium,https://abadis-med.com/_customers/%d8%a8%db%8c%d9%85%d8%a7%d8%b1%d8%b3%d8%aa%d8%a7%d9%86-%d8%b9%d8%a7%d8%b1%d9%81%db%8c%d8%a7%d9%86/,REVIEW,no,,FACT: JetEngine CPT/taxonomy archive; decide indexability with Search Console,medium,yes
https://abadis-med.com/_downloadcenter/,fa,_downloadcenter,,yes,high,https://abadis-med.com/_downloadcenter/,PRESERVE,no,,FACT: download CPT; verify file URLs and gated downloads,medium,yes
https://abadis-med.com/_downloadcenter/%d8%b3%d8%a7%da%a9%d8%b4%d9%86-%d8%af%db%8c%d9%88%d8%a7%d8%b1%db%8c-%d8%a8%d8%b2%d8%b1%da%af%d8%b3%d8%a7%d9%84/,fa,_downloadcenter,,yes,high,https://abadis-med.com/_downloadcenter/%d8%b3%d8%a7%da%a9%d8%b4%d9%86-%d8%af%db%8c%d9%88%d8%a7%d8%b1%db%8c-%d8%a8%d8%b2%d8%b1%da%af%d8%b3%d8%a7%d9%84/,PRESERVE,no,,FACT: download CPT; verify file URLs and gated downloads,medium,yes
https://abadis-med.com/_downloadcenter/%d9%86%da%af%d9%87%d8%af%d8%a7%d8%b1%d9%86%d8%af%d9%87-%d9%84%d9%88%d9%84%d9%87-%d8%aa%d8%b1%d8%a7%d8%b4%d9%87/,fa,_downloadcenter,,yes,high,https://abadis-med.com/_downloadcenter/%d9%86%da%af%d9%87%d8%af%d8%a7%d8%b1%d9%86%d8%af%d9%87-%d9%84%d9%88%d9%84%d9%87-%d8%aa%d8%b1%d8%a7%d8%b4%d9%87/,PRESERVE,no,,FACT: download CPT; verify file URLs and gated downloads,medium,yes
https://abadis-med.com/_downloadcenter/%da%a9%db%8c%d8%b3%d9%87-%d8%b3%d8%a7%da%a9%d8%b4%d9%86-%db%8c%da%a9%d8%a8%d8%a7%d8%b1-%d9%85%d8%b5%d8%b1%d9%81/,fa,_downloadcenter,,yes,high,https://abadis-med.com/_downloadcenter/%da%a9%db%8c%d8%b3%d9%87-%d8%b3%d8%a7%da%a9%d8%b4%d9%86-%db%8c%da%a9%d8%a8%d8%a7%d8%b1-%d9%85%d8%b5%d8%b1%d9%81/,PRESERVE,no,,FACT: download CPT; verify file URLs and gated downloads,medium,yes
https://abadis-med.com/_downloadcenter/%d9%81%db%8c%d9%84%d8%aa%d8%b1%d9%87%d8%a7%db%8c-%d9%85%d8%ae%d8%a7%d8%b2%d9%86-%d8%b7%d8%a8%db%8c-%d8%a2%d8%a8%d8%a7%d8%af%db%8c%d8%b3/,fa,_downloadcenter,,yes,high,https://abadis-med.com/_downloadcenter/%d9%81%db%8c%d9%84%d8%aa%d8%b1%d9%87%d8%a7%db%8c-%d9%85%d8%ae%d8%a7%d8%b2%d9%86-%d8%b7%d8%a8%db%8c-%d8%a2%d8%a8%d8%a7%d8%af%db%8c%d8%b3/,PRESERVE,no,,FACT: download CPT; verify file URLs and gated downloads,medium,yes
https://abadis-med.com/_downloadcenter/installation-on-the-console/,fa,_downloadcenter,,yes,high,https://abadis-med.com/_downloadcenter/installation-on-the-console/,PRESERVE,no,,FACT: download CPT; verify file URLs and gated downloads,medium,yes
https://abadis-med.com/_downloadcenter/%d8%b1%d8%a7%d9%87%d9%86%d9%85%d8%a7%db%8c-%d9%86%d8%b5%d8%a8-%d9%85%d8%ae%d8%a7%d8%b2%d9%86-%d8%a8%d8%b1-%d8%b1%d9%88%db%8c-%da%a9%d9%86%d8%b3%d9%88%d9%84/,fa,_downloadcenter,,yes,high,https://abadis-med.com/_downloadcenter/%d8%b1%d8%a7%d9%87%d9%86%d9%85%d8%a7%db%8c-%d9%86%d8%b5%d8%a8-%d9%85%d8%ae%d8%a7%d8%b2%d9%86-%d8%a8%d8%b1-%d8%b1%d9%88%db%8c-%da%a9%d9%86%d8%b3%d9%88%d9%84/,PRESERVE,no,,FACT: download CPT; verify file URLs and gated downloads,medium,yes
https://abadis-med.com/_downloadcenter/%d8%b1%d8%a7%d9%87%d9%86%d9%85%d8%a7%db%8c-%d9%86%d8%b5%d8%a8-%d9%85%d8%ae%d8%a7%d8%b2%d9%86-%d8%a8%d8%b1-%d8%b1%d9%88%db%8c-%d9%be%d8%a7%db%8c%d9%87-%d8%aa%d8%b1%d9%88%d9%84%db%8c/,fa,_downloadcenter,,yes,high,https://abadis-med.com/_downloadcenter/%d8%b1%d8%a7%d9%87%d9%86%d9%85%d8%a7%db%8c-%d9%86%d8%b5%d8%a8-%d9%85%d8%ae%d8%a7%d8%b2%d9%86-%d8%a8%d8%b1-%d8%b1%d9%88%db%8c-%d9%be%d8%a7%db%8c%d9%87-%d8%aa%d8%b1%d9%88%d9%84%db%8c/,PRESERVE,no,,FACT: download CPT; verify file URLs and gated downloads,medium,yes
https://abadis-med.com/_downloadcenter/%da%a9%d8%a7%d8%aa%d8%a7%d9%84%d9%88%da%af-%d8%ac%d8%a7%d9%85%d8%b9-%d8%a2%d8%a8%d8%a7%d8%af%db%8c%d8%b3/,fa,_downloadcenter,,yes,high,https://abadis-med.com/_downloadcenter/%da%a9%d8%a7%d8%aa%d8%a7%d9%84%d9%88%da%af-%d8%ac%d8%a7%d9%85%d8%b9-%d8%a2%d8%a8%d8%a7%d8%af%db%8c%d8%b3/,PRESERVE,no,,FACT: download CPT; verify file URLs and gated downloads,medium,yes
https://abadis-med.com/_downloadcenter/%d8%b3%d8%a7%da%a9%d8%b4%d9%86-%d8%aa%db%8c%d9%88%d8%a8/,fa,_downloadcenter,,yes,high,https://abadis-med.com/_downloadcenter/%d8%b3%d8%a7%da%a9%d8%b4%d9%86-%d8%aa%db%8c%d9%88%d8%a8/,PRESERVE,no,,FACT: download CPT; verify file URLs and gated downloads,medium,yes
https://abadis-med.com/_franchise/,fa,_franchise,,yes,medium,https://abadis-med.com/_franchise/,REVIEW,no,,FACT: JetEngine CPT/taxonomy archive; decide indexability with Search Console,medium,yes
https://abadis-med.com/_franchise/%d8%af%d8%a7%d9%86%d8%b4-%d9%86%d9%88%d8%a7%d9%86%d8%af%db%8c%d8%b4%d8%a7%d9%86-%d8%a8%d9%87%d9%be%d9%88%d8%af/,fa,_franchise,,yes,medium,https://abadis-med.com/_franchise/%d8%af%d8%a7%d9%86%d8%b4-%d9%86%d9%88%d8%a7%d9%86%d8%af%db%8c%d8%b4%d8%a7%d9%86-%d8%a8%d9%87%d9%be%d9%88%d8%af/,REVIEW,no,,FACT: JetEngine CPT/taxonomy archive; decide indexability with Search Console,medium,yes
https://abadis-med.com/_franchise/%d8%a8%d9%87%d8%b3%d8%a7%d9%86-%d8%aa%d8%ac%d9%87%db%8c%d8%b2-%d8%a2%d8%a8%d8%a7%d8%af%db%8c%d8%b3/,fa,_franchise,,yes,medium,https://abadis-med.com/_franchise/%d8%a8%d9%87%d8%b3%d8%a7%d9%86-%d8%aa%d8%ac%d9%87%db%8c%d8%b2-%d8%a2%d8%a8%d8%a7%d8%af%db%8c%d8%b3/,REVIEW,no,,FACT: JetEngine CPT/taxonomy archive; decide indexability with Search Console,medium,yes
https://abadis-med.com/_franchise/%d8%ac%d9%87%d8%a7%d9%86-%d8%af%d8%b1%d9%85%d8%a7%d9%86/,fa,_franchise,,yes,medium,https://abadis-med.com/_franchise/%d8%ac%d9%87%d8%a7%d9%86-%d8%af%d8%b1%d9%85%d8%a7%d9%86/,REVIEW,no,,FACT: JetEngine CPT/taxonomy archive; decide indexability with Search Console,medium,yes
https://abadis-med.com/_franchise/%d8%ac%d8%a7%d9%85-%d8%ac%d9%85/,fa,_franchise,,yes,medium,https://abadis-med.com/_franchise/%d8%ac%d8%a7%d9%85-%d8%ac%d9%85/,REVIEW,no,,FACT: JetEngine CPT/taxonomy archive; decide indexability with Search Console,medium,yes
https://abadis-med.com/_franchise/%da%a9%d8%a7%d8%b1%d8%a7%d8%b7%d8%a8/,fa,_franchise,,yes,medium,https://abadis-med.com/_franchise/%da%a9%d8%a7%d8%b1%d8%a7%d8%b7%d8%a8/,REVIEW,no,,FACT: JetEngine CPT/taxonomy archive; decide indexability with Search Console,medium,yes
https://abadis-med.com/_franchise/%d9%87%da%af%d9%85%d8%aa%d8%a7%d9%86-%d8%b7%d8%a8/,fa,_franchise,,yes,medium,https://abadis-med.com/_franchise/%d9%87%da%af%d9%85%d8%aa%d8%a7%d9%86-%d8%b7%d8%a8/,REVIEW,no,,FACT: JetEngine CPT/taxonomy archive; decide indexability with Search Console,medium,yes
https://abadis-med.com/_franchise/%d9%be%d9%88%db%8c%d8%a7-%d8%b7%d8%a8-%d9%85%d8%b9%d8%ac%d8%b2%d9%87/,fa,_franchise,,yes,medium,https://abadis-med.com/_franchise/%d9%be%d9%88%db%8c%d8%a7-%d8%b7%d8%a8-%d9%85%d8%b9%d8%ac%d8%b2%d9%87/,REVIEW,no,,FACT: JetEngine CPT/taxonomy archive; decide indexability with Search Console,medium,yes
https://abadis-med.com/_franchise/%da%a9%d8%a7%d9%84%d8%a7%db%8c-%d9%be%d8%b2%d8%b4%da%a9%db%8c-%d8%a8%d9%88%d8%b4%d9%87%d8%b1-%d8%af%d8%b1%d9%85%d8%a7%d9%86/,fa,_franchise,,yes,medium,https://abadis-med.com/_franchise/%da%a9%d8%a7%d9%84%d8%a7%db%8c-%d9%be%d8%b2%d8%b4%da%a9%db%8c-%d8%a8%d9%88%d8%b4%d9%87%d8%b1-%d8%af%d8%b1%d9%85%d8%a7%d9%86/,REVIEW,no,,FACT: JetEngine CPT/taxonomy archive; decide indexability with Search Console,medium,yes
https://abadis-med.com/_franchise/%d8%aa%d8%ac%d9%87%db%8c%d8%b2%d8%a7%d8%aa-%d9%be%d8%b2%d8%b4%da%a9%db%8c-%d9%be%d8%a7%da%a9%d8%a7%d9%86-%d8%b7%d8%a8%db%8c%d8%a8-%d8%a2%d8%b1%d9%85%d8%a7%d9%86/,fa,_franchise,,yes,medium,https://abadis-med.com/_franchise/%d8%aa%d8%ac%d9%87%db%8c%d8%b2%d8%a7%d8%aa-%d9%be%d8%b2%d8%b4%da%a9%db%8c-%d9%be%d8%a7%da%a9%d8%a7%d9%86-%d8%b7%d8%a8%db%8c%d8%a8-%d8%a2%d8%b1%d9%85%d8%a7%d9%86/,REVIEW,no,,FACT: JetEngine CPT/taxonomy archive; decide indexability with Search Console,medium,yes
https://abadis-med.com/_franchise/%d8%b1%d8%a7%d8%af%d9%85%d8%a7%d9%86-%d8%aa%d8%ac%d9%87%db%8c%d8%b2-%d8%a2%da%98%d9%85%d8%a7%d9%86/,fa,_franchise,,yes,medium,https://abadis-med.com/_franchise/%d8%b1%d8%a7%d8%af%d9%85%d8%a7%d9%86-%d8%aa%d8%ac%d9%87%db%8c%d8%b2-%d8%a2%da%98%d9%85%d8%a7%d9%86/,REVIEW,no,,FACT: JetEngine CPT/taxonomy archive; decide indexability with Search Console,medium,yes
https://abadis-med.com/_franchise/%d8%b4%d8%b1%da%a9%d8%aa-%d9%86%db%8c%da%a9-%d8%b7%d8%a8/,fa,_franchise,,yes,medium,https://abadis-med.com/_franchise/%d8%b4%d8%b1%da%a9%d8%aa-%d9%86%db%8c%da%a9-%d8%b7%d8%a8/,REVIEW,no,,FACT: JetEngine CPT/taxonomy archive; decide indexability with Search Console,medium,yes
https://abadis-med.com/_franchise/%d8%af%d8%a7%d9%86%d8%b4-%d9%86%d9%88-%d8%a7%d9%86%d8%af%db%8c%d8%b4%d8%a7%d9%86-%d8%a8%d9%87%d9%be%d9%88%d8%af/,fa,_franchise,,yes,medium,https://abadis-med.com/_franchise/%d8%af%d8%a7%d9%86%d8%b4-%d9%86%d9%88-%d8%a7%d9%86%d8%af%db%8c%d8%b4%d8%a7%d9%86-%d8%a8%d9%87%d9%be%d9%88%d8%af/,REVIEW,no,,FACT: JetEngine CPT/taxonomy archive; decide indexability with Search Console,medium,yes
https://abadis-med.com/_franchise/%d8%b4%d8%b1%da%a9%d8%aa-%d9%86%db%8c%da%a9-%d8%b7%d8%a8-2/,fa,_franchise,,yes,medium,https://abadis-med.com/_franchise/%d8%b4%d8%b1%da%a9%d8%aa-%d9%86%db%8c%da%a9-%d8%b7%d8%a8-2/,REVIEW,no,,FACT: JetEngine CPT/taxonomy archive; decide indexability with Search Console,medium,yes
https://abadis-med.com/_franchise/%d8%aa%d8%ac%d9%87%db%8c%d8%b2-%da%af%d8%b3%d8%aa%d8%b1-%d8%a2%d8%a8%db%8c%d8%af%d8%b1/,fa,_franchise,,yes,medium,https://abadis-med.com/_franchise/%d8%aa%d8%ac%d9%87%db%8c%d8%b2-%da%af%d8%b3%d8%aa%d8%b1-%d8%a2%d8%a8%db%8c%d8%af%d8%b1/,REVIEW,no,,FACT: JetEngine CPT/taxonomy archive; decide indexability with Search Console,medium,yes
https://abadis-med.com/_franchise/%d9%85%d8%ae%d8%a7%d8%b2%d9%86-%d8%b7%d8%a8%db%8c-%d8%a2%d8%a8%d8%a7%d8%af%db%8c%d8%b3/,fa,_franchise,,yes,medium,https://abadis-med.com/_franchise/%d9%85%d8%ae%d8%a7%d8%b2%d9%86-%d8%b7%d8%a8%db%8c-%d8%a2%d8%a8%d8%a7%d8%af%db%8c%d8%b3/,REVIEW,no,,FACT: JetEngine CPT/taxonomy archive; decide indexability with Search Console,medium,yes
https://abadis-med.com/_franchise/%d9%85%d8%ae%d8%a7%d8%b2%d9%86-%d8%b7%d8%a8%db%8c-%d8%a2%d8%a8%d8%a7%d8%af%db%8c%d8%b3-2/,fa,_franchise,,yes,medium,https://abadis-med.com/_franchise/%d9%85%d8%ae%d8%a7%d8%b2%d9%86-%d8%b7%d8%a8%db%8c-%d8%a2%d8%a8%d8%a7%d8%af%db%8c%d8%b3-2/,REVIEW,no,,FACT: JetEngine CPT/taxonomy archive; decide indexability with Search Console,medium,yes
https://abadis-med.com/_franchise/%d8%b4%d8%b1%da%a9%d8%aa-%d9%86%db%8c%da%a9-%d8%b7%d8%a8-3/,fa,_franchise,,yes,medium,https://abadis-med.com/_franchise/%d8%b4%d8%b1%da%a9%d8%aa-%d9%86%db%8c%da%a9-%d8%b7%d8%a8-3/,REVIEW,no,,FACT: JetEngine CPT/taxonomy archive; decide indexability with Search Console,medium,yes
https://abadis-med.com/_franchise/%d8%ac%d9%87%d8%a7%d9%86-%d8%af%d8%b1%d9%85%d8%a7%d9%86-2/,fa,_franchise,,yes,medium,https://abadis-med.com/_franchise/%d8%ac%d9%87%d8%a7%d9%86-%d8%af%d8%b1%d9%85%d8%a7%d9%86-2/,REVIEW,no,,FACT: JetEngine CPT/taxonomy archive; decide indexability with Search Console,medium,yes
https://abadis-med.com/_franchise/%da%a9%d8%b1%d8%a7%d9%86-%d9%85%d8%a8%d8%aa%da%a9%d8%b1%d8%a7%d9%86-%d8%b7%d8%a8%d8%b1%d8%b3%d8%aa%d8%a7%d9%86/,fa,_franchise,,yes,medium,https://abadis-med.com/_franchise/%da%a9%d8%b1%d8%a7%d9%86-%d9%85%d8%a8%d8%aa%da%a9%d8%b1%d8%a7%d9%86-%d8%b7%d8%a8%d8%b1%d8%b3%d8%aa%d8%a7%d9%86/,REVIEW,no,,FACT: JetEngine CPT/taxonomy archive; decide indexability with Search Console,medium,yes
https://abadis-med.com/_franchise/%d9%86%db%8c%da%a9-%d8%b7%d8%a8/,fa,_franchise,,yes,medium,https://abadis-med.com/_franchise/%d9%86%db%8c%da%a9-%d8%b7%d8%a8/,REVIEW,no,,FACT: JetEngine CPT/taxonomy archive; decide indexability with Search Console,medium,yes
https://abadis-med.com/_franchise/%da%a9%db%8c%d9%85%db%8c%d8%a7-%da%af%d8%b1%d8%a7%d9%86-%d8%b7%d8%a8-%d8%b3%d9%84%d8%a7%d9%85%d8%aa-2/,fa,_franchise,,yes,medium,https://abadis-med.com/_franchise/%da%a9%db%8c%d9%85%db%8c%d8%a7-%da%af%d8%b1%d8%a7%d9%86-%d8%b7%d8%a8-%d8%b3%d9%84%d8%a7%d9%85%d8%aa-2/,REVIEW,no,,FACT: JetEngine CPT/taxonomy archive; decide indexability with Search Console,medium,yes
https://abadis-med.com/_franchise/%d9%85%d8%af%d8%a7%d9%88%d8%a7-%da%af%d8%b3%d8%aa%d8%b1-%d9%be%d8%a7%d8%b3%d8%a7%d8%b1%da%af%d8%a7%d8%af/,fa,_franchise,,yes,medium,https://abadis-med.com/_franchise/%d9%85%d8%af%d8%a7%d9%88%d8%a7-%da%af%d8%b3%d8%aa%d8%b1-%d9%be%d8%a7%d8%b3%d8%a7%d8%b1%da%af%d8%a7%d8%af/,REVIEW,no,,FACT: JetEngine CPT/taxonomy archive; decide indexability with Search Console,medium,yes
https://abadis-med.com/_franchise/%d9%be%d8%b1%d8%af%db%8c%d8%b3-%d8%b7%d8%a8-%d8%aa%d8%ac%d9%87%db%8c%d8%b2/,fa,_franchise,,yes,medium,https://abadis-med.com/_franchise/%d9%be%d8%b1%d8%af%db%8c%d8%b3-%d8%b7%d8%a8-%d8%aa%d8%ac%d9%87%db%8c%d8%b2/,REVIEW,no,,FACT: JetEngine CPT/taxonomy archive; decide indexability with Search Console,medium,yes
https://abadis-med.com/_franchise/%d8%b4%d8%b1%da%a9%d8%aa-%d8%ad%da%a9%db%8c%d9%85%d8%a7%d9%86-%d9%81%d8%b1%d8%ac%d8%a7%d8%af-%d9%82%d9%88%d9%85%d8%b3/,fa,_franchise,,yes,medium,https://abadis-med.com/_franchise/%d8%b4%d8%b1%da%a9%d8%aa-%d8%ad%da%a9%db%8c%d9%85%d8%a7%d9%86-%d9%81%d8%b1%d8%ac%d8%a7%d8%af-%d9%82%d9%88%d9%85%d8%b3/,REVIEW,no,,FACT: JetEngine CPT/taxonomy archive; decide indexability with Search Console,medium,yes
https://abadis-med.com/_franchise/%d9%85%d8%ae%d8%a7%d8%b2%d9%86-%d8%b7%d8%a8%db%8c-%d8%a2%d8%a8%d8%a7%d8%af%db%8c%d8%b3-3/,fa,_franchise,,yes,medium,https://abadis-med.com/_franchise/%d9%85%d8%ae%d8%a7%d8%b2%d9%86-%d8%b7%d8%a8%db%8c-%d8%a2%d8%a8%d8%a7%d8%af%db%8c%d8%b3-3/,REVIEW,no,,FACT: JetEngine CPT/taxonomy archive; decide indexability with Search Console,medium,yes
https://abadis-med.com/_franchise/%d9%85%d8%ae%d8%a7%d8%b2%d9%86-%d8%b7%d8%a8%db%8c-%d8%a2%d8%a8%d8%a7%d8%af%db%8c%d8%b3-4/,fa,_franchise,,yes,medium,https://abadis-med.com/_franchise/%d9%85%d8%ae%d8%a7%d8%b2%d9%86-%d8%b7%d8%a8%db%8c-%d8%a2%d8%a8%d8%a7%d8%af%db%8c%d8%b3-4/,REVIEW,no,,FACT: JetEngine CPT/taxonomy archive; decide indexability with Search Console,medium,yes
https://abadis-med.com/_joboffers/,fa,_joboffers,,yes,medium,https://abadis-med.com/_joboffers/,REVIEW,no,,FACT: job CPT; confirm which offers are active before redesign,medium,yes
https://abadis-med.com/_joboffers/%d9%85%d8%af%db%8c%d8%b1-%d9%81%d8%b1%d9%88%d8%b4/,fa,_joboffers,,yes,medium,https://abadis-med.com/_joboffers/%d9%85%d8%af%db%8c%d8%b1-%d9%81%d8%b1%d9%88%d8%b4/,REVIEW,no,,FACT: job CPT; confirm which offers are active before redesign,medium,yes
https://abadis-med.com/_joboffers/%da%a9%d8%a7%d8%b1%d8%b4%d9%86%d8%a7%d8%b3-%d8%ad%d8%b3%d8%a7%d8%a8%d8%af%d8%a7%d8%b1%db%8c/,fa,_joboffers,,yes,medium,https://abadis-med.com/_joboffers/%da%a9%d8%a7%d8%b1%d8%b4%d9%86%d8%a7%d8%b3-%d8%ad%d8%b3%d8%a7%d8%a8%d8%af%d8%a7%d8%b1%db%8c/,REVIEW,no,,FACT: job CPT; confirm which offers are active before redesign,medium,yes
https://abadis-med.com/_joboffers/%da%a9%d8%a7%d8%b1%d8%b4%d9%86%d8%a7%d8%b3-%d8%b5%d8%a7%d8%af%d8%b1%d8%a7%d8%aa/,fa,_joboffers,,yes,medium,https://abadis-med.com/_joboffers/%da%a9%d8%a7%d8%b1%d8%b4%d9%86%d8%a7%d8%b3-%d8%b5%d8%a7%d8%af%d8%b1%d8%a7%d8%aa/,REVIEW,no,,FACT: job CPT; confirm which offers are active before redesign,medium,yes
https://abadis-med.com/_joboffers/%da%a9%d8%a7%d8%b1%d9%85%d9%86%d8%af-%d9%88%d8%b5%d9%88%d9%84-%d9%85%d8%b7%d8%a7%d9%84%d8%a8%d8%a7%d8%aa/,fa,_joboffers,,yes,medium,https://abadis-med.com/_joboffers/%da%a9%d8%a7%d8%b1%d9%85%d9%86%d8%af-%d9%88%d8%b5%d9%88%d9%84-%d9%85%d8%b7%d8%a7%d9%84%d8%a8%d8%a7%d8%aa/,REVIEW,no,,FACT: job CPT; confirm which offers are active before redesign,medium,yes
https://abadis-med.com/_joboffers/%da%a9%d8%a7%d8%b1%d8%b4%d9%86%d8%a7%d8%b3-%d8%aa%d8%ad%d9%82%db%8c%d9%82%d8%a7%d8%aa-%d8%a8%d8%a7%d8%b2%d8%a7%d8%b1/,fa,_joboffers,,yes,medium,https://abadis-med.com/_joboffers/%da%a9%d8%a7%d8%b1%d8%b4%d9%86%d8%a7%d8%b3-%d8%aa%d8%ad%d9%82%db%8c%d9%82%d8%a7%d8%aa-%d8%a8%d8%a7%d8%b2%d8%a7%d8%b1/,REVIEW,no,,FACT: job CPT; confirm which offers are active before redesign,medium,yes
https://abadis-med.com/_joboffers/%da%a9%d8%a7%d8%b1%d8%b4%d9%86%d8%a7%d8%b3-%d8%aa%d8%b6%d9%85%db%8c%d9%86-%da%a9%db%8c%d9%81%db%8c%d8%aa/,fa,_joboffers,,yes,medium,https://abadis-med.com/_joboffers/%da%a9%d8%a7%d8%b1%d8%b4%d9%86%d8%a7%d8%b3-%d8%aa%d8%b6%d9%85%db%8c%d9%86-%da%a9%db%8c%d9%81%db%8c%d8%aa/,REVIEW,no,,FACT: job CPT; confirm which offers are active before redesign,medium,yes
https://abadis-med.com/_joboffers/%da%a9%d8%a7%d8%b1%d8%b4%d9%86%d8%a7%d8%b3-%d8%aa%d8%ad%d9%82%db%8c%d9%82-%d9%88-%d8%aa%d9%88%d8%b3%d8%b9%d9%87/,fa,_joboffers,,yes,medium,https://abadis-med.com/_joboffers/%da%a9%d8%a7%d8%b1%d8%b4%d9%86%d8%a7%d8%b3-%d8%aa%d8%ad%d9%82%db%8c%d9%82-%d9%88-%d8%aa%d9%88%d8%b3%d8%b9%d9%87/,REVIEW,no,,FACT: job CPT; confirm which offers are active before redesign,medium,yes
https://abadis-med.com/_joboffers/%da%a9%d8%a7%d8%b1%d8%b4%d9%86%d8%a7%d8%b3-%d9%81%d8%b1%d9%88%d8%b4/,fa,_joboffers,,yes,medium,https://abadis-med.com/_joboffers/%da%a9%d8%a7%d8%b1%d8%b4%d9%86%d8%a7%d8%b3-%d9%81%d8%b1%d9%88%d8%b4/,REVIEW,no,,FACT: job CPT; confirm which offers are active before redesign,medium,yes
https://abadis-med.com/_joboffers/%d9%85%d9%86%d8%b4%db%8c/,fa,_joboffers,,yes,medium,https://abadis-med.com/_joboffers/%d9%85%d9%86%d8%b4%db%8c/,REVIEW,no,,FACT: job CPT; confirm which offers are active before redesign,medium,yes
https://abadis-med.com/author/n-sharafi/,fa,author,,yes,low,https://abadis-med.com/author/n-sharafi/,REVIEW,no,,FACT: taxonomy/utility surface; do not delete; verify indexation,medium,yes
https://abadis-med.com/author/na-hassanali/,fa,author,,yes,low,https://abadis-med.com/author/na-hassanali/,REVIEW,no,,FACT: taxonomy/utility surface; do not delete; verify indexation,medium,yes
https://abadis-med.com/author/a-kazemi/,fa,author,,yes,low,https://abadis-med.com/author/a-kazemi/,REVIEW,no,,FACT: taxonomy/utility surface; do not delete; verify indexation,medium,yes
https://abadis-med.com/author/m-norouzi/,fa,author,,yes,low,https://abadis-med.com/author/m-norouzi/,REVIEW,no,,FACT: taxonomy/utility surface; do not delete; verify indexation,medium,yes
https://abadis-med.com/category/accessories/,fa,category,,yes,low,https://abadis-med.com/category/accessories/,REVIEW,no,,FACT: taxonomy/utility surface; do not delete; verify indexation,medium,yes
https://abadis-med.com/category/blog/,fa,category,,yes,low,https://abadis-med.com/category/blog/,REVIEW,no,,FACT: taxonomy/utility surface; do not delete; verify indexation,medium,yes
https://abadis-med.com/category/products/,fa,category,,yes,high,https://abadis-med.com/category/products/,REVIEW,no,,FACT: taxonomy/utility surface; do not delete; verify indexation,medium,yes
https://abadis-med.com/category/%d8%a2%da%af%d9%87%db%8c-%d9%87%d8%a7/,fa,category,,yes,low,https://abadis-med.com/category/%d8%a2%da%af%d9%87%db%8c-%d9%87%d8%a7/,REVIEW,no,,FACT: taxonomy/utility surface; do not delete; verify indexation,medium,yes
https://abadis-med.com/category/newss/,fa,category,,yes,low,https://abadis-med.com/category/newss/,REVIEW,no,,FACT: taxonomy/utility surface; do not delete; verify indexation,medium,yes
https://abadis-med.com/category/%d8%af%d8%b3%d8%aa%da%af%d8%a7%d9%87-%d8%b3%d8%a7%da%a9%d8%b4%d9%86/,fa,category,,yes,high,https://abadis-med.com/category/%d8%af%d8%b3%d8%aa%da%af%d8%a7%d9%87-%d8%b3%d8%a7%da%a9%d8%b4%d9%86/,REVIEW,no,,FACT: taxonomy/utility surface; do not delete; verify indexation,medium,yes
https://abadis-med.com/category/%d8%af%d8%b3%d8%aa%d9%87%d8%a8%d9%86%d8%af%db%8c-%d9%86%d8%b4%d8%af%d9%87/,fa,category,,yes,low,https://abadis-med.com/category/%d8%af%d8%b3%d8%aa%d9%87%d8%a8%d9%86%d8%af%db%8c-%d9%86%d8%b4%d8%af%d9%87/,REVIEW,no,,FACT: taxonomy/utility surface; do not delete; verify indexation,medium,yes
https://abadis-med.com/category/%d8%b1%d8%a7%d9%87%d9%86%d9%85%d8%a7%db%8c-%d9%86%d8%b5%d8%a8/,fa,category,,yes,low,https://abadis-med.com/category/%d8%b1%d8%a7%d9%87%d9%86%d9%85%d8%a7%db%8c-%d9%86%d8%b5%d8%a8/,REVIEW,no,,FACT: taxonomy/utility surface; do not delete; verify indexation,medium,yes
https://abadis-med.com/jet-menu/mega-item-12670/,fa,jet-menu,,review,low,https://abadis-med.com/jet-menu/mega-item-12670/,REVIEW,no,,FACT: taxonomy/utility surface; do not delete; verify indexation,medium,yes
https://abadis-med.com/jet-menu/mega-item-34/,fa,jet-menu,,review,low,https://abadis-med.com/jet-menu/mega-item-34/,REVIEW,no,,FACT: taxonomy/utility surface; do not delete; verify indexation,medium,yes
https://abadis-med.com/jet-menu/mega-item-33/,fa,jet-menu,,review,low,https://abadis-med.com/jet-menu/mega-item-33/,REVIEW,no,,FACT: taxonomy/utility surface; do not delete; verify indexation,medium,yes
https://abadis-med.com/,fa,page,,yes,high,https://abadis-med.com/,PRESERVE,no,,FACT: core page in page-sitemap; RECOMMENDATION default PRESERVE URL,medium,no
https://abadis-med.com/%d9%81%d8%b1%d8%b5%d8%aa-%d9%87%d8%a7%db%8c-%d9%87%d9%85%da%a9%d8%a7%d8%b1%db%8c/,fa,page,,yes,high,https://abadis-med.com/%d9%81%d8%b1%d8%b5%d8%aa-%d9%87%d8%a7%db%8c-%d9%87%d9%85%da%a9%d8%a7%d8%b1%db%8c/,PRESERVE,no,,FACT: core page in page-sitemap; RECOMMENDATION default PRESERVE URL,medium,no
https://abadis-med.com/%d9%85%d8%ad%d8%a7%d8%b3%d8%a8%d9%87-%da%af%d8%b1/,fa,page,,yes,high,https://abadis-med.com/%d9%85%d8%ad%d8%a7%d8%b3%d8%a8%d9%87-%da%af%d8%b1/,PRESERVE,no,,FACT: core page in page-sitemap; RECOMMENDATION default PRESERVE URL,medium,no
https://abadis-med.com/%d9%85%d9%88%d9%82%d8%b9%db%8c%d8%aa-%d9%87%d8%a7%db%8c-%d8%b4%d8%ba%d9%84%db%8c/,fa,page,,yes,high,https://abadis-med.com/%d9%85%d9%88%d9%82%d8%b9%db%8c%d8%aa-%d9%87%d8%a7%db%8c-%d8%b4%d8%ba%d9%84%db%8c/,PRESERVE,no,,FACT: core page in page-sitemap; RECOMMENDATION default PRESERVE URL,medium,no
https://abadis-med.com/%d8%b1%d8%a7%d9%87%d9%86%d9%85%d8%a7%db%8c-%d9%86%d8%b5%d8%a8/%d8%b1%d8%a7%d9%87%d9%86%d9%85%d8%a7%db%8c-%d8%a7%d8%b3%d8%aa%d9%81%d8%a7%d8%af%d9%87-%da%a9%d8%a7%d8%b1%d8%a8%d8%b1-%d9%86%d9%87%d8%a7%db%8c%db%8c/,fa,page,,yes,high,https://abadis-med.com/%d8%b1%d8%a7%d9%87%d9%86%d9%85%d8%a7%db%8c-%d9%86%d8%b5%d8%a8/%d8%b1%d8%a7%d9%87%d9%86%d9%85%d8%a7%db%8c-%d8%a7%d8%b3%d8%aa%d9%81%d8%a7%d8%af%d9%87-%da%a9%d8%a7%d8%b1%d8%a8%d8%b1-%d9%86%d9%87%d8%a7%db%8c%db%8c/,PRESERVE,no,,FACT: core page in page-sitemap; RECOMMENDATION default PRESERVE URL,medium,no
https://abadis-med.com/%da%a9%d8%a7%d8%aa%d8%a7%d9%84%d9%88%da%af/,fa,page,,yes,high,https://abadis-med.com/%da%a9%d8%a7%d8%aa%d8%a7%d9%84%d9%88%da%af/,PRESERVE,no,,FACT: core page in page-sitemap; RECOMMENDATION default PRESERVE URL,medium,no
https://abadis-med.com/%d9%85%d8%b4%d8%aa%d8%b1%db%8c%d8%a7%d9%86-%d9%85%d8%a7/,fa,page,,yes,high,https://abadis-med.com/%d9%85%d8%b4%d8%aa%d8%b1%db%8c%d8%a7%d9%86-%d9%85%d8%a7/,PRESERVE,no,,FACT: core page in page-sitemap; RECOMMENDATION default PRESERVE URL,medium,no
https://abadis-med.com/%d9%85%d9%82%d8%a7%d9%84%d8%a7%d8%aa/,fa,page,,yes,high,https://abadis-med.com/%d9%85%d9%82%d8%a7%d9%84%d8%a7%d8%aa/,PRESERVE,no,,FACT: core page in page-sitemap; RECOMMENDATION default PRESERVE URL,medium,no
https://abadis-med.com/%d8%b1%d8%a7%d9%87%d9%86%d9%85%d8%a7%db%8c-%d9%86%d8%b5%d8%a8/,fa,page,,yes,high,https://abadis-med.com/%d8%b1%d8%a7%d9%87%d9%86%d9%85%d8%a7%db%8c-%d9%86%d8%b5%d8%a8/,PRESERVE,no,,FACT: core page in page-sitemap; RECOMMENDATION default PRESERVE URL,medium,no
https://abadis-med.com/%d8%b1%d8%a7%d9%87%d9%86%d9%85%d8%a7%db%8c-%d9%86%d8%b5%d8%a8/%d8%b1%d8%a7%d9%87%d9%86%d9%85%d8%a7%db%8c-%d9%86%d8%b5%d8%a8-%d9%85%d8%ae%d8%a7%d8%b2%d9%86/,fa,page,,yes,high,https://abadis-med.com/%d8%b1%d8%a7%d9%87%d9%86%d9%85%d8%a7%db%8c-%d9%86%d8%b5%d8%a8/%d8%b1%d8%a7%d9%87%d9%86%d9%85%d8%a7%db%8c-%d9%86%d8%b5%d8%a8-%d9%85%d8%ae%d8%a7%d8%b2%d9%86/,PRESERVE,no,,FACT: core page in page-sitemap; RECOMMENDATION default PRESERVE URL,medium,no
https://abadis-med.com/%d9%be%d8%b1%d8%b3%d8%b4-%d9%87%d8%a7%db%8c-%d9%85%d8%aa%d8%af%d8%a7%d9%88%d9%84/,fa,page,,yes,high,https://abadis-med.com/%d9%be%d8%b1%d8%b3%d8%b4-%d9%87%d8%a7%db%8c-%d9%85%d8%aa%d8%af%d8%a7%d9%88%d9%84/,PRESERVE,no,,FACT: core page in page-sitemap; RECOMMENDATION default PRESERVE URL,medium,no
https://abadis-med.com/%d8%a2%d8%ae%d8%b1%db%8c%d9%86-%d8%a7%d8%ae%d8%a8%d8%a7%d8%b1/,fa,page,,yes,high,https://abadis-med.com/%d8%a2%d8%ae%d8%b1%db%8c%d9%86-%d8%a7%d8%ae%d8%a8%d8%a7%d8%b1/,PRESERVE,no,,FACT: core page in page-sitemap; RECOMMENDATION default PRESERVE URL,medium,no
https://abadis-med.com/%d9%85%d8%ad%d8%b5%d9%88%d9%84%d8%a7%d8%aa/%d8%a7%d8%aa%d8%b5%d8%a7%d9%84%d8%a7%d8%aa/,fa,page,,yes,high,https://abadis-med.com/%d9%85%d8%ad%d8%b5%d9%88%d9%84%d8%a7%d8%aa/%d8%a7%d8%aa%d8%b5%d8%a7%d9%84%d8%a7%d8%aa/,PRESERVE,no,,FACT: core page in page-sitemap; RECOMMENDATION default PRESERVE URL,medium,no
https://abadis-med.com/%d9%85%d8%ad%d8%b5%d9%88%d9%84%d8%a7%d8%aa/%d8%b3%d8%a7%da%a9%d8%b4%d9%86-%d8%aa%db%8c%d9%88%d8%a8/,fa,page,,yes,high,https://abadis-med.com/%d9%85%d8%ad%d8%b5%d9%88%d9%84%d8%a7%d8%aa/%d8%b3%d8%a7%da%a9%d8%b4%d9%86-%d8%aa%db%8c%d9%88%d8%a8/,PRESERVE,no,,FACT: core page in page-sitemap; RECOMMENDATION default PRESERVE URL,medium,no
https://abadis-med.com/%d8%aa%d9%88%d8%b3%d8%b9%d9%87-%d9%be%d8%a7%db%8c%d8%af%d8%a7%d8%b1/,fa,page,,yes,high,https://abadis-med.com/%d8%aa%d9%88%d8%b3%d8%b9%d9%87-%d9%be%d8%a7%db%8c%d8%af%d8%a7%d8%b1/,PRESERVE,no,,FACT: core page in page-sitemap; RECOMMENDATION default PRESERVE URL,medium,no
https://abadis-med.com/%d8%aa%d8%ac%d8%a7%d8%b1%d8%a8-%d9%85%d8%a7/,fa,page,,yes,high,https://abadis-med.com/%d8%aa%d8%ac%d8%a7%d8%b1%d8%a8-%d9%85%d8%a7/,PRESERVE,no,,FACT: core page in page-sitemap; RECOMMENDATION default PRESERVE URL,medium,no
https://abadis-med.com/%d9%85%d8%ad%d8%b5%d9%88%d9%84%d8%a7%d8%aa/%d8%b3%d8%a7%db%8c%d8%b1-%d9%85%d8%ad%d8%b5%d9%88%d9%84%d8%a7%d8%aa/,fa,page,,yes,high,https://abadis-med.com/%d9%85%d8%ad%d8%b5%d9%88%d9%84%d8%a7%d8%aa/%d8%b3%d8%a7%db%8c%d8%b1-%d9%85%d8%ad%d8%b5%d9%88%d9%84%d8%a7%d8%aa/,PRESERVE,no,,FACT: core page in page-sitemap; RECOMMENDATION default PRESERVE URL,medium,no
https://abadis-med.com/%d9%85%d8%b3%d8%a6%d9%88%d9%84%db%8c%d8%aa-%d8%a7%d8%ac%d8%aa%d9%85%d8%a7%d8%b9%db%8c/,fa,page,,yes,high,https://abadis-med.com/%d9%85%d8%b3%d8%a6%d9%88%d9%84%db%8c%d8%aa-%d8%a7%d8%ac%d8%aa%d9%85%d8%a7%d8%b9%db%8c/,PRESERVE,no,,FACT: core page in page-sitemap; RECOMMENDATION default PRESERVE URL,medium,no
https://abadis-med.com/%d9%85%d8%ad%d8%b5%d9%88%d9%84%d8%a7%d8%aa/%d9%81%db%8c%d9%84%d8%aa%d8%b1%d9%87%d8%a7/,fa,page,,yes,high,https://abadis-med.com/%d9%85%d8%ad%d8%b5%d9%88%d9%84%d8%a7%d8%aa/%d9%81%db%8c%d9%84%d8%aa%d8%b1%d9%87%d8%a7/,PRESERVE,no,,FACT: core page in page-sitemap; RECOMMENDATION default PRESERVE URL,medium,no
https://abadis-med.com/%d9%85%d8%ad%d8%b5%d9%88%d9%84%d8%a7%d8%aa/%d9%85%d8%ae%d8%b2%d9%86/,fa,page,,yes,high,https://abadis-med.com/%d9%85%d8%ad%d8%b5%d9%88%d9%84%d8%a7%d8%aa/%d9%85%d8%ae%d8%b2%d9%86/,PRESERVE,no,,FACT: core page in page-sitemap; RECOMMENDATION default PRESERVE URL,medium,no
https://abadis-med.com/%d9%84%db%8c%d8%b3%d8%aa-%d9%86%d9%85%d8%a7%db%8c%d9%86%d8%af%da%af%d8%a7%d9%86/,fa,page,,yes,high,https://abadis-med.com/%d9%84%db%8c%d8%b3%d8%aa-%d9%86%d9%85%d8%a7%db%8c%d9%86%d8%af%da%af%d8%a7%d9%86/,PRESERVE,no,,FACT: core page in page-sitemap; RECOMMENDATION default PRESERVE URL,medium,no
https://abadis-med.com/%d9%85%d8%ad%d8%b5%d9%88%d9%84%d8%a7%d8%aa/,fa,page,,yes,high,https://abadis-med.com/%d9%85%d8%ad%d8%b5%d9%88%d9%84%d8%a7%d8%aa/,PRESERVE,no,,FACT: core page in page-sitemap; RECOMMENDATION default PRESERVE URL,medium,no
https://abadis-med.com/%d9%85%d8%ad%d8%b5%d9%88%d9%84%d8%a7%d8%aa/%da%a9%db%8c%d8%b3%d9%87-%d8%b3%d8%a7%da%a9%d8%b4%d9%86/,fa,page,,yes,high,https://abadis-med.com/%d9%85%d8%ad%d8%b5%d9%88%d9%84%d8%a7%d8%aa/%da%a9%db%8c%d8%b3%d9%87-%d8%b3%d8%a7%da%a9%d8%b4%d9%86/,PRESERVE,no,,FACT: core page in page-sitemap; RECOMMENDATION default PRESERVE URL,medium,no
https://abadis-med.com/%d9%85%d8%ad%d8%b5%d9%88%d9%84%d8%a7%d8%aa/%d9%be%d8%a7%db%8c%d9%87/,fa,page,,yes,high,https://abadis-med.com/%d9%85%d8%ad%d8%b5%d9%88%d9%84%d8%a7%d8%aa/%d9%be%d8%a7%db%8c%d9%87/,PRESERVE,no,,FACT: core page in page-sitemap; RECOMMENDATION default PRESERVE URL,medium,no
https://abadis-med.com/%d8%a7%d8%b1%d8%aa%d8%a8%d8%a7%d8%b7-%d8%a8%d8%a7-%d9%85%d8%a7/,fa,page,,yes,high,https://abadis-med.com/%d8%a7%d8%b1%d8%aa%d8%a8%d8%a7%d8%b7-%d8%a8%d8%a7-%d9%85%d8%a7/,PRESERVE,no,,FACT: core page in page-sitemap; RECOMMENDATION default PRESERVE URL,medium,no
https://abadis-med.com/%d8%af%d8%b1%d8%a8%d8%a7%d8%b1%d9%87-%d9%85%d8%a7/,fa,page,,yes,high,https://abadis-med.com/%d8%af%d8%b1%d8%a8%d8%a7%d8%b1%d9%87-%d9%85%d8%a7/,PRESERVE,no,,FACT: core page in page-sitemap; RECOMMENDATION default PRESERVE URL,medium,no
https://abadis-med.com/%da%af%db%8c%d8%b1%d9%87-t-%d8%b4%da%a9%d9%84/,fa,post,,yes,medium,https://abadis-med.com/%da%af%db%8c%d8%b1%d9%87-t-%d8%b4%da%a9%d9%84/,PRESERVE,no,,FACT: post in post-sitemap; preserve unless later indexation review says otherwise,medium,no
https://abadis-med.com/fixture/,fa,post,,yes,medium,https://abadis-med.com/fixture/,PRESERVE,no,,FACT: post in post-sitemap; preserve unless later indexation review says otherwise,medium,no
https://abadis-med.com/%d9%86%d8%ad%d9%88%d9%87-%d9%86%d8%b5%d8%a8-%d9%85%d8%ae%d8%a7%d8%b2%d9%86/,fa,post,,yes,medium,https://abadis-med.com/%d9%86%d8%ad%d9%88%d9%87-%d9%86%d8%b5%d8%a8-%d9%85%d8%ae%d8%a7%d8%b2%d9%86/,PRESERVE,no,,FACT: post in post-sitemap; preserve unless later indexation review says otherwise,medium,no
https://abadis-med.com/%da%a9%d8%a7%d8%b1%d8%b4%d9%86%d8%a7%d8%b3-%d9%81%d8%b1%d9%88%d8%b4/,fa,post,,yes,medium,https://abadis-med.com/%da%a9%d8%a7%d8%b1%d8%b4%d9%86%d8%a7%d8%b3-%d9%81%d8%b1%d9%88%d8%b4/,PRESERVE,no,,FACT: post in post-sitemap; preserve unless later indexation review says otherwise,medium,no
https://abadis-med.com/%da%a9%d8%a7%d8%b1%d9%85%d9%86%d8%af-%d9%88%d8%b5%d9%88%d9%84-%d9%85%d8%b7%d8%a7%d9%84%d8%a8%d8%a7%d8%aa/,fa,post,,yes,medium,https://abadis-med.com/%da%a9%d8%a7%d8%b1%d9%85%d9%86%d8%af-%d9%88%d8%b5%d9%88%d9%84-%d9%85%d8%b7%d8%a7%d9%84%d8%a8%d8%a7%d8%aa/,PRESERVE,no,,FACT: post in post-sitemap; preserve unless later indexation review says otherwise,medium,no
https://abadis-med.com/%d8%aa%d8%b3%d8%aa/,fa,post,,yes,medium,https://abadis-med.com/%d8%aa%d8%b3%d8%aa/,PRESERVE,no,,FACT: post in post-sitemap; preserve unless later indexation review says otherwise,medium,no
https://abadis-med.com/%da%a9%d8%a7%d8%b1%d8%b4%d9%86%d8%a7%d8%b3-%d8%aa%d8%ad%d9%82%db%8c%d9%82%d8%a7%d8%aa-%d8%a8%d8%a7%d8%b2%d8%a7%d8%b1/,fa,post,,yes,medium,https://abadis-med.com/%da%a9%d8%a7%d8%b1%d8%b4%d9%86%d8%a7%d8%b3-%d8%aa%d8%ad%d9%82%db%8c%d9%82%d8%a7%d8%aa-%d8%a8%d8%a7%d8%b2%d8%a7%d8%b1/,PRESERVE,no,,FACT: post in post-sitemap; preserve unless later indexation review says otherwise,medium,no
https://abadis-med.com/%da%a9%d8%a7%d8%b1%d8%b4%d9%86%d8%a7%d8%b3-%d9%81%d8%b1%d9%88%d8%b4-2/,fa,post,,yes,medium,https://abadis-med.com/%da%a9%d8%a7%d8%b1%d8%b4%d9%86%d8%a7%d8%b3-%d9%81%d8%b1%d9%88%d8%b4-2/,PRESERVE,no,,FACT: post in post-sitemap; preserve unless later indexation review says otherwise,medium,no
https://abadis-med.com/%da%a9%d8%a7%d8%b1%d8%b4%d9%86%d8%a7%d8%b3-%d8%ad%d8%b3%d8%a7%d8%a8%d8%af%d8%a7%d8%b1%db%8c/,fa,post,,yes,medium,https://abadis-med.com/%da%a9%d8%a7%d8%b1%d8%b4%d9%86%d8%a7%d8%b3-%d8%ad%d8%b3%d8%a7%d8%a8%d8%af%d8%a7%d8%b1%db%8c/,PRESERVE,no,,FACT: post in post-sitemap; preserve unless later indexation review says otherwise,medium,no
https://abadis-med.com/%da%a9%d8%a7%d8%b1%d8%b4%d9%86%d8%a7%d8%b3-%d8%b5%d8%a7%d8%af%d8%b1%d8%a7%d8%aa/,fa,post,,yes,medium,https://abadis-med.com/%da%a9%d8%a7%d8%b1%d8%b4%d9%86%d8%a7%d8%b3-%d8%b5%d8%a7%d8%af%d8%b1%d8%a7%d8%aa/,PRESERVE,no,,FACT: post in post-sitemap; preserve unless later indexation review says otherwise,medium,no
https://abadis-med.com/%d9%86%db%8c%d8%b1%d9%88%db%8c-%d9%81%d9%86%db%8c/,fa,post,,yes,medium,https://abadis-med.com/%d9%86%db%8c%d8%b1%d9%88%db%8c-%d9%81%d9%86%db%8c/,PRESERVE,no,,FACT: post in post-sitemap; preserve unless later indexation review says otherwise,medium,no
https://abadis-med.com/%d9%85%d8%af%db%8c%d8%b1-%d9%81%d8%b1%d9%88%d8%b4/,fa,post,,yes,medium,https://abadis-med.com/%d9%85%d8%af%db%8c%d8%b1-%d9%81%d8%b1%d9%88%d8%b4/,PRESERVE,no,,FACT: post in post-sitemap; preserve unless later indexation review says otherwise,medium,no
https://abadis-med.com/%d8%a7%d9%87%d8%af%d8%a7-%d8%ac%d9%88%d8%a7%db%8c%d8%b2-%d9%82%d8%b1%d8%b9%d9%87-%da%a9%d8%b4%db%8c-%d8%b1%d9%88%d8%b2-%d9%be%d8%b1%d8%b3%d8%aa%d8%a7%d8%b1-%d8%b3%d8%a7%d9%84-%db%b9%db%b8/,fa,post,,yes,medium,https://abadis-med.com/%d8%a7%d9%87%d8%af%d8%a7-%d8%ac%d9%88%d8%a7%db%8c%d8%b2-%d9%82%d8%b1%d8%b9%d9%87-%da%a9%d8%b4%db%8c-%d8%b1%d9%88%d8%b2-%d9%be%d8%b1%d8%b3%d8%aa%d8%a7%d8%b1-%d8%b3%d8%a7%d9%84-%db%b9%db%b8/,PRESERVE,no,,FACT: post in post-sitemap; preserve unless later indexation review says otherwise,medium,no
https://abadis-med.com/%da%a9%d9%86%d8%aa%d8%b1%d9%84-%d8%b9%d9%81%d9%88%d9%86%d8%aa-%d9%87%d8%a7%db%8c-%d8%a8%db%8c%d9%85%d8%a7%d8%b1%d8%b3%d8%aa%d8%a7%d9%86%db%8c/,fa,post,,yes,medium,https://abadis-med.com/%da%a9%d9%86%d8%aa%d8%b1%d9%84-%d8%b9%d9%81%d9%88%d9%86%d8%aa-%d9%87%d8%a7%db%8c-%d8%a8%db%8c%d9%85%d8%a7%d8%b1%d8%b3%d8%aa%d8%a7%d9%86%db%8c/,PRESERVE,no,,FACT: post in post-sitemap; preserve unless later indexation review says otherwise,medium,no
https://abadis-med.com/%d9%85%d8%ae%d8%b2%d9%86-%d8%b3%d8%a7%da%a9%d8%b4%d9%86-%da%86%db%8c%d8%b3%d8%aa%d8%9f/,fa,post,,yes,high,https://abadis-med.com/%d9%85%d8%ae%d8%b2%d9%86-%d8%b3%d8%a7%da%a9%d8%b4%d9%86-%da%86%db%8c%d8%b3%d8%aa%d8%9f/,PRESERVE,no,,FACT: post in post-sitemap; preserve unless later indexation review says otherwise,medium,no
https://abadis-med.com/%d8%a7%d9%85%d8%ad%d8%a7-%d8%b2%d8%a8%d8%a7%d9%84%d9%87-%d9%87%d8%a7%db%8c-%d8%a8%db%8c%d9%85%d8%a7%d8%b1%d8%b3%d8%aa%d8%a7%d9%86%db%8c/,fa,post,,yes,medium,https://abadis-med.com/%d8%a7%d9%85%d8%ad%d8%a7-%d8%b2%d8%a8%d8%a7%d9%84%d9%87-%d9%87%d8%a7%db%8c-%d8%a8%db%8c%d9%85%d8%a7%d8%b1%d8%b3%d8%aa%d8%a7%d9%86%db%8c/,PRESERVE,no,,FACT: post in post-sitemap; preserve unless later indexation review says otherwise,medium,no
https://abadis-med.com/affordability-of-disposable-suction-bags/,fa,post,,yes,medium,https://abadis-med.com/affordability-of-disposable-suction-bags/,PRESERVE,no,,FACT: post in post-sitemap; preserve unless later indexation review says otherwise,medium,no
https://abadis-med.com/improving-the-environmental-effects-of-nosocomial-infectious-effluents-by-using-disposable-suction-liner-bagsfa/,fa,post,,yes,medium,https://abadis-med.com/improving-the-environmental-effects-of-nosocomial-infectious-effluents-by-using-disposable-suction-liner-bagsfa/,PRESERVE,no,,FACT: post in post-sitemap; preserve unless later indexation review says otherwise,medium,no
https://abadis-med.com/%d8%a7%d8%b1%d8%b2%d9%8a%d8%a7%d8%a8%d9%8a-%d9%88-%d8%aa%d8%ad%d9%84%d9%8a%d9%84-%d9%85%d9%88%d8%a7%d8%ac%d9%87%d8%a7%d8%aa-%d8%b4%d8%ba%d9%84%db%8c-%da%a9%d8%a7%d8%af%d8%b1-%d8%af%d8%b1%d9%85%d8%a7/,fa,post,,yes,medium,https://abadis-med.com/%d8%a7%d8%b1%d8%b2%d9%8a%d8%a7%d8%a8%d9%8a-%d9%88-%d8%aa%d8%ad%d9%84%d9%8a%d9%84-%d9%85%d9%88%d8%a7%d8%ac%d9%87%d8%a7%d8%aa-%d8%b4%d8%ba%d9%84%db%8c-%da%a9%d8%a7%d8%af%d8%b1-%d8%af%d8%b1%d9%85%d8%a7/,PRESERVE,no,,FACT: post in post-sitemap; preserve unless later indexation review says otherwise,medium,no
https://abadis-med.com/%d8%aa%d8%b5%d9%81%db%8c%d9%87-%d9%81%d8%a7%d8%b6%d9%84%d8%a7%d8%a8-%d8%a8%db%8c%d9%85%d8%a7%d8%b1%d8%b3%d8%aa%d8%a7%d9%86%db%8c/,fa,post,,yes,medium,https://abadis-med.com/%d8%aa%d8%b5%d9%81%db%8c%d9%87-%d9%81%d8%a7%d8%b6%d9%84%d8%a7%d8%a8-%d8%a8%db%8c%d9%85%d8%a7%d8%b1%d8%b3%d8%aa%d8%a7%d9%86%db%8c/,PRESERVE,no,,FACT: post in post-sitemap; preserve unless later indexation review says otherwise,medium,no
https://abadis-med.com/%da%a9%db%8c%d8%b3%d9%87-%d8%b3%d8%a7%da%a9%d8%b4%d9%86-%da%86%db%8c%d8%b3%d8%aa/,fa,post,,yes,high,https://abadis-med.com/%da%a9%db%8c%d8%b3%d9%87-%d8%b3%d8%a7%da%a9%d8%b4%d9%86-%da%86%db%8c%d8%b3%d8%aa/,PRESERVE,no,,FACT: post in post-sitemap; preserve unless later indexation review says otherwise,medium,no
https://abadis-med.com/%d8%b1%d8%b3%db%8c%d9%88%d8%b1-%d9%be%d8%b2%d8%b4%da%a9%db%8c-%da%86%db%8c%d8%b3%d8%aa%d8%9f/,fa,post,,yes,medium,https://abadis-med.com/%d8%b1%d8%b3%db%8c%d9%88%d8%b1-%d9%be%d8%b2%d8%b4%da%a9%db%8c-%da%86%db%8c%d8%b3%d8%aa%d8%9f/,PRESERVE,no,,FACT: post in post-sitemap; preserve unless later indexation review says otherwise,medium,no
https://abadis-med.com/%d8%ad%d8%b0%d9%81-%d8%a2%d9%86%d8%aa%db%8c%d8%a8%db%8c%d9%88%d8%aa%db%8c%da%a9-%d9%88%d9%86%da%a9%d9%88%d9%85%d8%a7%db%8c%d8%b3%db%8c%d9%86-%d8%a8%d8%a7-%d8%a7%d8%b3%d8%aa%d9%81%d8%a7%d8%af/,fa,post,,yes,medium,https://abadis-med.com/%d8%ad%d8%b0%d9%81-%d8%a2%d9%86%d8%aa%db%8c%d8%a8%db%8c%d9%88%d8%aa%db%8c%da%a9-%d9%88%d9%86%da%a9%d9%88%d9%85%d8%a7%db%8c%d8%b3%db%8c%d9%86-%d8%a8%d8%a7-%d8%a7%d8%b3%d8%aa%d9%81%d8%a7%d8%af/,PRESERVE,no,,FACT: post in post-sitemap; preserve unless later indexation review says otherwise,medium,no
https://abadis-med.com/%d8%aa%d8%ac%d9%87%db%8c%d8%b2%d8%a7%d8%aa-%d9%88-%d9%85%d8%ad%d8%b5%d9%88%d9%84%d8%a7%d8%aa-%d8%a8%db%8c%d9%85%d8%a7%d8%b1%d8%b3%d8%aa%d8%a7%d9%86%db%8c/,fa,post,,yes,high,https://abadis-med.com/%d8%aa%d8%ac%d9%87%db%8c%d8%b2%d8%a7%d8%aa-%d9%88-%d9%85%d8%ad%d8%b5%d9%88%d9%84%d8%a7%d8%aa-%d8%a8%db%8c%d9%85%d8%a7%d8%b1%d8%b3%d8%aa%d8%a7%d9%86%db%8c/,PRESERVE,no,,FACT: post in post-sitemap; preserve unless later indexation review says otherwise,medium,no
https://abadis-med.com/%d9%be%d8%a7%d8%aa%d9%88%da%98%d9%86/,fa,post,,yes,medium,https://abadis-med.com/%d9%be%d8%a7%d8%aa%d9%88%da%98%d9%86/,PRESERVE,no,,FACT: post in post-sitemap; preserve unless later indexation review says otherwise,medium,no
https://abadis-med.com/%d8%b3%db%8c%d8%b3%d8%aa%d9%85-%d8%b4%d8%b3%d8%aa%d8%b4%d9%88%db%8c-%d8%a8%db%8c%d9%85%d8%a7%d8%b1-%d9%88-%d8%b6%d8%af%d8%b9%d9%81%d9%88%d9%86%db%8c-%da%a9%d9%86%d9%86%d8%af%d9%87-%d8%aa%d8%ac%da%be/,fa,post,,yes,medium,https://abadis-med.com/%d8%b3%db%8c%d8%b3%d8%aa%d9%85-%d8%b4%d8%b3%d8%aa%d8%b4%d9%88%db%8c-%d8%a8%db%8c%d9%85%d8%a7%d8%b1-%d9%88-%d8%b6%d8%af%d8%b9%d9%81%d9%88%d9%86%db%8c-%da%a9%d9%86%d9%86%d8%af%d9%87-%d8%aa%d8%ac%da%be/,PRESERVE,no,,FACT: post in post-sitemap; preserve unless later indexation review says otherwise,medium,no
https://abadis-med.com/%d8%a8%d8%b1%d8%b1%d8%b3%db%8c-%d8%b9%d9%84%d9%84-%d8%a7%db%8c%d8%ac%d8%a7%d8%af-%d9%be%d8%b1%db%8c%d8%aa%d9%88%d9%86%db%8c%d8%aa-%d8%af%d8%b1-%d8%a8%d8%ae%d8%b4-%d8%af%db%8c%d8%a7%d9%84%db%8c%d8%b2/,fa,post,,yes,medium,https://abadis-med.com/%d8%a8%d8%b1%d8%b1%d8%b3%db%8c-%d8%b9%d9%84%d9%84-%d8%a7%db%8c%d8%ac%d8%a7%d8%af-%d9%be%d8%b1%db%8c%d8%aa%d9%88%d9%86%db%8c%d8%aa-%d8%af%d8%b1-%d8%a8%d8%ae%d8%b4-%d8%af%db%8c%d8%a7%d9%84%db%8c%d8%b2/,PRESERVE,no,,FACT: post in post-sitemap; preserve unless later indexation review says otherwise,medium,no
https://abadis-med.com/%d9%85%d9%82%d8%a7%db%8c%d8%b3%d9%87%db%8c-%d9%86%d8%a7%d9%86%d9%88-%d9%88%d8%a7%da%a9%d8%b3%d9%86-%d9%87%d8%a7-%d9%88-%d9%88%d8%a7%da%a9%d8%b3%d9%86-%d9%87%d8%a7%db%8c-%d8%a8%d8%b1/,fa,post,,yes,medium,https://abadis-med.com/%d9%85%d9%82%d8%a7%db%8c%d8%b3%d9%87%db%8c-%d9%86%d8%a7%d9%86%d9%88-%d9%88%d8%a7%da%a9%d8%b3%d9%86-%d9%87%d8%a7-%d9%88-%d9%88%d8%a7%da%a9%d8%b3%d9%86-%d9%87%d8%a7%db%8c-%d8%a8%d8%b1/,PRESERVE,no,,FACT: post in post-sitemap; preserve unless later indexation review says otherwise,medium,no
https://abadis-med.com/%d8%a8%d8%b1%d8%b1%d8%b3%db%8c-%d8%a2%d9%84%d9%88%d8%af%da%af%db%8c-%d9%87%d8%a7%db%8c-%d9%82%d8%a7%d8%b1%da%86%db%8c-%d8%a8%d9%87-%d9%88%d9%8a%da%98%d9%87-%d8%b9%d9%88%d8%a7%d9%85%d9%84-%d9%85%d9%88/,fa,post,,yes,medium,https://abadis-med.com/%d8%a8%d8%b1%d8%b1%d8%b3%db%8c-%d8%a2%d9%84%d9%88%d8%af%da%af%db%8c-%d9%87%d8%a7%db%8c-%d9%82%d8%a7%d8%b1%da%86%db%8c-%d8%a8%d9%87-%d9%88%d9%8a%da%98%d9%87-%d8%b9%d9%88%d8%a7%d9%85%d9%84-%d9%85%d9%88/,PRESERVE,no,,FACT: post in post-sitemap; preserve unless later indexation review says otherwise,medium,no
https://abadis-med.com/%d9%86%d8%b8%d8%a7%d9%85-%d9%85%d8%b1%d8%a7%d9%82%d8%a8%d8%aa-%d8%b9%d9%81%d9%88%d9%86%d8%aa-%d9%87%d8%a7%db%8c-%d8%a8%db%8c%d9%85%d8%a7%d8%b1%d8%b3%d8%aa%d8%a7%d9%86%db%8c-%d9%88-%d9%be%db%8c%d8%b4/,fa,post,,yes,medium,https://abadis-med.com/%d9%86%d8%b8%d8%a7%d9%85-%d9%85%d8%b1%d8%a7%d9%82%d8%a8%d8%aa-%d8%b9%d9%81%d9%88%d9%86%d8%aa-%d9%87%d8%a7%db%8c-%d8%a8%db%8c%d9%85%d8%a7%d8%b1%d8%b3%d8%aa%d8%a7%d9%86%db%8c-%d9%88-%d9%be%db%8c%d8%b4/,PRESERVE,no,,FACT: post in post-sitemap; preserve unless later indexation review says otherwise,medium,no
https://abadis-med.com/%d8%af%d8%b3%d8%aa%d9%88%d8%b1%d8%a7%d9%84%d8%b9%d9%85%d9%84-%d8%a7%d8%ac%d8%b1%d8%a7%db%8c%db%8c-%d9%86%d8%ad%d9%88%d9%87-%d8%b6%d8%af%d8%b9%d9%81%d9%88%d9%86%db%8c-%d8%a7%d8%a8%d8%b2%d8%a7%d8%b1/,fa,post,,yes,medium,https://abadis-med.com/%d8%af%d8%b3%d8%aa%d9%88%d8%b1%d8%a7%d9%84%d8%b9%d9%85%d9%84-%d8%a7%d8%ac%d8%b1%d8%a7%db%8c%db%8c-%d9%86%d8%ad%d9%88%d9%87-%d8%b6%d8%af%d8%b9%d9%81%d9%88%d9%86%db%8c-%d8%a7%d8%a8%d8%b2%d8%a7%d8%b1/,PRESERVE,no,,FACT: post in post-sitemap; preserve unless later indexation review says otherwise,medium,no
https://abadis-med.com/%d9%be%d8%b1%d9%88%d8%aa%da%a9%d9%84-%d8%ac%d8%a7%d9%85%d8%b9-%d9%81%d8%b1%d8%a2%db%8c%d9%86%d8%af-%d8%b6%d8%af-%d8%b9%d9%81%d9%88%d9%86%db%8c-%d8%a8%d8%a7-%d9%86%d9%88%d8%b1-%d9%81%d8%b1%d8%a7%d8%a8/,fa,post,,yes,medium,https://abadis-med.com/%d9%be%d8%b1%d9%88%d8%aa%da%a9%d9%84-%d8%ac%d8%a7%d9%85%d8%b9-%d9%81%d8%b1%d8%a2%db%8c%d9%86%d8%af-%d8%b6%d8%af-%d8%b9%d9%81%d9%88%d9%86%db%8c-%d8%a8%d8%a7-%d9%86%d9%88%d8%b1-%d9%81%d8%b1%d8%a7%d8%a8/,PRESERVE,no,,FACT: post in post-sitemap; preserve unless later indexation review says otherwise,medium,no
https://abadis-med.com/%d8%a7%d9%84%da%af%d9%88%db%8c-%d9%85%d9%82%d8%a7%d9%88%d9%85%d8%aa-%d8%a2%d9%86%d8%aa%db%8c-%d8%a8%db%8c%d9%88%d8%aa%db%8c%da%a9%db%8c-%d8%a8%d8%a7%da%a9%d8%aa%d8%b1%db%8c%d9%87%d8%a7%db%8c/,fa,post,,yes,medium,https://abadis-med.com/%d8%a7%d9%84%da%af%d9%88%db%8c-%d9%85%d9%82%d8%a7%d9%88%d9%85%d8%aa-%d8%a2%d9%86%d8%aa%db%8c-%d8%a8%db%8c%d9%88%d8%aa%db%8c%da%a9%db%8c-%d8%a8%d8%a7%da%a9%d8%aa%d8%b1%db%8c%d9%87%d8%a7%db%8c/,PRESERVE,no,,FACT: post in post-sitemap; preserve unless later indexation review says otherwise,medium,no
https://abadis-med.com/%d8%a8%d8%b1%d8%b1%d8%b3%db%8c-%d9%81%d8%b1%d8%a7%d9%88%d8%a7%d9%86%db%8c-%d9%be%d9%86%d9%88%d9%85%d9%88%d9%86%db%8c-%d9%86%d8%a7%d8%b4%db%8c-%d8%a7%d8%b2-%d9%88%d9%86%d8%aa%db%8c%d9%84%d8%a7%d8%aa/,fa,post,,yes,medium,https://abadis-med.com/%d8%a8%d8%b1%d8%b1%d8%b3%db%8c-%d9%81%d8%b1%d8%a7%d9%88%d8%a7%d9%86%db%8c-%d9%be%d9%86%d9%88%d9%85%d9%88%d9%86%db%8c-%d9%86%d8%a7%d8%b4%db%8c-%d8%a7%d8%b2-%d9%88%d9%86%d8%aa%db%8c%d9%84%d8%a7%d8%aa/,PRESERVE,no,,FACT: post in post-sitemap; preserve unless later indexation review says otherwise,medium,no
https://abadis-med.com/%d9%85%db%8c%d8%b2%d8%a7%d9%86-%d8%af%d8%a7%d9%86%d8%b4-%d9%85%d8%b1%d8%a7%d9%82%d8%a8%d8%aa-%d8%af%d8%b1-%d9%be%db%8c%d8%b4%da%af%db%8c%d8%b1%db%8c-%d9%88-%da%a9%d9%86%d8%aa%d8%b1%d9%84-%d9%be/,fa,post,,yes,medium,https://abadis-med.com/%d9%85%db%8c%d8%b2%d8%a7%d9%86-%d8%af%d8%a7%d9%86%d8%b4-%d9%85%d8%b1%d8%a7%d9%82%d8%a8%d8%aa-%d8%af%d8%b1-%d9%be%db%8c%d8%b4%da%af%db%8c%d8%b1%db%8c-%d9%88-%da%a9%d9%86%d8%aa%d8%b1%d9%84-%d9%be/,PRESERVE,no,,FACT: post in post-sitemap; preserve unless later indexation review says otherwise,medium,no
https://abadis-med.com/%d9%85%d8%af%d9%8a%d8%b1%d9%8a%d8%aa-%d9%be%d8%b3%d9%85%d8%a7%d9%86%d8%af-%d9%87%d8%a7%d9%89-%d8%b9%d9%81%d9%88%d9%86%db%8c-%d8%a8%d9%8a%d9%85%d8%a7%d8%b1%d8%b3%d8%aa%d8%a7%d9%86/,fa,post,,yes,medium,https://abadis-med.com/%d9%85%d8%af%d9%8a%d8%b1%d9%8a%d8%aa-%d9%be%d8%b3%d9%85%d8%a7%d9%86%d8%af-%d9%87%d8%a7%d9%89-%d8%b9%d9%81%d9%88%d9%86%db%8c-%d8%a8%d9%8a%d9%85%d8%a7%d8%b1%d8%b3%d8%aa%d8%a7%d9%86/,PRESERVE,no,,FACT: post in post-sitemap; preserve unless later indexation review says otherwise,medium,no
https://abadis-med.com/%d8%b7%d8%b1%d8%a7%d8%ad%db%8c-%d9%88-%d8%a7%d8%ac%d8%b1%d8%a7%db%8c-%d8%af%d8%b3%d8%aa%d9%88%d8%b1%d8%a7%d9%84%d8%b9%d9%85%d9%84-%d9%85%d8%af%db%8c%d8%b1%db%8c%d8%aa-%d9%85%d8%b5%d8%b1%d9%81-%d9%88/,fa,post,,yes,medium,https://abadis-med.com/%d8%b7%d8%b1%d8%a7%d8%ad%db%8c-%d9%88-%d8%a7%d8%ac%d8%b1%d8%a7%db%8c-%d8%af%d8%b3%d8%aa%d9%88%d8%b1%d8%a7%d9%84%d8%b9%d9%85%d9%84-%d9%85%d8%af%db%8c%d8%b1%db%8c%d8%aa-%d9%85%d8%b5%d8%b1%d9%81-%d9%88/,PRESERVE,no,,FACT: post in post-sitemap; preserve unless later indexation review says otherwise,medium,no
https://abadis-med.com/%da%a9%d9%84%d8%a7%d8%b3-%d8%ae%d8%b7%d8%b1-%d8%aa%d8%ac%d9%87%db%8c%d8%b2%d8%a7%d8%aa-%d9%be%d8%b2%d8%b4%da%a9%db%8c-%da%86%db%8c%d8%b3%d8%aa-%d8%9f/,fa,post,,yes,medium,https://abadis-med.com/%da%a9%d9%84%d8%a7%d8%b3-%d8%ae%d8%b7%d8%b1-%d8%aa%d8%ac%d9%87%db%8c%d8%b2%d8%a7%d8%aa-%d9%be%d8%b2%d8%b4%da%a9%db%8c-%da%86%db%8c%d8%b3%d8%aa-%d8%9f/,PRESERVE,no,,FACT: post in post-sitemap; preserve unless later indexation review says otherwise,medium,no
https://abadis-med.com/%da%af%d8%b2%d8%a7%d8%b1%d8%b4-%da%a9%d9%86%da%af%d8%b1%d9%87-%da%a9%d9%86%d8%aa%d8%b1%d9%84-%d8%b9%d9%81%d9%88%d9%86%d8%aa-%db%b1%db%b3%db%b9%db%b7/,fa,post,,yes,medium,https://abadis-med.com/%da%af%d8%b2%d8%a7%d8%b1%d8%b4-%da%a9%d9%86%da%af%d8%b1%d9%87-%da%a9%d9%86%d8%aa%d8%b1%d9%84-%d8%b9%d9%81%d9%88%d9%86%d8%aa-%db%b1%db%b3%db%b9%db%b7/,PRESERVE,no,,FACT: post in post-sitemap; preserve unless later indexation review says otherwise,medium,no
https://abadis-med.com/%d8%b1%d9%88%d9%86%d9%85%d8%a7%db%8c%db%8c-%d8%a7%d8%b2-%d9%85%d8%ad%d8%b5%d9%88%d9%84-%d9%81%db%8c%da%a9%d8%b3%d8%b1-%d8%a2%d8%a8%d8%a7%d8%af%db%8c%d8%b3/,fa,post,,yes,medium,https://abadis-med.com/%d8%b1%d9%88%d9%86%d9%85%d8%a7%db%8c%db%8c-%d8%a7%d8%b2-%d9%85%d8%ad%d8%b5%d9%88%d9%84-%d9%81%db%8c%da%a9%d8%b3%d8%b1-%d8%a2%d8%a8%d8%a7%d8%af%db%8c%d8%b3/,PRESERVE,no,,FACT: post in post-sitemap; preserve unless later indexation review says otherwise,medium,no
https://abadis-med.com/%d9%85%d8%b5%d8%a7%d8%ad%d8%a8%d9%87-%d8%a8%d8%a7-%d9%87%d9%85%da%a9%d8%a7%d8%b1%d8%a7%d9%86-%d9%88-%d9%85%d8%af%db%8c%d8%b1%d8%a7%d9%86-%d9%85%d8%ae%d8%a7%d8%b2%d9%86-%d8%b7%d8%a8%db%8c-%d8%a2%d8%a8/,fa,post,,yes,medium,https://abadis-med.com/%d9%85%d8%b5%d8%a7%d8%ad%d8%a8%d9%87-%d8%a8%d8%a7-%d9%87%d9%85%da%a9%d8%a7%d8%b1%d8%a7%d9%86-%d9%88-%d9%85%d8%af%db%8c%d8%b1%d8%a7%d9%86-%d9%85%d8%ae%d8%a7%d8%b2%d9%86-%d8%b7%d8%a8%db%8c-%d8%a2%d8%a8/,PRESERVE,no,,FACT: post in post-sitemap; preserve unless later indexation review says otherwise,medium,no
https://abadis-med.com/iran-radio-interview-with-abadis-medical/,fa,post,,yes,medium,https://abadis-med.com/iran-radio-interview-with-abadis-medical/,PRESERVE,no,,FACT: post in post-sitemap; preserve unless later indexation review says otherwise,medium,no
https://abadis-med.com/%d9%85%d8%b5%d8%a7%d8%ad%d8%a8%d9%87-%d9%85%d8%a7%d9%87%d9%86%d8%a7%d9%85%d9%87-%d9%85%d9%87%d9%86%d8%af%d8%b3%db%8c-%d9%be%d8%b2%d8%b4%da%a9%db%8c-%d8%a8%d8%a7-%d9%85%d8%b4%d8%a7%d9%88%d8%b1-%d8%a7/,fa,post,,yes,medium,https://abadis-med.com/%d9%85%d8%b5%d8%a7%d8%ad%d8%a8%d9%87-%d9%85%d8%a7%d9%87%d9%86%d8%a7%d9%85%d9%87-%d9%85%d9%87%d9%86%d8%af%d8%b3%db%8c-%d9%be%d8%b2%d8%b4%da%a9%db%8c-%d8%a8%d8%a7-%d9%85%d8%b4%d8%a7%d9%88%d8%b1-%d8%a7/,PRESERVE,no,,FACT: post in post-sitemap; preserve unless later indexation review says otherwise,medium,no
https://abadis-med.com/%d8%ad%d8%b6%d9%88%d8%b1-%d8%b4%d8%b1%da%a9%d8%aa-%d9%85%d8%ae%d8%a7%d8%b2%d9%86-%d8%b7%d8%a8%db%8c-%d8%a2%d8%a8%d8%a7%d8%af%db%8c%d8%b3-%d8%af%d8%b1-%da%86%d9%87%d8%a7%d8%b1%d8%af%d9%87%d9%85%db%8c/,fa,post,,yes,medium,https://abadis-med.com/%d8%ad%d8%b6%d9%88%d8%b1-%d8%b4%d8%b1%da%a9%d8%aa-%d9%85%d8%ae%d8%a7%d8%b2%d9%86-%d8%b7%d8%a8%db%8c-%d8%a2%d8%a8%d8%a7%d8%af%db%8c%d8%b3-%d8%af%d8%b1-%da%86%d9%87%d8%a7%d8%b1%d8%af%d9%87%d9%85%db%8c/,PRESERVE,no,,FACT: post in post-sitemap; preserve unless later indexation review says otherwise,medium,no
https://abadis-med.com/%d8%a7%d8%ae%d8%b0-%da%af%d9%88%d8%a7%d9%87%db%8c-ce-%d8%a7%d8%aa%d8%ad%d8%a7%d8%af%db%8c%d9%87-%d8%a7%d8%b1%d9%88%d9%be%d8%a7/,fa,post,,yes,medium,https://abadis-med.com/%d8%a7%d8%ae%d8%b0-%da%af%d9%88%d8%a7%d9%87%db%8c-ce-%d8%a7%d8%aa%d8%ad%d8%a7%d8%af%db%8c%d9%87-%d8%a7%d8%b1%d9%88%d9%be%d8%a7/,PRESERVE,no,,FACT: post in post-sitemap; preserve unless later indexation review says otherwise,medium,no
https://abadis-med.com/%d8%b1%d9%88-%d9%86%d9%85%d8%a7%db%8c%db%8c-%d8%a7%d8%b2-%d9%85%d8%ad%d8%b5%d9%88%d9%84%d8%a7%d8%aa-%d8%ac%d8%af%db%8c%d8%af-%d8%a2%d8%a8%d8%a7%d8%af%db%8c%d8%b3-%d8%af%d8%b1-%d8%ad%d9%88%d8%b2%d9%87/,fa,post,,yes,high,https://abadis-med.com/%d8%b1%d9%88-%d9%86%d9%85%d8%a7%db%8c%db%8c-%d8%a7%d8%b2-%d9%85%d8%ad%d8%b5%d9%88%d9%84%d8%a7%d8%aa-%d8%ac%d8%af%db%8c%d8%af-%d8%a2%d8%a8%d8%a7%d8%af%db%8c%d8%b3-%d8%af%d8%b1-%d8%ad%d9%88%d8%b2%d9%87/,PRESERVE,no,,FACT: post in post-sitemap; preserve unless later indexation review says otherwise,medium,no
https://abadis-med.com/%d8%a7%d8%b3%d8%a7%d9%85%db%8c-%d8%a8%d8%b1%d9%86%d8%af%da%af%d8%a7%d9%86-%d9%85%d8%b3%d8%a7%d8%a8%d9%82%d9%87-%d8%b1%d9%88%d8%b2-%d9%be%d8%b1%d8%b3%d8%aa%d8%a7%d8%b1-%d8%b3%d8%a7%d9%84-1400/,fa,post,,yes,medium,https://abadis-med.com/%d8%a7%d8%b3%d8%a7%d9%85%db%8c-%d8%a8%d8%b1%d9%86%d8%af%da%af%d8%a7%d9%86-%d9%85%d8%b3%d8%a7%d8%a8%d9%82%d9%87-%d8%b1%d9%88%d8%b2-%d9%be%d8%b1%d8%b3%d8%aa%d8%a7%d8%b1-%d8%b3%d8%a7%d9%84-1400/,PRESERVE,no,,FACT: post in post-sitemap; preserve unless later indexation review says otherwise,medium,no
https://abadis-med.com/%d9%85%d8%b5%d8%a7%d8%ad%d8%a8%d9%87-%d9%85%d8%af%db%8c%d8%b1%d8%a7%d9%86-%d9%85%d8%ae%d8%a7%d8%b2%d9%86-%d8%b7%d8%a8%db%8c-%d8%a2%d8%a8%d8%a7%d8%af%db%8c%d8%b3-%d8%a8%d8%a7-%d9%85%d8%af%db%8c%d8%b1/,fa,post,,yes,medium,https://abadis-med.com/%d9%85%d8%b5%d8%a7%d8%ad%d8%a8%d9%87-%d9%85%d8%af%db%8c%d8%b1%d8%a7%d9%86-%d9%85%d8%ae%d8%a7%d8%b2%d9%86-%d8%b7%d8%a8%db%8c-%d8%a2%d8%a8%d8%a7%d8%af%db%8c%d8%b3-%d8%a8%d8%a7-%d9%85%d8%af%db%8c%d8%b1/,PRESERVE,no,,FACT: post in post-sitemap; preserve unless later indexation review says otherwise,medium,no
https://abadis-med.com/%d9%85%d8%b5%d8%a7%d8%ad%d8%a8%d9%87-%d9%85%d8%af%db%8c%d8%b1%d8%a7%d9%86-%d8%a2%d8%a8%d8%a7%d8%af%db%8c%d8%b3-%d8%a8%d8%a7-%d8%ae%d8%a8%d8%b1%da%af%d8%b2%d8%a7%d8%b1%db%8c-%d9%81%d8%a7%d8%b1%d8%b3/,fa,post,,yes,medium,https://abadis-med.com/%d9%85%d8%b5%d8%a7%d8%ad%d8%a8%d9%87-%d9%85%d8%af%db%8c%d8%b1%d8%a7%d9%86-%d8%a2%d8%a8%d8%a7%d8%af%db%8c%d8%b3-%d8%a8%d8%a7-%d8%ae%d8%a8%d8%b1%da%af%d8%b2%d8%a7%d8%b1%db%8c-%d9%81%d8%a7%d8%b1%d8%b3/,PRESERVE,no,,FACT: post in post-sitemap; preserve unless later indexation review says otherwise,medium,no
https://abadis-med.com/%d9%85%d8%b5%d8%a7%d8%ad%d8%a8%d9%87-%d9%85%d8%af%db%8c%d8%b1%d8%a7%d9%86-%d8%a2%d8%a8%d8%a7%d8%af%db%8c%d8%b3-%d8%a8%d8%a7-%d8%ae%d8%a8%d8%b1%da%af%d8%b2%d8%a7%d8%b1%db%8c-%d8%a7%d8%ae%d8%a8%d8%a7/,fa,post,,yes,medium,https://abadis-med.com/%d9%85%d8%b5%d8%a7%d8%ad%d8%a8%d9%87-%d9%85%d8%af%db%8c%d8%b1%d8%a7%d9%86-%d8%a2%d8%a8%d8%a7%d8%af%db%8c%d8%b3-%d8%a8%d8%a7-%d8%ae%d8%a8%d8%b1%da%af%d8%b2%d8%a7%d8%b1%db%8c-%d8%a7%d8%ae%d8%a8%d8%a7/,PRESERVE,no,,FACT: post in post-sitemap; preserve unless later indexation review says otherwise,medium,no
https://abadis-med.com/%da%af%d8%b2%d8%a7%d8%b1%d8%b4-%d8%a8%db%8c%d8%b3%d8%aa-%d9%88-%d8%b3%d9%88%d9%85%db%8c%d9%86-%d9%86%d9%85%d8%a7%db%8c%d8%b4%da%af%d8%a7%d9%87-%d8%a8%db%8c%d9%86-%d8%a7%d9%84%d9%85%d9%84%d9%84%db%8c/,fa,post,,yes,medium,https://abadis-med.com/%da%af%d8%b2%d8%a7%d8%b1%d8%b4-%d8%a8%db%8c%d8%b3%d8%aa-%d9%88-%d8%b3%d9%88%d9%85%db%8c%d9%86-%d9%86%d9%85%d8%a7%db%8c%d8%b4%da%af%d8%a7%d9%87-%d8%a8%db%8c%d9%86-%d8%a7%d9%84%d9%85%d9%84%d9%84%db%8c/,PRESERVE,no,,FACT: post in post-sitemap; preserve unless later indexation review says otherwise,medium,no
https://abadis-med.com/%d8%b4%d8%b1%da%a9%d8%aa-%d9%85%d8%ae%d8%a7%d8%b2%d9%86-%d8%b7%d8%a8%db%8c-%d8%a2%d8%a8%d8%a7%d8%af%db%8c%d8%b3-%d8%af%d8%a7%d9%86%d8%b4-%d8%a8%d9%86%db%8c%d8%a7%d9%86-%d8%b4%d8%af/,fa,post,,yes,medium,https://abadis-med.com/%d8%b4%d8%b1%da%a9%d8%aa-%d9%85%d8%ae%d8%a7%d8%b2%d9%86-%d8%b7%d8%a8%db%8c-%d8%a2%d8%a8%d8%a7%d8%af%db%8c%d8%b3-%d8%af%d8%a7%d9%86%d8%b4-%d8%a8%d9%86%db%8c%d8%a7%d9%86-%d8%b4%d8%af/,PRESERVE,no,,FACT: post in post-sitemap; preserve unless later indexation review says otherwise,medium,no
https://abadis-med.com/%d8%ad%d8%b6%d9%88%d8%b1-%d9%85%d8%ae%d8%a7%d8%b2%d9%86-%d8%b7%d8%a8%db%8c-%d8%a2%d8%a8%d8%a7%d8%af%db%8c%d8%b3-%d8%af%d8%b1-%d9%86%d9%85%d8%a7%db%8c%d8%b4%da%af%d8%a7%d9%87-%d8%aa%d8%ac%d9%87%db%8c/,fa,post,,yes,medium,https://abadis-med.com/%d8%ad%d8%b6%d9%88%d8%b1-%d9%85%d8%ae%d8%a7%d8%b2%d9%86-%d8%b7%d8%a8%db%8c-%d8%a2%d8%a8%d8%a7%d8%af%db%8c%d8%b3-%d8%af%d8%b1-%d9%86%d9%85%d8%a7%db%8c%d8%b4%da%af%d8%a7%d9%87-%d8%aa%d8%ac%d9%87%db%8c/,PRESERVE,no,,FACT: post in post-sitemap; preserve unless later indexation review says otherwise,medium,no
https://abadis-med.com/%d9%85%d8%ac%d9%85%d8%b9-%d9%81%d9%88%d9%82-%d8%a7%d9%84%d8%b9%d8%a7%d8%af%d9%87-%d8%a7%d8%aa%d8%ad%d8%a7%d8%af%db%8c%d9%87-%d8%aa%d9%88%d9%84%db%8c%d8%af%da%a9%d9%86%d9%86%d8%af%da%af%d8%a7/,fa,post,,yes,medium,https://abadis-med.com/%d9%85%d8%ac%d9%85%d8%b9-%d9%81%d9%88%d9%82-%d8%a7%d9%84%d8%b9%d8%a7%d8%af%d9%87-%d8%a7%d8%aa%d8%ad%d8%a7%d8%af%db%8c%d9%87-%d8%aa%d9%88%d9%84%db%8c%d8%af%da%a9%d9%86%d9%86%d8%af%da%af%d8%a7/,PRESERVE,no,,FACT: post in post-sitemap; preserve unless later indexation review says otherwise,medium,no
https://abadis-med.com/%d8%b1%d9%88-%d9%86%d9%85%d8%a7%db%8c%db%8c-%d8%a7%d8%b2-%d9%85%d8%ad%d8%b5%d9%88%d9%84-%d8%ac%d8%af%db%8c%d8%af-%d8%a2%d8%a8%d8%a7%d8%af%db%8c%d8%b3-%d8%af%d8%b1-%d8%ad%d9%88%d8%b2%d9%87-%da%a9%d9%86/,fa,post,,yes,medium,https://abadis-med.com/%d8%b1%d9%88-%d9%86%d9%85%d8%a7%db%8c%db%8c-%d8%a7%d8%b2-%d9%85%d8%ad%d8%b5%d9%88%d9%84-%d8%ac%d8%af%db%8c%d8%af-%d8%a2%d8%a8%d8%a7%d8%af%db%8c%d8%b3-%d8%af%d8%b1-%d8%ad%d9%88%d8%b2%d9%87-%da%a9%d9%86/,PRESERVE,no,,FACT: post in post-sitemap; preserve unless later indexation review says otherwise,medium,no
https://abadis-med.com/%d9%85%d8%ad%d8%b5%d9%88%d9%84%d8%a7%d8%aa-%d8%ac%d8%af%db%8c%d8%af-%d9%85%d8%ae%d8%a7%d8%b2%d9%86-%d8%b7%d8%a8%db%8c-%d8%a2%d8%a8%d8%a7%d8%af%db%8c%d8%b3-%d8%b1%d9%88%d9%86%d9%85%d8%a7%db%8c%db%8c/,fa,post,,yes,high,https://abadis-med.com/%d9%85%d8%ad%d8%b5%d9%88%d9%84%d8%a7%d8%aa-%d8%ac%d8%af%db%8c%d8%af-%d9%85%d8%ae%d8%a7%d8%b2%d9%86-%d8%b7%d8%a8%db%8c-%d8%a2%d8%a8%d8%a7%d8%af%db%8c%d8%b3-%d8%b1%d9%88%d9%86%d9%85%d8%a7%db%8c%db%8c/,PRESERVE,no,,FACT: post in post-sitemap; preserve unless later indexation review says otherwise,medium,no
https://abadis-med.com/%d8%ad%d8%b6%d9%88%d8%b1-%d9%85%d8%ae%d8%a7%d8%b2%d9%86-%d8%b7%d8%a8%db%8c-%d8%a2%d8%a8%d8%a7%d8%af%db%8c%d8%b3-%d8%af%d8%b1-%d9%86%d9%85%d8%a7%db%8c%d8%b4%da%af%d8%a7%d9%87-%d8%aa%d8%ac%d9%87%db%8c-2/,fa,post,,yes,medium,https://abadis-med.com/%d8%ad%d8%b6%d9%88%d8%b1-%d9%85%d8%ae%d8%a7%d8%b2%d9%86-%d8%b7%d8%a8%db%8c-%d8%a2%d8%a8%d8%a7%d8%af%db%8c%d8%b3-%d8%af%d8%b1-%d9%86%d9%85%d8%a7%db%8c%d8%b4%da%af%d8%a7%d9%87-%d8%aa%d8%ac%d9%87%db%8c-2/,PRESERVE,no,,FACT: post in post-sitemap; preserve unless later indexation review says otherwise,medium,no
https://abadis-med.com/%d8%ad%d8%b6%d9%88%d8%b1-%d9%85%d8%ae%d8%a7%d8%b2%d9%86-%d8%b7%d8%a8%db%8c-%d8%a2%d8%a8%d8%a7%d8%af%db%8c%d8%b3-%d8%af%d8%b1-%d9%86%d9%85%d8%a7%db%8c%d8%b4%da%af%d8%a7%d9%87-%d8%aa%d8%ac%d9%87%db%8c-3/,fa,post,,yes,medium,https://abadis-med.com/%d8%ad%d8%b6%d9%88%d8%b1-%d9%85%d8%ae%d8%a7%d8%b2%d9%86-%d8%b7%d8%a8%db%8c-%d8%a2%d8%a8%d8%a7%d8%af%db%8c%d8%b3-%d8%af%d8%b1-%d9%86%d9%85%d8%a7%db%8c%d8%b4%da%af%d8%a7%d9%87-%d8%aa%d8%ac%d9%87%db%8c-3/,PRESERVE,no,,FACT: post in post-sitemap; preserve unless later indexation review says otherwise,medium,no
https://abadis-med.com/%d8%b1%d9%88%d9%86%d9%85%d8%a7%db%8c%db%8c-%d8%a7%d8%b2-%d9%85%d8%ad%d8%b5%d9%88%d9%84-%d8%ac%d8%af%db%8c%d8%af-%d8%a2%d8%a8%d8%a7%d8%af%db%8c%d8%b3-%d8%af%d8%b1-%d8%ad%d9%88%d8%b2%d9%87-%d9%81%db%8c/,fa,post,,yes,medium,https://abadis-med.com/%d8%b1%d9%88%d9%86%d9%85%d8%a7%db%8c%db%8c-%d8%a7%d8%b2-%d9%85%d8%ad%d8%b5%d9%88%d9%84-%d8%ac%d8%af%db%8c%d8%af-%d8%a2%d8%a8%d8%a7%d8%af%db%8c%d8%b3-%d8%af%d8%b1-%d8%ad%d9%88%d8%b2%d9%87-%d9%81%db%8c/,PRESERVE,no,,FACT: post in post-sitemap; preserve unless later indexation review says otherwise,medium,no
https://abadis-med.com/%d8%b7%d8%b1%d8%a7%d8%ad%db%8c-%d8%ac%d8%af%db%8c%d8%af%db%8c-%d8%a7%d8%b2-%d8%a7%da%a9%d8%b3%d8%b3%d9%88%d8%b1%db%8c-%d9%87%d8%a7%db%8c-%d8%a2%d8%a8%d8%a7%d8%af%db%8c%d8%b3/,fa,post,,yes,medium,https://abadis-med.com/%d8%b7%d8%b1%d8%a7%d8%ad%db%8c-%d8%ac%d8%af%db%8c%d8%af%db%8c-%d8%a7%d8%b2-%d8%a7%da%a9%d8%b3%d8%b3%d9%88%d8%b1%db%8c-%d9%87%d8%a7%db%8c-%d8%a2%d8%a8%d8%a7%d8%af%db%8c%d8%b3/,PRESERVE,no,,FACT: post in post-sitemap; preserve unless later indexation review says otherwise,medium,no
https://abadis-med.com/%d8%b1%d9%88%d9%86%d9%85%d8%a7%db%8c%db%8c-%da%a9%db%8c%d8%b3%d9%87-%d8%b3%d8%a7%da%a9%d8%b4%d9%86-%db%8c%da%a9%d8%a8%d8%a7%d8%b1-%d9%85%d8%b5%d8%b1%d9%81-%d8%a8%d8%a7-%d9%81%db%8c%d9%84%d8%aa%d8%b1/,fa,post,,yes,high,https://abadis-med.com/%d8%b1%d9%88%d9%86%d9%85%d8%a7%db%8c%db%8c-%da%a9%db%8c%d8%b3%d9%87-%d8%b3%d8%a7%da%a9%d8%b4%d9%86-%db%8c%da%a9%d8%a8%d8%a7%d8%b1-%d9%85%d8%b5%d8%b1%d9%81-%d8%a8%d8%a7-%d9%81%db%8c%d9%84%d8%aa%d8%b1/,PRESERVE,no,,FACT: post in post-sitemap; preserve unless later indexation review says otherwise,medium,no
https://abadis-med.com/%d8%af%d8%b9%d9%88%d8%aa-%d9%86%d8%a7%d9%85%d9%87-%d8%ad%d8%b6%d9%88%d8%b1-%d8%af%d8%b1-%da%a9%d9%86%da%af%d8%b1%d9%87-%da%a9%d9%86%d8%aa%d8%b1%d9%84-%d8%b9%d9%81%d9%88%d9%86%d8%aa-1401/,fa,post,,yes,medium,https://abadis-med.com/%d8%af%d8%b9%d9%88%d8%aa-%d9%86%d8%a7%d9%85%d9%87-%d8%ad%d8%b6%d9%88%d8%b1-%d8%af%d8%b1-%da%a9%d9%86%da%af%d8%b1%d9%87-%da%a9%d9%86%d8%aa%d8%b1%d9%84-%d8%b9%d9%81%d9%88%d9%86%d8%aa-1401/,PRESERVE,no,,FACT: post in post-sitemap; preserve unless later indexation review says otherwise,medium,no
https://abadis-med.com/%da%af%d8%b2%d8%a7%d8%b1%d8%b4-%da%a9%d9%86%da%af%d8%b1%d9%87-%da%a9%d9%86%d8%aa%d8%b1%d9%84-%d8%b9%d9%81%d9%88%d9%86%d8%aa-1401/,fa,post,,yes,medium,https://abadis-med.com/%da%af%d8%b2%d8%a7%d8%b1%d8%b4-%da%a9%d9%86%da%af%d8%b1%d9%87-%da%a9%d9%86%d8%aa%d8%b1%d9%84-%d8%b9%d9%81%d9%88%d9%86%d8%aa-1401/,PRESERVE,no,,FACT: post in post-sitemap; preserve unless later indexation review says otherwise,medium,no
https://abadis-med.com/%d8%a7%d9%86%d8%aa%d8%ae%d8%a7%d8%a8-%d8%a2%d8%a8%d8%a7%d8%af%db%8c%d8%b3-%d8%a8%d9%87-%d8%b9%d9%86%d9%88%d8%a7%d9%86-%d9%81%d8%b9%d8%a7%d9%84%d8%aa%d8%b1%db%8c%d9%86-%d8%b4%d8%b1%da%a9%d8%aa-%d8%aa/,fa,post,,yes,medium,https://abadis-med.com/%d8%a7%d9%86%d8%aa%d8%ae%d8%a7%d8%a8-%d8%a2%d8%a8%d8%a7%d8%af%db%8c%d8%b3-%d8%a8%d9%87-%d8%b9%d9%86%d9%88%d8%a7%d9%86-%d9%81%d8%b9%d8%a7%d9%84%d8%aa%d8%b1%db%8c%d9%86-%d8%b4%d8%b1%da%a9%d8%aa-%d8%aa/,PRESERVE,no,,FACT: post in post-sitemap; preserve unless later indexation review says otherwise,medium,no
https://abadis-med.com/%d8%a8%db%8c%d8%a7%d9%86%db%8c%d9%87-%d9%85%d8%af%db%8c%d8%b1%d8%a7%d9%86-%d9%85%d8%ae%d8%a7%d8%b2%d9%86-%d8%b7%d8%a8%db%8c-%d8%a2%d8%a8%d8%a7%d8%af%db%8c%d8%b3-%d8%af%d8%b1-%d9%85%d9%88%d8%b1%d8%af/,fa,post,,yes,medium,https://abadis-med.com/%d8%a8%db%8c%d8%a7%d9%86%db%8c%d9%87-%d9%85%d8%af%db%8c%d8%b1%d8%a7%d9%86-%d9%85%d8%ae%d8%a7%d8%b2%d9%86-%d8%b7%d8%a8%db%8c-%d8%a2%d8%a8%d8%a7%d8%af%db%8c%d8%b3-%d8%af%d8%b1-%d9%85%d9%88%d8%b1%d8%af/,PRESERVE,no,,FACT: post in post-sitemap; preserve unless later indexation review says otherwise,medium,no
https://abadis-med.com/%d8%af%db%8c%d8%af%d8%a7%d8%b1-%d8%b1%d8%a7%d9%87%d8%a8%d8%b1%d8%af%db%8c-%d9%85%d8%b9%d8%a7%d9%88%d9%86%d8%aa-%d8%a8%d8%a7%d8%b2%d8%b1%da%af%d8%a7%d9%86%db%8c-%d8%a2%d8%a8%d8%a7%d8%af%db%8c%d8%b3/,fa,post,,yes,medium,https://abadis-med.com/%d8%af%db%8c%d8%af%d8%a7%d8%b1-%d8%b1%d8%a7%d9%87%d8%a8%d8%b1%d8%af%db%8c-%d9%85%d8%b9%d8%a7%d9%88%d9%86%d8%aa-%d8%a8%d8%a7%d8%b2%d8%b1%da%af%d8%a7%d9%86%db%8c-%d8%a2%d8%a8%d8%a7%d8%af%db%8c%d8%b3/,PRESERVE,no,,FACT: post in post-sitemap; preserve unless later indexation review says otherwise,medium,no
https://abadis-med.com/abadismed-in-uzmedexpo/,fa,post,,yes,medium,https://abadis-med.com/abadismed-in-uzmedexpo/,PRESERVE,no,,FACT: post in post-sitemap; preserve unless later indexation review says otherwise,medium,no
https://abadis-med.com/the-beginning-of-the-school-year-in-abadis/,fa,post,,yes,medium,https://abadis-med.com/the-beginning-of-the-school-year-in-abadis/,PRESERVE,no,,FACT: post in post-sitemap; preserve unless later indexation review says otherwise,medium,no
https://abadis-med.com/uzmedexpo2023reports/,fa,post,,yes,medium,https://abadis-med.com/uzmedexpo2023reports/,PRESERVE,no,,FACT: post in post-sitemap; preserve unless later indexation review says otherwise,medium,no
https://abadis-med.com/the-need-to-use-a-disposable-suction-bag/,fa,post,,yes,medium,https://abadis-med.com/the-need-to-use-a-disposable-suction-bag/,PRESERVE,no,,FACT: post in post-sitemap; preserve unless later indexation review says otherwise,medium,no
https://abadis-med.com/the-environmental-effects-publication-of-article-of-improving/,fa,post,,yes,medium,https://abadis-med.com/the-environmental-effects-publication-of-article-of-improving/,PRESERVE,no,,FACT: post in post-sitemap; preserve unless later indexation review says otherwise,medium,no
https://abadis-med.com/dr-mehrabi/,fa,post,,yes,medium,https://abadis-med.com/dr-mehrabi/,PRESERVE,no,,FACT: post in post-sitemap; preserve unless later indexation review says otherwise,medium,no
https://abadis-med.com/nurse-day-1402/,fa,post,,yes,medium,https://abadis-med.com/nurse-day-1402/,PRESERVE,no,,FACT: post in post-sitemap; preserve unless later indexation review says otherwise,medium,no
https://abadis-med.com/invitation-to-the-11th-congress-of-infection-control/,fa,post,,yes,medium,https://abadis-med.com/invitation-to-the-11th-congress-of-infection-control/,PRESERVE,no,,FACT: post in post-sitemap; preserve unless later indexation review says otherwise,medium,no
https://abadis-med.com/%d8%a8%d8%b1%d8%b1%d8%b3%db%8c-%d9%85%d8%b4%d9%83%d9%84%d8%a7%d8%aa-%d8%a7%d8%b3%d8%aa%d9%81%d8%a7%d8%af%d9%87-%d8%a7%d8%b2-%d9%88%d8%b3%d8%a7%d9%8a%d9%84-%d8%ad%d9%81%d8%a7%d8%b8%d8%aa-%d9%81%d8%b1/,fa,post,,yes,medium,https://abadis-med.com/%d8%a8%d8%b1%d8%b1%d8%b3%db%8c-%d9%85%d8%b4%d9%83%d9%84%d8%a7%d8%aa-%d8%a7%d8%b3%d8%aa%d9%81%d8%a7%d8%af%d9%87-%d8%a7%d8%b2-%d9%88%d8%b3%d8%a7%d9%8a%d9%84-%d8%ad%d9%81%d8%a7%d8%b8%d8%aa-%d9%81%d8%b1/,PRESERVE,no,,FACT: post in post-sitemap; preserve unless later indexation review says otherwise,medium,no
https://abadis-med.com/abadis-med-in-salamatbonyan-exhibition/,fa,post,,yes,medium,https://abadis-med.com/abadis-med-in-salamatbonyan-exhibition/,PRESERVE,no,,FACT: post in post-sitemap; preserve unless later indexation review says otherwise,medium,no
https://abadis-med.com/%d9%86%d8%b8%d8%b1%d8%b3%d9%86%d8%ac%db%8c-%d8%a2%d8%a8%d8%a7%d8%af%db%8c%d8%b3-%d8%a7%d8%b2-%d8%a7%db%8c%d8%b1%d8%a7%d9%86-%d9%87%d9%84%d8%ab-1403/,fa,post,,yes,medium,https://abadis-med.com/%d9%86%d8%b8%d8%b1%d8%b3%d9%86%d8%ac%db%8c-%d8%a2%d8%a8%d8%a7%d8%af%db%8c%d8%b3-%d8%a7%d8%b2-%d8%a7%db%8c%d8%b1%d8%a7%d9%86-%d9%87%d9%84%d8%ab-1403/,PRESERVE,no,,FACT: post in post-sitemap; preserve unless later indexation review says otherwise,medium,no
https://abadis-med.com/%d9%85%d8%ac%d9%85%d8%b9-%d8%b9%d9%85%d9%88%d9%85%db%8c-%d8%b9%d8%a7%d8%af%db%8c-%d8%b3%d8%a7%d9%84%db%8c%d8%a7%d9%86%d9%87-%d8%a7%d9%86%d8%ac%d9%85%d9%86-%d8%a2%d9%85%d8%af%d8%a7%d9%84/,fa,post,,yes,medium,https://abadis-med.com/%d9%85%d8%ac%d9%85%d8%b9-%d8%b9%d9%85%d9%88%d9%85%db%8c-%d8%b9%d8%a7%d8%af%db%8c-%d8%b3%d8%a7%d9%84%db%8c%d8%a7%d9%86%d9%87-%d8%a7%d9%86%d8%ac%d9%85%d9%86-%d8%a2%d9%85%d8%af%d8%a7%d9%84/,PRESERVE,no,,FACT: post in post-sitemap; preserve unless later indexation review says otherwise,medium,no
https://abadis-med.com/%d9%82%d8%b1%d8%b9%d9%87-%da%a9%d8%b4%db%8c-%d8%a8%d8%b2%d8%b1%da%af-%d8%b1%d9%88%d8%b2-%d9%be%d8%b1%d8%b3%d8%aa%d8%a7%d8%b1-%db%b9%db%b8-%d8%a2%d8%a8%d8%a7%d8%af%db%8c%d8%b3/,fa,post,,yes,medium,https://abadis-med.com/%d9%82%d8%b1%d8%b9%d9%87-%da%a9%d8%b4%db%8c-%d8%a8%d8%b2%d8%b1%da%af-%d8%b1%d9%88%d8%b2-%d9%be%d8%b1%d8%b3%d8%aa%d8%a7%d8%b1-%db%b9%db%b8-%d8%a2%d8%a8%d8%a7%d8%af%db%8c%d8%b3/,PRESERVE,no,,FACT: post in post-sitemap; preserve unless later indexation review says otherwise,medium,no
https://abadis-med.com/%d8%a8%d8%a7%d8%b2%d8%aa%d8%a7%d8%a8-%d8%ae%d8%a8%d8%b1%db%8c-%d8%a7%d8%b2-%d8%ad%d8%b6%d9%88%d8%b1-%d9%85%d8%ae%d8%a7%d8%b2%d9%86-%d8%b7%d8%a8%db%8c-%d8%a2%d8%a8%d8%a7%d8%af%db%8c%d8%b3-%d8%af/,fa,post,,yes,medium,https://abadis-med.com/%d8%a8%d8%a7%d8%b2%d8%aa%d8%a7%d8%a8-%d8%ae%d8%a8%d8%b1%db%8c-%d8%a7%d8%b2-%d8%ad%d8%b6%d9%88%d8%b1-%d9%85%d8%ae%d8%a7%d8%b2%d9%86-%d8%b7%d8%a8%db%8c-%d8%a2%d8%a8%d8%a7%d8%af%db%8c%d8%b3-%d8%af/,PRESERVE,no,,FACT: post in post-sitemap; preserve unless later indexation review says otherwise,medium,no
https://abadis-med.com/%d8%a7%db%8c%d8%b1%d8%a7%d9%86-%d9%87%d9%84%d8%ab-1401/,fa,post,,yes,medium,https://abadis-med.com/%d8%a7%db%8c%d8%b1%d8%a7%d9%86-%d9%87%d9%84%d8%ab-1401/,PRESERVE,no,,FACT: post in post-sitemap; preserve unless later indexation review says otherwise,medium,no
https://abadis-med.com/%d9%81%d8%b9%d8%a7%d9%84%db%8c%d8%aa-%d9%87%d8%a7%db%8c-%d9%85%d8%ae%d8%a7%d8%b2%d9%86-%d8%b7%d8%a8%db%8c-%d8%a2%d8%a8%d8%a7%d8%af%db%8c%d8%b3-%d8%af%d8%b1-%d8%a8%d8%ad%d8%b1%d8%a7%d9%86-%da%a9%d8%b1/,fa,post,,yes,medium,https://abadis-med.com/%d9%81%d8%b9%d8%a7%d9%84%db%8c%d8%aa-%d9%87%d8%a7%db%8c-%d9%85%d8%ae%d8%a7%d8%b2%d9%86-%d8%b7%d8%a8%db%8c-%d8%a2%d8%a8%d8%a7%d8%af%db%8c%d8%b3-%d8%af%d8%b1-%d8%a8%d8%ad%d8%b1%d8%a7%d9%86-%da%a9%d8%b1/,PRESERVE,no,,FACT: post in post-sitemap; preserve unless later indexation review says otherwise,medium,no
https://abadis-med.com/%d9%be%d9%88%d8%af%d8%b1-%d8%ac%d8%a7%d8%b0%d8%a8-%d8%af%d8%b1-%d8%b5%d9%86%d8%b9%d8%aa-%d8%aa%d8%ac%d9%87%db%8c%d8%b2%d8%a7%d8%aa-%d9%be%d8%b2%d8%b4%da%a9%db%8c/,fa,post,,yes,medium,https://abadis-med.com/%d9%be%d9%88%d8%af%d8%b1-%d8%ac%d8%a7%d8%b0%d8%a8-%d8%af%d8%b1-%d8%b5%d9%86%d8%b9%d8%aa-%d8%aa%d8%ac%d9%87%db%8c%d8%b2%d8%a7%d8%aa-%d9%be%d8%b2%d8%b4%da%a9%db%8c/,PRESERVE,no,,FACT: post in post-sitemap; preserve unless later indexation review says otherwise,medium,no
https://abadis-med.com/%d9%81%db%8c%d9%84%d8%aa%d8%b1-%d9%87%d8%a7%db%8c-%d9%85%d8%aa%d8%ae%d9%84%d8%ae%d9%84-%d8%af%d8%b1-%d8%b5%d9%86%d8%b9%d8%aa-%d9%be%d8%b2%d8%b4%da%a9%db%8c/,fa,post,,yes,medium,https://abadis-med.com/%d9%81%db%8c%d9%84%d8%aa%d8%b1-%d9%87%d8%a7%db%8c-%d9%85%d8%aa%d8%ae%d9%84%d8%ae%d9%84-%d8%af%d8%b1-%d8%b5%d9%86%d8%b9%d8%aa-%d9%be%d8%b2%d8%b4%da%a9%db%8c/,PRESERVE,no,,FACT: post in post-sitemap; preserve unless later indexation review says otherwise,medium,no
https://abadis-med.com/suctiontube/,fa,post,,yes,medium,https://abadis-med.com/suctiontube/,PRESERVE,no,,FACT: post in post-sitemap; preserve unless later indexation review says otherwise,medium,no
https://abadis-med.com/introducing-medical-engineering-sites/,fa,post,,yes,medium,https://abadis-med.com/introducing-medical-engineering-sites/,PRESERVE,no,,FACT: post in post-sitemap; preserve unless later indexation review says otherwise,medium,no
https://abadis-med.com/strategicity-and-necessity-of-using-disposable-suction-bags-part-ii/,fa,post,,yes,medium,https://abadis-med.com/strategicity-and-necessity-of-using-disposable-suction-bags-part-ii/,PRESERVE,no,,FACT: post in post-sitemap; preserve unless later indexation review says otherwise,medium,no
https://abadis-med.com/%da%a9%d8%b1%d9%88%d9%86%d8%a7%d8%8c%d8%b3%d8%b1%d9%85%d8%a7%d8%ae%d9%88%d8%b1%d8%af%da%af%db%8c%d8%8c%d8%a2%d9%86%d9%81%d9%84%d9%88%d9%86%d8%b2%d8%a7/,fa,post,,yes,medium,https://abadis-med.com/%da%a9%d8%b1%d9%88%d9%86%d8%a7%d8%8c%d8%b3%d8%b1%d9%85%d8%a7%d8%ae%d9%88%d8%b1%d8%af%da%af%db%8c%d8%8c%d8%a2%d9%86%d9%81%d9%84%d9%88%d9%86%d8%b2%d8%a7/,PRESERVE,no,,FACT: post in post-sitemap; preserve unless later indexation review says otherwise,medium,no
https://abadis-med.com/%d8%b2%d8%a8%d8%a7%d9%84%d9%87-%d9%87%d8%a7%db%8c-%d9%be%d9%84%d8%a7%d8%b3%d8%aa%db%8c%da%a9%db%8c/,fa,post,,yes,medium,https://abadis-med.com/%d8%b2%d8%a8%d8%a7%d9%84%d9%87-%d9%87%d8%a7%db%8c-%d9%be%d9%84%d8%a7%d8%b3%d8%aa%db%8c%da%a9%db%8c/,PRESERVE,no,,FACT: post in post-sitemap; preserve unless later indexation review says otherwise,medium,no
https://abadis-med.com/%d8%a7%d8%ac%d8%b1%d8%a7-%d9%88-%d8%b1%d8%b9%d8%a7%db%8c%d8%aa-%d8%aa%d9%88%d8%b5%db%8c%d9%87-%d9%86%d8%a7%d9%85%d9%87-%d9%87%d8%a7%db%8c-%d8%a8%d9%87%d8%af%d8%a7%d8%b4%d8%aa%db%8c-%d8%a7%d8%b1%d8%a7/,fa,post,,yes,medium,https://abadis-med.com/%d8%a7%d8%ac%d8%b1%d8%a7-%d9%88-%d8%b1%d8%b9%d8%a7%db%8c%d8%aa-%d8%aa%d9%88%d8%b5%db%8c%d9%87-%d9%86%d8%a7%d9%85%d9%87-%d9%87%d8%a7%db%8c-%d8%a8%d9%87%d8%af%d8%a7%d8%b4%d8%aa%db%8c-%d8%a7%d8%b1%d8%a7/,PRESERVE,no,,FACT: post in post-sitemap; preserve unless later indexation review says otherwise,medium,no
https://abadis-med.com/%d8%a7%d8%b3%d8%aa%d9%81%d8%a7%d8%af%d9%87-%d9%85%d8%ae%d8%b2%d9%86-%d9%87%d8%a7%db%8c-%d8%b3%d8%a7%da%a9%d8%b4%d9%86-%d8%af%d8%a7%d8%a6%d9%85/,fa,post,,yes,high,https://abadis-med.com/%d8%a7%d8%b3%d8%aa%d9%81%d8%a7%d8%af%d9%87-%d9%85%d8%ae%d8%b2%d9%86-%d9%87%d8%a7%db%8c-%d8%b3%d8%a7%da%a9%d8%b4%d9%86-%d8%af%d8%a7%d8%a6%d9%85/,PRESERVE,no,,FACT: post in post-sitemap; preserve unless later indexation review says otherwise,medium,no
https://abadis-med.com/%da%a9%d9%86%d8%aa%d8%b1%d9%84-%d9%88%db%8c%d8%b1%d9%88%d8%b3-%da%a9%d8%b1%d9%88%d9%86%d8%a7/,fa,post,,yes,medium,https://abadis-med.com/%da%a9%d9%86%d8%aa%d8%b1%d9%84-%d9%88%db%8c%d8%b1%d9%88%d8%b3-%da%a9%d8%b1%d9%88%d9%86%d8%a7/,PRESERVE,no,,FACT: post in post-sitemap; preserve unless later indexation review says otherwise,medium,no
https://abadis-med.com/%d8%a8%d8%b1%d8%b1%d8%b3%db%8c-%d8%b4%d8%a7%d8%ae%d8%b5%d9%87%d8%a7%db%8c-%d9%85%db%8c%da%a9%d8%b1%d9%88%d8%a8%db%8c-%d9%88-%d8%b4%db%8c%d9%85%db%8c%d8%a7%db%8c%db%8c-%d8%a2%d8%a8-%d9%88/,fa,post,,yes,medium,https://abadis-med.com/%d8%a8%d8%b1%d8%b1%d8%b3%db%8c-%d8%b4%d8%a7%d8%ae%d8%b5%d9%87%d8%a7%db%8c-%d9%85%db%8c%da%a9%d8%b1%d9%88%d8%a8%db%8c-%d9%88-%d8%b4%db%8c%d9%85%db%8c%d8%a7%db%8c%db%8c-%d8%a2%d8%a8-%d9%88/,PRESERVE,no,,FACT: post in post-sitemap; preserve unless later indexation review says otherwise,medium,no
https://abadis-med.com/%d8%a8%d8%b1%d8%b1%d8%b3%db%8c-%d9%85%db%8c%d8%b2%d8%a7%d9%86-%d8%b1%d8%b9%d8%a7%db%8c%d8%aa-%d8%a8%d9%87%d8%af%d8%a7%d8%b4%d8%aa-%d8%af%d8%b3%d8%aa-%da%a9%d8%a7%d8%b1%da%a9%d9%86%d8%a7%d9%86-%d8%af/,fa,post,,yes,medium,https://abadis-med.com/%d8%a8%d8%b1%d8%b1%d8%b3%db%8c-%d9%85%db%8c%d8%b2%d8%a7%d9%86-%d8%b1%d8%b9%d8%a7%db%8c%d8%aa-%d8%a8%d9%87%d8%af%d8%a7%d8%b4%d8%aa-%d8%af%d8%b3%d8%aa-%da%a9%d8%a7%d8%b1%da%a9%d9%86%d8%a7%d9%86-%d8%af/,PRESERVE,no,,FACT: post in post-sitemap; preserve unless later indexation review says otherwise,medium,no
https://abadis-med.com/%da%af%d8%b2%d8%a7%d8%b1%d8%b4-%da%a9%d9%86%da%af%d8%b1%d9%87-%da%a9%d9%86%d8%aa%d8%b1%d9%84-%d8%b9%d9%81%d9%88%d9%86%d8%aa-%db%b1%db%b4%db%b0%db%b2/,fa,post,,yes,medium,https://abadis-med.com/%da%af%d8%b2%d8%a7%d8%b1%d8%b4-%da%a9%d9%86%da%af%d8%b1%d9%87-%da%a9%d9%86%d8%aa%d8%b1%d9%84-%d8%b9%d9%81%d9%88%d9%86%d8%aa-%db%b1%db%b4%db%b0%db%b2/,PRESERVE,no,,FACT: post in post-sitemap; preserve unless later indexation review says otherwise,medium,no
https://abadis-med.com/%d9%81%db%8c%d9%84%d9%85-pva-%d8%af%d8%b1-%d8%b5%d9%86%d8%b9%d8%aa-%d8%aa%d8%ac%d9%87%db%8c%d8%b2%d8%a7%d8%aa-%d9%be%d8%b2%d8%b4%da%a9%db%8c/,fa,post,,yes,medium,https://abadis-med.com/%d9%81%db%8c%d9%84%d9%85-pva-%d8%af%d8%b1-%d8%b5%d9%86%d8%b9%d8%aa-%d8%aa%d8%ac%d9%87%db%8c%d8%b2%d8%a7%d8%aa-%d9%be%d8%b2%d8%b4%da%a9%db%8c/,PRESERVE,no,,FACT: post in post-sitemap; preserve unless later indexation review says otherwise,medium,no
https://abadis-med.com/%d9%85%d8%b9%d8%b1%d9%81%db%8c-%d8%b3%d8%a7%db%8c%d8%aa-%d9%87%d8%a7%db%8c-%d8%a7%db%8c%d9%86%d8%aa%d8%b1%d9%86%d8%aa%db%8c-%d8%ae%d8%b1%db%8c%d8%af-%d8%a2%d9%86%d9%84%d8%a7%db%8c%d9%86-%d8%aa%d8%ac/,fa,post,,yes,medium,https://abadis-med.com/%d9%85%d8%b9%d8%b1%d9%81%db%8c-%d8%b3%d8%a7%db%8c%d8%aa-%d9%87%d8%a7%db%8c-%d8%a7%db%8c%d9%86%d8%aa%d8%b1%d9%86%d8%aa%db%8c-%d8%ae%d8%b1%db%8c%d8%af-%d8%a2%d9%86%d9%84%d8%a7%db%8c%d9%86-%d8%aa%d8%ac/,PRESERVE,no,,FACT: post in post-sitemap; preserve unless later indexation review says otherwise,medium,no
https://abadis-med.com/%d8%a7%db%8c%d8%b2%d9%88-%d8%af%d8%b1-%d8%b5%d9%86%d8%b9%d8%aa-%d8%aa%d8%ac%d9%87%db%8c%d8%b2%d8%a7%d8%aa-%d9%be%d8%b2%d8%b4%da%a9%db%8c/,fa,post,,yes,medium,https://abadis-med.com/%d8%a7%db%8c%d8%b2%d9%88-%d8%af%d8%b1-%d8%b5%d9%86%d8%b9%d8%aa-%d8%aa%d8%ac%d9%87%db%8c%d8%b2%d8%a7%d8%aa-%d9%be%d8%b2%d8%b4%da%a9%db%8c/,PRESERVE,no,,FACT: post in post-sitemap; preserve unless later indexation review says otherwise,medium,no
https://abadis-med.com/salamat-bonyan-exhibition-report/,fa,post,,yes,medium,https://abadis-med.com/salamat-bonyan-exhibition-report/,PRESERVE,no,,FACT: post in post-sitemap; preserve unless later indexation review says otherwise,medium,no
https://abadis-med.com/%d8%a7%d8%b1%d8%b2%db%8c%d8%a7%d8%a8%db%8c-%d9%85%d9%82%d8%a7%db%8c%d8%b3%d9%87%d8%a7%db%8c-%d9%85%d8%af%db%8c%d8%b1%db%8c%d8%aa-%d9%85%d8%b5%d8%b1%d9%81-%d8%a2%d9%86%d8%aa%db%8c-%d8%a8%db%8c/,fa,post,,yes,medium,https://abadis-med.com/%d8%a7%d8%b1%d8%b2%db%8c%d8%a7%d8%a8%db%8c-%d9%85%d9%82%d8%a7%db%8c%d8%b3%d9%87%d8%a7%db%8c-%d9%85%d8%af%db%8c%d8%b1%db%8c%d8%aa-%d9%85%d8%b5%d8%b1%d9%81-%d8%a2%d9%86%d8%aa%db%8c-%d8%a8%db%8c/,PRESERVE,no,,FACT: post in post-sitemap; preserve unless later indexation review says otherwise,medium,no
https://abadis-med.com/%d9%88%d8%b3%d8%a7%db%8c%d9%84-%db%8c%da%a9%d8%a8%d8%a7%d8%b1-%d9%85%d8%b5%d8%b1%d9%81-%d9%be%d8%b2%d8%b4%da%a9%db%8c-%d9%88-%d8%a7%d8%b3%d8%aa%d8%a7%d9%86%d8%af%d8%a7%d8%b1%d8%af/,fa,post,,yes,medium,https://abadis-med.com/%d9%88%d8%b3%d8%a7%db%8c%d9%84-%db%8c%da%a9%d8%a8%d8%a7%d8%b1-%d9%85%d8%b5%d8%b1%d9%81-%d9%be%d8%b2%d8%b4%da%a9%db%8c-%d9%88-%d8%a7%d8%b3%d8%aa%d8%a7%d9%86%d8%af%d8%a7%d8%b1%d8%af/,PRESERVE,no,,FACT: post in post-sitemap; preserve unless later indexation review says otherwise,medium,no
https://abadis-med.com/%d9%85%d9%86%d8%b3%d9%88%d8%ac%d8%a7%d8%aa-%d9%be%d8%b2%d8%b4%da%a9%db%8c-%da%86%db%8c%d8%b3%d8%aa%d8%9f/,fa,post,,yes,medium,https://abadis-med.com/%d9%85%d9%86%d8%b3%d9%88%d8%ac%d8%a7%d8%aa-%d9%be%d8%b2%d8%b4%da%a9%db%8c-%da%86%db%8c%d8%b3%d8%aa%d8%9f/,PRESERVE,no,,FACT: post in post-sitemap; preserve unless later indexation review says otherwise,medium,no
https://abadis-med.com/%d8%aa%d8%a8%d8%b9%db%8c%d8%aa-%d8%a7%d8%b2-%d8%af%d8%b3%d8%aa%d9%88%d8%b1%d8%a7%d9%84%d8%b9%d9%85%d9%84-%d9%87%d8%a7%db%8c-%d9%be%db%8c%d8%b4%da%af%db%8c%d8%b1%db%8c-%da%a9%d9%86%d9%86%d8%af%d9%87/,fa,post,,yes,medium,https://abadis-med.com/%d8%aa%d8%a8%d8%b9%db%8c%d8%aa-%d8%a7%d8%b2-%d8%af%d8%b3%d8%aa%d9%88%d8%b1%d8%a7%d9%84%d8%b9%d9%85%d9%84-%d9%87%d8%a7%db%8c-%d9%be%db%8c%d8%b4%da%af%db%8c%d8%b1%db%8c-%da%a9%d9%86%d9%86%d8%af%d9%87/,PRESERVE,no,,FACT: post in post-sitemap; preserve unless later indexation review says otherwise,medium,no
https://abadis-med.com/%d8%a7%d8%b1%d8%aa%d9%82%d8%a7-%d9%81%d8%b1%d8%a7%d9%8a%d9%86%d8%af-%d8%a8%db%8c%d9%88%d9%84%d9%88%da%98%d9%8a%da%a9-%d8%aa%d8%b5%d9%81%db%8c%d9%87-%d8%ae%d8%a7%d9%86%d9%87-%d9%81%d8%a7%d8%b6%d9%84/,fa,post,,yes,medium,https://abadis-med.com/%d8%a7%d8%b1%d8%aa%d9%82%d8%a7-%d9%81%d8%b1%d8%a7%d9%8a%d9%86%d8%af-%d8%a8%db%8c%d9%88%d9%84%d9%88%da%98%d9%8a%da%a9-%d8%aa%d8%b5%d9%81%db%8c%d9%87-%d8%ae%d8%a7%d9%86%d9%87-%d9%81%d8%a7%d8%b6%d9%84/,PRESERVE,no,,FACT: post in post-sitemap; preserve unless later indexation review says otherwise,medium,no
https://abadis-med.com/%d9%81%db%8c%d9%84%d8%aa%d8%b1-%d9%85%d8%aa%d8%ae%d9%84%d8%ae%d9%84-%d9%88-%d8%a7%d9%86%d9%88%d8%a7%d8%b9-%d8%a2%d9%86-%d9%81%d9%84%d8%b2%db%8c-%d8%8c%d9%be%d9%84%db%8c%d9%85%d8%b1%db%8c%d8%8cptfe/,fa,post,,yes,medium,https://abadis-med.com/%d9%81%db%8c%d9%84%d8%aa%d8%b1-%d9%85%d8%aa%d8%ae%d9%84%d8%ae%d9%84-%d9%88-%d8%a7%d9%86%d9%88%d8%a7%d8%b9-%d8%a2%d9%86-%d9%81%d9%84%d8%b2%db%8c-%d8%8c%d9%be%d9%84%db%8c%d9%85%d8%b1%db%8c%d8%8cptfe/,PRESERVE,no,,FACT: post in post-sitemap; preserve unless later indexation review says otherwise,medium,no
https://abadis-med.com/%d9%86%d8%b8%d8%b1%d8%b3%d9%86%d8%ac%db%8c-%d8%a2%d8%a8%d8%a7%d8%af%db%8c%d8%b3-%d8%a7%d8%b2-%d8%a7%db%8c%d8%b1%d8%a7%d9%86-%d9%85%d8%af-%db%b1%db%b4%db%b0%db%b3/,fa,post,,yes,medium,https://abadis-med.com/%d9%86%d8%b8%d8%b1%d8%b3%d9%86%d8%ac%db%8c-%d8%a2%d8%a8%d8%a7%d8%af%db%8c%d8%b3-%d8%a7%d8%b2-%d8%a7%db%8c%d8%b1%d8%a7%d9%86-%d9%85%d8%af-%db%b1%db%b4%db%b0%db%b3/,PRESERVE,no,,FACT: post in post-sitemap; preserve unless later indexation review says otherwise,medium,no
https://abadis-med.com/%d8%b1%d9%88%d8%b2-%d9%be%d8%b1%d8%b3%d8%aa%d8%a7%d8%b1-%d8%b3%d8%a7%d9%84-1403-%d8%a2%d8%a8%d8%a7%d8%af%db%8c%d8%b3/,fa,post,,yes,medium,https://abadis-med.com/%d8%b1%d9%88%d8%b2-%d9%be%d8%b1%d8%b3%d8%aa%d8%a7%d8%b1-%d8%b3%d8%a7%d9%84-1403-%d8%a2%d8%a8%d8%a7%d8%af%db%8c%d8%b3/,PRESERVE,no,,FACT: post in post-sitemap; preserve unless later indexation review says otherwise,medium,no
https://abadis-med.com/%da%a9%d9%86%d8%aa%d8%b1%d9%84-%d8%b9%d9%81%d9%88%d9%86%d8%aa-%d8%af%d8%b1-%d8%af%d9%86%d8%af%d8%a7%d9%86%d9%be%d8%b2%d8%b4%da%a9%db%8c/,fa,post,,yes,medium,https://abadis-med.com/%da%a9%d9%86%d8%aa%d8%b1%d9%84-%d8%b9%d9%81%d9%88%d9%86%d8%aa-%d8%af%d8%b1-%d8%af%d9%86%d8%af%d8%a7%d9%86%d9%be%d8%b2%d8%b4%da%a9%db%8c/,PRESERVE,no,,FACT: post in post-sitemap; preserve unless later indexation review says otherwise,medium,no
https://abadis-med.com/%d8%a8%d8%b1%d8%aa%d8%b1%db%8c%d9%86-%d8%b4%d8%b1%da%a9%d8%aa%d9%87%d8%a7%db%8c-%d8%aa%d8%ac%d9%87%db%8c%d8%b2%d8%a7%d8%aa-%d9%be%d8%b2%d8%b4%da%a9%db%8c-%d8%af%d8%b1-%d8%b3%d8%a7%d9%84/,fa,post,,yes,medium,https://abadis-med.com/%d8%a8%d8%b1%d8%aa%d8%b1%db%8c%d9%86-%d8%b4%d8%b1%da%a9%d8%aa%d9%87%d8%a7%db%8c-%d8%aa%d8%ac%d9%87%db%8c%d8%b2%d8%a7%d8%aa-%d9%be%d8%b2%d8%b4%da%a9%db%8c-%d8%af%d8%b1-%d8%b3%d8%a7%d9%84/,PRESERVE,no,,FACT: post in post-sitemap; preserve unless later indexation review says otherwise,medium,no
https://abadis-med.com/%d8%ac%d9%84%d8%b3%d9%87-%d9%87%d9%85%d9%81%da%a9%d8%b1%db%8c-%d8%ac%d9%87%d8%aa-%d8%a8%d9%87%d8%a8%d9%88%d8%af-%da%a9%d9%86%da%af%d8%b1%d9%87-%da%a9%d9%86%d8%aa%d8%b1%d9%84-%d8%b9%d9%81%d9%88%d9%86/,fa,post,,yes,medium,https://abadis-med.com/%d8%ac%d9%84%d8%b3%d9%87-%d9%87%d9%85%d9%81%da%a9%d8%b1%db%8c-%d8%ac%d9%87%d8%aa-%d8%a8%d9%87%d8%a8%d9%88%d8%af-%da%a9%d9%86%da%af%d8%b1%d9%87-%da%a9%d9%86%d8%aa%d8%b1%d9%84-%d8%b9%d9%81%d9%88%d9%86/,PRESERVE,no,,FACT: post in post-sitemap; preserve unless later indexation review says otherwise,medium,no
https://abadis-med.com/%d8%af%d8%b9%d9%88%d8%aa-%d9%86%d8%a7%d9%85%d9%87-%d8%a2%d8%a8%d8%a7%d8%af%db%8c%d8%b3-%d8%af%d8%b1-%d8%af%d9%88%d8%a7%d8%b2%d8%af%d9%87%d9%85%db%8c%d9%86-%da%a9%d9%86%da%af%d8%b1%d9%87-%da%a9%d9%86/,fa,post,,yes,medium,https://abadis-med.com/%d8%af%d8%b9%d9%88%d8%aa-%d9%86%d8%a7%d9%85%d9%87-%d8%a2%d8%a8%d8%a7%d8%af%db%8c%d8%b3-%d8%af%d8%b1-%d8%af%d9%88%d8%a7%d8%b2%d8%af%d9%87%d9%85%db%8c%d9%86-%da%a9%d9%86%da%af%d8%b1%d9%87-%da%a9%d9%86/,PRESERVE,no,,FACT: post in post-sitemap; preserve unless later indexation review says otherwise,medium,no
https://abadis-med.com/%da%af%d9%81%d8%aa%d9%88%da%af%d9%88%db%8c-%d8%aa%db%8c%d8%aa%d8%b1%da%a9%d9%88%d8%aa%d8%a7%d9%87-%d8%a8%d8%a7-%d9%85%d8%af%db%8c%d8%b1%d8%b9%d8%a7%d9%85%d9%84-%d8%b4%d8%b1%da%a9%d8%aa-%d9%85/,fa,post,,yes,medium,https://abadis-med.com/%da%af%d9%81%d8%aa%d9%88%da%af%d9%88%db%8c-%d8%aa%db%8c%d8%aa%d8%b1%da%a9%d9%88%d8%aa%d8%a7%d9%87-%d8%a8%d8%a7-%d9%85%d8%af%db%8c%d8%b1%d8%b9%d8%a7%d9%85%d9%84-%d8%b4%d8%b1%da%a9%d8%aa-%d9%85/,PRESERVE,no,,FACT: post in post-sitemap; preserve unless later indexation review says otherwise,medium,no
https://abadis-med.com/%da%af%d9%81%d8%aa%d9%88%da%af%d9%88%db%8c-%d8%b3%d8%b1%da%a9%d8%a7%d8%b1-%d8%ae%d8%a7%d9%86%d9%85-%d8%af%da%a9%d8%aa%d8%b1-%d9%85%d8%ad%d8%b1%d8%b2-%d8%af%d8%b1%d8%a8%d8%a7%d8%b1%d9%87/,fa,post,,yes,medium,https://abadis-med.com/%da%af%d9%81%d8%aa%d9%88%da%af%d9%88%db%8c-%d8%b3%d8%b1%da%a9%d8%a7%d8%b1-%d8%ae%d8%a7%d9%86%d9%85-%d8%af%da%a9%d8%aa%d8%b1-%d9%85%d8%ad%d8%b1%d8%b2-%d8%af%d8%b1%d8%a8%d8%a7%d8%b1%d9%87/,PRESERVE,no,,FACT: post in post-sitemap; preserve unless later indexation review says otherwise,medium,no
https://abadis-med.com/%d8%ad%d9%85%d8%a7%db%8c%d8%aa-%d8%a2%d8%a8%d8%a7%d8%af%db%8c%d8%b3-%d8%a7%d8%b2-%da%a9%d8%a7%d8%b1%d8%b2%d8%a7%d8%b1-%d9%85%d8%b7%d8%a7%d9%84%d8%a8%d8%a7%d8%aa-%d9%85%d8%b9%d9%88%d9%82/,fa,post,,yes,medium,https://abadis-med.com/%d8%ad%d9%85%d8%a7%db%8c%d8%aa-%d8%a2%d8%a8%d8%a7%d8%af%db%8c%d8%b3-%d8%a7%d8%b2-%da%a9%d8%a7%d8%b1%d8%b2%d8%a7%d8%b1-%d9%85%d8%b7%d8%a7%d9%84%d8%a8%d8%a7%d8%aa-%d9%85%d8%b9%d9%88%d9%82/,PRESERVE,no,,FACT: post in post-sitemap; preserve unless later indexation review says otherwise,medium,no
https://abadis-med.com/%da%af%d8%b2%d8%a7%d8%b1%d8%b4-%d8%ad%d8%b6%d9%88%d8%b1-%d8%a2%d8%a8%d8%a7%d8%af%db%8c%d8%b3-%d8%af%d8%b1-%da%a9%d9%86%da%af%d8%b1%d9%87-%da%a9%d9%86%d8%aa%d8%b1%d9%84-%d8%b9%d9%81%d9%88%d9%86%d8%aa/,fa,post,,yes,medium,https://abadis-med.com/%da%af%d8%b2%d8%a7%d8%b1%d8%b4-%d8%ad%d8%b6%d9%88%d8%b1-%d8%a2%d8%a8%d8%a7%d8%af%db%8c%d8%b3-%d8%af%d8%b1-%da%a9%d9%86%da%af%d8%b1%d9%87-%da%a9%d9%86%d8%aa%d8%b1%d9%84-%d8%b9%d9%81%d9%88%d9%86%d8%aa/,PRESERVE,no,,FACT: post in post-sitemap; preserve unless later indexation review says otherwise,medium,no
https://abadis-med.com/%d9%85%d8%b5%d8%a7%d8%ad%d8%a8%d9%87-%d9%85%d8%af%db%8c%d8%b1%d8%a7%d9%86-%d8%a2%d8%a8%d8%a7%d8%af%db%8c%d8%b3-%d8%a8%d8%a7-%da%af%d8%b1%d9%88%d9%87-%d8%aa%d9%85%d9%be%d8%a7/,fa,post,,yes,medium,https://abadis-med.com/%d9%85%d8%b5%d8%a7%d8%ad%d8%a8%d9%87-%d9%85%d8%af%db%8c%d8%b1%d8%a7%d9%86-%d8%a2%d8%a8%d8%a7%d8%af%db%8c%d8%b3-%d8%a8%d8%a7-%da%af%d8%b1%d9%88%d9%87-%d8%aa%d9%85%d9%be%d8%a7/,PRESERVE,no,,FACT: post in post-sitemap; preserve unless later indexation review says otherwise,medium,no
https://abadis-med.com/%d8%ad%d9%81%d8%a7%d8%b8%d8%aa-%d8%a7%d8%b2-%d9%85%d8%ad%db%8c%d8%b7-%d8%b2%db%8c%d8%b3%d8%aa-%d9%88-%da%a9%d9%86%d8%aa%d8%b1%d9%84-%d8%b9%d9%81%d9%88%d9%86%d8%aa%d8%9b-%d8%af%d8%b3%d8%aa%d8%a7%d9%88/,fa,post,,yes,medium,https://abadis-med.com/%d8%ad%d9%81%d8%a7%d8%b8%d8%aa-%d8%a7%d8%b2-%d9%85%d8%ad%db%8c%d8%b7-%d8%b2%db%8c%d8%b3%d8%aa-%d9%88-%da%a9%d9%86%d8%aa%d8%b1%d9%84-%d8%b9%d9%81%d9%88%d9%86%d8%aa%d8%9b-%d8%af%d8%b3%d8%aa%d8%a7%d9%88/,PRESERVE,no,,FACT: post in post-sitemap; preserve unless later indexation review says otherwise,medium,no
https://abadis-med.com/%d9%86%d8%b8%d8%b1%d8%a7%d8%aa-%d8%af%da%a9%d8%aa%d8%b1-%d8%b1%d8%a6%db%8c%d8%b3%db%8c-%d9%85%d8%b9%d8%a7%d9%88%d9%86-%d9%88%d8%b2%d8%a7%d8%b1%d8%aa-%d8%a8%d9%87%d8%af%d8%a7%d8%b4%d8%aa-%d8%af%d8%b1/,fa,post,,yes,medium,https://abadis-med.com/%d9%86%d8%b8%d8%b1%d8%a7%d8%aa-%d8%af%da%a9%d8%aa%d8%b1-%d8%b1%d8%a6%db%8c%d8%b3%db%8c-%d9%85%d8%b9%d8%a7%d9%88%d9%86-%d9%88%d8%b2%d8%a7%d8%b1%d8%aa-%d8%a8%d9%87%d8%af%d8%a7%d8%b4%d8%aa-%d8%af%d8%b1/,PRESERVE,no,,FACT: post in post-sitemap; preserve unless later indexation review says otherwise,medium,no
https://abadis-med.com/hospital-infection-control-indicators/,fa,post,,yes,medium,https://abadis-med.com/hospital-infection-control-indicators/,PRESERVE,no,,FACT: post in post-sitemap; preserve unless later indexation review says otherwise,medium,no
https://abadis-med.com/%d8%b4%d8%b1%da%a9%d8%aa-%d8%af%d8%a7%d9%86%d8%b4%d8%a8%d9%86%db%8c%d8%a7%d9%86-%d8%b5%d9%86%d8%b9%d8%aa-%d8%aa%d8%ac%d9%87%db%8c%d8%b2%d8%a7%d8%aa-%d9%be%d8%b2%d8%b4%da%a9%db%8c/,fa,post,,yes,medium,https://abadis-med.com/%d8%b4%d8%b1%da%a9%d8%aa-%d8%af%d8%a7%d9%86%d8%b4%d8%a8%d9%86%db%8c%d8%a7%d9%86-%d8%b5%d9%86%d8%b9%d8%aa-%d8%aa%d8%ac%d9%87%db%8c%d8%b2%d8%a7%d8%aa-%d9%be%d8%b2%d8%b4%da%a9%db%8c/,PRESERVE,no,,FACT: post in post-sitemap; preserve unless later indexation review says otherwise,medium,no
https://abadis-med.com/%d8%aa%d8%ac%d9%87%db%8c%d8%b2%d8%a7%d8%aa-%d9%88-%d9%85%d9%84%d8%b2%d9%88%d9%85%d8%a7%d8%aa-%d9%be%d8%b2%d8%b4%da%a9%db%8c/,fa,post,,yes,medium,https://abadis-med.com/%d8%aa%d8%ac%d9%87%db%8c%d8%b2%d8%a7%d8%aa-%d9%88-%d9%85%d9%84%d8%b2%d9%88%d9%85%d8%a7%d8%aa-%d9%be%d8%b2%d8%b4%da%a9%db%8c/,PRESERVE,no,,FACT: post in post-sitemap; preserve unless later indexation review says otherwise,medium,no
https://abadis-med.com/%d8%aa%d8%ac%d9%87%db%8c%d8%b2%d8%a7%d8%aa-%d9%be%d8%b2%d8%b4%da%a9%db%8c-%db%8c%da%a9%d8%a8%d8%a7%d8%b1-%d9%85%d8%b5%d8%b1%d9%81%d8%8c-%da%a9%d9%86%d8%aa%d8%b1%d9%84-%d8%b9%d9%81%d9%88%d9%86%d8%aa/,fa,post,,yes,medium,https://abadis-med.com/%d8%aa%d8%ac%d9%87%db%8c%d8%b2%d8%a7%d8%aa-%d9%be%d8%b2%d8%b4%da%a9%db%8c-%db%8c%da%a9%d8%a8%d8%a7%d8%b1-%d9%85%d8%b5%d8%b1%d9%81%d8%8c-%da%a9%d9%86%d8%aa%d8%b1%d9%84-%d8%b9%d9%81%d9%88%d9%86%d8%aa/,PRESERVE,no,,FACT: post in post-sitemap; preserve unless later indexation review says otherwise,medium,no
https://abadis-med.com/%d8%a7%d9%86%d8%aa%d8%ae%d8%a7%d8%a8%d8%a7%d8%aa-%d8%a7%d8%aa%d8%ad%d8%a7%d8%af%db%8c%d9%87-%d8%a8%d8%a7%d8%b2%d8%b1%da%af%d8%a7%d9%86%d8%a7%d9%86-%d8%aa%d8%ac%d9%87%db%8c%d8%b2%d8%a7%d8%aa-%d9%be/,fa,post,,yes,medium,https://abadis-med.com/%d8%a7%d9%86%d8%aa%d8%ae%d8%a7%d8%a8%d8%a7%d8%aa-%d8%a7%d8%aa%d8%ad%d8%a7%d8%af%db%8c%d9%87-%d8%a8%d8%a7%d8%b2%d8%b1%da%af%d8%a7%d9%86%d8%a7%d9%86-%d8%aa%d8%ac%d9%87%db%8c%d8%b2%d8%a7%d8%aa-%d9%be/,PRESERVE,no,,FACT: post in post-sitemap; preserve unless later indexation review says otherwise,medium,no
https://abadis-med.com/%da%86%d8%a7%d9%84%d8%b4%d9%87%d8%a7%db%8c-%d9%85%d8%a7%d9%84%db%8c-%d8%af%d8%b1-%d8%b5%d9%86%d8%b9%d8%aa-%d8%aa%d8%ac%d9%87%db%8c%d8%b2%d8%a7%d8%aa-%d9%be%d8%b2%d8%b4%da%a9%db%8c%d8%9b/,fa,post,,yes,medium,https://abadis-med.com/%da%86%d8%a7%d9%84%d8%b4%d9%87%d8%a7%db%8c-%d9%85%d8%a7%d9%84%db%8c-%d8%af%d8%b1-%d8%b5%d9%86%d8%b9%d8%aa-%d8%aa%d8%ac%d9%87%db%8c%d8%b2%d8%a7%d8%aa-%d9%be%d8%b2%d8%b4%da%a9%db%8c%d8%9b/,PRESERVE,no,,FACT: post in post-sitemap; preserve unless later indexation review says otherwise,medium,no
https://abadis-med.com/%d9%85%d8%ac%d9%85%d8%b9-%d9%88-%d8%a7%d9%86%d8%aa%d8%ae%d8%a7%d8%a8%d8%a7%d8%aa-%d8%a7%d9%86%d8%ac%d9%85%d9%86-%d8%a2%d9%85%d8%af%d8%a7%d9%84/,fa,post,,yes,medium,https://abadis-med.com/%d9%85%d8%ac%d9%85%d8%b9-%d9%88-%d8%a7%d9%86%d8%aa%d8%ae%d8%a7%d8%a8%d8%a7%d8%aa-%d8%a7%d9%86%d8%ac%d9%85%d9%86-%d8%a2%d9%85%d8%af%d8%a7%d9%84/,PRESERVE,no,,FACT: post in post-sitemap; preserve unless later indexation review says otherwise,medium,no
https://abadis-med.com/%da%af%d8%b2%d8%a7%d8%b1%d8%b4-%d8%ad%d8%b6%d9%88%d8%b1-%d8%b4%d8%b1%da%a9%d8%aa-%d9%85%d8%ae%d8%a7%d8%b2%d9%86-%d8%b7%d8%a8%db%8c-%d8%a2%d8%a8%d8%a7%d8%af%db%8c%d8%b3-%d8%af%d8%b1-%d8%a7%db%8c%d8%b1/,fa,post,,yes,medium,https://abadis-med.com/%da%af%d8%b2%d8%a7%d8%b1%d8%b4-%d8%ad%d8%b6%d9%88%d8%b1-%d8%b4%d8%b1%da%a9%d8%aa-%d9%85%d8%ae%d8%a7%d8%b2%d9%86-%d8%b7%d8%a8%db%8c-%d8%a2%d8%a8%d8%a7%d8%af%db%8c%d8%b3-%d8%af%d8%b1-%d8%a7%db%8c%d8%b1/,PRESERVE,no,,FACT: post in post-sitemap; preserve unless later indexation review says otherwise,medium,no
https://abadis-med.com/%d8%aa%d8%ac%d9%87%db%8c%d8%b2%d8%a7%d8%aa-%d9%be%d8%b2%d8%b4%da%a9%db%8c-%d9%85%d8%b5%d8%b1%d9%81%db%8c-%d9%88-%d9%85%d9%84%d8%b2%d9%88%d9%85%d8%a7%d8%aa-%d9%be%d8%b2%d8%b4%da%a9%db%8c-%d9%85%d8%b5/,fa,post,,yes,medium,https://abadis-med.com/%d8%aa%d8%ac%d9%87%db%8c%d8%b2%d8%a7%d8%aa-%d9%be%d8%b2%d8%b4%da%a9%db%8c-%d9%85%d8%b5%d8%b1%d9%81%db%8c-%d9%88-%d9%85%d9%84%d8%b2%d9%88%d9%85%d8%a7%d8%aa-%d9%be%d8%b2%d8%b4%da%a9%db%8c-%d9%85%d8%b5/,PRESERVE,no,,FACT: post in post-sitemap; preserve unless later indexation review says otherwise,medium,no
https://abadis-med.com/%d9%81%db%8c%d9%86%da%af%d8%b1%d8%aa%db%8c%d9%be-%d8%b1%d8%a7%d8%a8%d8%b7-%d8%b3%d8%a7%da%a9%d8%b4%d9%86-%da%86%db%8c%d8%b3%d8%aa%d8%9f/,fa,post,,yes,high,https://abadis-med.com/%d9%81%db%8c%d9%86%da%af%d8%b1%d8%aa%db%8c%d9%be-%d8%b1%d8%a7%d8%a8%d8%b7-%d8%b3%d8%a7%da%a9%d8%b4%d9%86-%da%86%db%8c%d8%b3%d8%aa%d8%9f/,PRESERVE,no,,FACT: post in post-sitemap; preserve unless later indexation review says otherwise,medium,no
https://abadis-med.com/%d8%af%d8%b3%d8%aa%d8%a7%d9%88%d8%b1%d8%af%d9%87%d8%a7%db%8c-%d8%b4%d8%b1%da%a9%d8%aa-%d9%85%d8%ae%d8%a7%d8%b2%d9%86-%d8%b7%d8%a8%db%8c-%d8%a2%d8%a8%d8%a7%d8%af%db%8c%d8%b3-%d8%af%d8%b1-%d8%aa%d9%88/,fa,post,,yes,medium,https://abadis-med.com/%d8%af%d8%b3%d8%aa%d8%a7%d9%88%d8%b1%d8%af%d9%87%d8%a7%db%8c-%d8%b4%d8%b1%da%a9%d8%aa-%d9%85%d8%ae%d8%a7%d8%b2%d9%86-%d8%b7%d8%a8%db%8c-%d8%a2%d8%a8%d8%a7%d8%af%db%8c%d8%b3-%d8%af%d8%b1-%d8%aa%d9%88/,PRESERVE,no,,FACT: post in post-sitemap; preserve unless later indexation review says otherwise,medium,no
https://abadis-med.com/%da%af%d8%b2%d8%a7%d8%b1%d8%b4-%da%a9%d9%86%da%af%d8%b1%d9%87-%d8%a8%db%8c%d9%86-%d8%a7%d9%84%d9%85%d9%84%d9%84%db%8c-%d8%a7%db%8c%d8%b1%d8%a7%d9%86-%da%a9%d9%84%db%8c%d9%86-%db%b1%db%b4%db%b0%db%b3/,fa,post,,yes,medium,https://abadis-med.com/%da%af%d8%b2%d8%a7%d8%b1%d8%b4-%da%a9%d9%86%da%af%d8%b1%d9%87-%d8%a8%db%8c%d9%86-%d8%a7%d9%84%d9%85%d9%84%d9%84%db%8c-%d8%a7%db%8c%d8%b1%d8%a7%d9%86-%da%a9%d9%84%db%8c%d9%86-%db%b1%db%b4%db%b0%db%b3/,PRESERVE,no,,FACT: post in post-sitemap; preserve unless later indexation review says otherwise,medium,no
https://abadis-med.com/%d9%87%d8%b2%d8%a7%d8%b1-%d8%af%d8%b1%d8%ae%d8%aa-%d8%a8%d9%84%d9%88%d8%b7%d8%8c-%d9%87%d8%b2%d8%a7%d8%b1-%d8%a7%d9%85%db%8c%d8%af-%d8%a8%d8%b1%d8%a7%db%8c-%d9%86%d8%ac%d8%a7%d8%aa-%d8%b2%d8%a7%da%af/,fa,post,,yes,medium,https://abadis-med.com/%d9%87%d8%b2%d8%a7%d8%b1-%d8%af%d8%b1%d8%ae%d8%aa-%d8%a8%d9%84%d9%88%d8%b7%d8%8c-%d9%87%d8%b2%d8%a7%d8%b1-%d8%a7%d9%85%db%8c%d8%af-%d8%a8%d8%b1%d8%a7%db%8c-%d9%86%d8%ac%d8%a7%d8%aa-%d8%b2%d8%a7%da%af/,PRESERVE,no,,FACT: post in post-sitemap; preserve unless later indexation review says otherwise,medium,no
https://abadis-med.com/%d8%aa%d9%88%d8%b3%d8%b9%d9%87-%d9%be%d8%a7%db%8c%d8%af%d8%a7%d8%b1-%d8%af%d8%b1-%d8%aa%d8%ac%d9%87%db%8c%d8%b2%d8%a7%d8%aa-%d9%be%d8%b2%d8%b4%da%a9%db%8c/,fa,post,,yes,medium,https://abadis-med.com/%d8%aa%d9%88%d8%b3%d8%b9%d9%87-%d9%be%d8%a7%db%8c%d8%af%d8%a7%d8%b1-%d8%af%d8%b1-%d8%aa%d8%ac%d9%87%db%8c%d8%b2%d8%a7%d8%aa-%d9%be%d8%b2%d8%b4%da%a9%db%8c/,PRESERVE,no,,FACT: post in post-sitemap; preserve unless later indexation review says otherwise,medium,no
https://abadis-med.com/%d9%85%d8%b9%d8%b1%d9%81%db%8c-%d8%b1%d8%b4%d8%aa%d9%87-%d9%85%d9%87%d9%86%d8%af%d8%b3%db%8c-%d9%be%d8%b2%d8%b4%da%a9%db%8c/,fa,post,,yes,medium,https://abadis-med.com/%d9%85%d8%b9%d8%b1%d9%81%db%8c-%d8%b1%d8%b4%d8%aa%d9%87-%d9%85%d9%87%d9%86%d8%af%d8%b3%db%8c-%d9%be%d8%b2%d8%b4%da%a9%db%8c/,PRESERVE,no,,FACT: post in post-sitemap; preserve unless later indexation review says otherwise,medium,no
https://abadis-med.com/%d9%85%d8%b9%d8%b1%d9%81%db%8c-%d8%b1%d8%b4%d8%aa%d9%87-%d9%be%d8%b1%d8%b3%d8%aa%d8%a7%d8%b1%db%8c-%d8%a8%d8%a7%d8%b2%d8%a7%d8%b1-%da%a9%d8%a7%d8%b1%d8%8c-%d8%af%d8%a7%d9%86%d8%b4%da%af%d8%a7%d9%87/,fa,post,,yes,medium,https://abadis-med.com/%d9%85%d8%b9%d8%b1%d9%81%db%8c-%d8%b1%d8%b4%d8%aa%d9%87-%d9%be%d8%b1%d8%b3%d8%aa%d8%a7%d8%b1%db%8c-%d8%a8%d8%a7%d8%b2%d8%a7%d8%b1-%da%a9%d8%a7%d8%b1%d8%8c-%d8%af%d8%a7%d9%86%d8%b4%da%af%d8%a7%d9%87/,PRESERVE,no,,FACT: post in post-sitemap; preserve unless later indexation review says otherwise,medium,no
https://abadis-med.com/%d9%85%d8%ad%d8%b5%d9%88%d9%84%d8%a7%d8%aa-%d9%88-%d8%aa%d8%ac%d9%87%db%8c%d8%b2%d8%a7%d8%aa-%d9%be%d8%b2%d8%b4%da%a9%db%8c-%d9%be%d9%84%db%8c%d9%85%d8%b1%db%8c/,fa,post,,yes,high,https://abadis-med.com/%d9%85%d8%ad%d8%b5%d9%88%d9%84%d8%a7%d8%aa-%d9%88-%d8%aa%d8%ac%d9%87%db%8c%d8%b2%d8%a7%d8%aa-%d9%be%d8%b2%d8%b4%da%a9%db%8c-%d9%be%d9%84%db%8c%d9%85%d8%b1%db%8c/,PRESERVE,no,,FACT: post in post-sitemap; preserve unless later indexation review says otherwise,medium,no
https://abadis-med.com/%d9%86%d8%ac%d8%a7%d8%aa-%d8%b2%d8%a7%da%af%d8%b1%d8%b3%d8%8c%d9%85%d8%b3%d8%a6%d9%88%d9%84%db%8c%d8%aa-%d8%a7%d8%ac%d8%aa%d9%85%d8%a7%d8%b9%db%8c-%d8%a2%d8%a8%d8%a7%d8%af%db%8c%d8%b3/,fa,post,,yes,medium,https://abadis-med.com/%d9%86%d8%ac%d8%a7%d8%aa-%d8%b2%d8%a7%da%af%d8%b1%d8%b3%d8%8c%d9%85%d8%b3%d8%a6%d9%88%d9%84%db%8c%d8%aa-%d8%a7%d8%ac%d8%aa%d9%85%d8%a7%d8%b9%db%8c-%d8%a2%d8%a8%d8%a7%d8%af%db%8c%d8%b3/,PRESERVE,no,,FACT: post in post-sitemap; preserve unless later indexation review says otherwise,medium,no
https://abadis-med.com/%da%86%d8%b1%d8%a7-%da%a9%db%8c%d8%b3%d9%87-%d8%b3%d8%a7%da%a9%d8%b4%d9%86-%db%8c%da%a9%d8%a8%d8%a7%d8%b1-%d9%85%d8%b5%d8%b1%d9%81-%d9%85%db%8c%d8%aa%d9%88%d8%a7%d9%86%d8%af-%d8%ac%d8%a7/,fa,post,,yes,high,https://abadis-med.com/%da%86%d8%b1%d8%a7-%da%a9%db%8c%d8%b3%d9%87-%d8%b3%d8%a7%da%a9%d8%b4%d9%86-%db%8c%da%a9%d8%a8%d8%a7%d8%b1-%d9%85%d8%b5%d8%b1%d9%81-%d9%85%db%8c%d8%aa%d9%88%d8%a7%d9%86%d8%af-%d8%ac%d8%a7/,PRESERVE,no,,FACT: post in post-sitemap; preserve unless later indexation review says otherwise,medium,no
https://abadis-med.com/%d8%ac%d9%84%d8%b3%d8%a7%d8%aa-%d9%85%d8%af%db%8c%d8%b1%d8%a7%d9%86-%d8%a2%d8%a8%d8%a7%d8%af%db%8c%d8%b3-%d8%a8%d8%a7-%d8%b1%d8%a4%d8%b3%d8%a7%db%8c-%d8%a8%db%8c%d9%85%d8%a7%d8%b1%d8%b3%d8%aa%d8%a7/,fa,post,,yes,medium,https://abadis-med.com/%d8%ac%d9%84%d8%b3%d8%a7%d8%aa-%d9%85%d8%af%db%8c%d8%b1%d8%a7%d9%86-%d8%a2%d8%a8%d8%a7%d8%af%db%8c%d8%b3-%d8%a8%d8%a7-%d8%b1%d8%a4%d8%b3%d8%a7%db%8c-%d8%a8%db%8c%d9%85%d8%a7%d8%b1%d8%b3%d8%aa%d8%a7/,PRESERVE,no,,FACT: post in post-sitemap; preserve unless later indexation review says otherwise,medium,no
https://abadis-med.com/iranhealth-iranmed/,fa,post,,yes,medium,https://abadis-med.com/iranhealth-iranmed/,PRESERVE,no,,FACT: post in post-sitemap; preserve unless later indexation review says otherwise,medium,no
https://abadis-med.com/%d8%a8%d8%b1%d8%a7%db%8c-%d8%b2%d9%86%d8%af%da%af%db%8c-%d8%a7%db%8c%d8%b3%d8%aa%d8%a7%d8%af%d9%87%d8%a7%db%8c%d9%85%d8%9b-%d8%a7%d8%b1%d8%b3%d8%a7%d9%84-%db%b8-%d8%ae%d8%a7%d9%88%d8%b1/,fa,post,,yes,medium,https://abadis-med.com/%d8%a8%d8%b1%d8%a7%db%8c-%d8%b2%d9%86%d8%af%da%af%db%8c-%d8%a7%db%8c%d8%b3%d8%aa%d8%a7%d8%af%d9%87%d8%a7%db%8c%d9%85%d8%9b-%d8%a7%d8%b1%d8%b3%d8%a7%d9%84-%db%b8-%d8%ae%d8%a7%d9%88%d8%b1/,PRESERVE,no,,FACT: post in post-sitemap; preserve unless later indexation review says otherwise,medium,no
https://abadis-med.com/%d8%b7%d8%a8%d9%82%d9%87-%d8%a8%d9%86%d8%af%db%8c-%d8%aa%d8%ac%d9%87%db%8c%d8%b2%d8%a7%d8%aa-%d9%be%d8%b2%d8%b4%da%a9%db%8c-t1-%d8%aa%d8%a7-t4-%d9%88-%d9%81%d8%b1%d8%b5%d8%aa%d9%87%d8%a7/,fa,post,,yes,medium,https://abadis-med.com/%d8%b7%d8%a8%d9%82%d9%87-%d8%a8%d9%86%d8%af%db%8c-%d8%aa%d8%ac%d9%87%db%8c%d8%b2%d8%a7%d8%aa-%d9%be%d8%b2%d8%b4%da%a9%db%8c-t1-%d8%aa%d8%a7-t4-%d9%88-%d9%81%d8%b1%d8%b5%d8%aa%d9%87%d8%a7/,PRESERVE,no,,FACT: post in post-sitemap; preserve unless later indexation review says otherwise,medium,no
https://abadis-med.com/%d9%85%d8%b0%d8%a7%da%a9%d8%b1%d8%a7%d8%aa-%d8%a8%db%8c%d9%86-%d8%a7%d9%84%d9%85%d9%84%d9%84%db%8c-%d8%a2%d8%a8%d8%a7%d8%af%db%8c%d8%b3-%d8%af%d8%b1-%d8%a7%db%8c%d8%b1%d8%a7%d9%86-%d9%87%d9%84%d8%ab-1/,fa,post,,yes,medium,https://abadis-med.com/%d9%85%d8%b0%d8%a7%da%a9%d8%b1%d8%a7%d8%aa-%d8%a8%db%8c%d9%86-%d8%a7%d9%84%d9%85%d9%84%d9%84%db%8c-%d8%a2%d8%a8%d8%a7%d8%af%db%8c%d8%b3-%d8%af%d8%b1-%d8%a7%db%8c%d8%b1%d8%a7%d9%86-%d9%87%d9%84%d8%ab-1/,PRESERVE,no,,FACT: post in post-sitemap; preserve unless later indexation review says otherwise,medium,no
https://abadis-med.com/%d9%84%db%8c%d8%a8%d9%84-%d8%a7%d8%b5%d8%a7%d9%84%d8%aa-%d8%af%d8%b1-%d8%aa%d8%ac%d9%87%db%8c%d8%b2%d8%a7%d8%aa-%d9%be%d8%b2%d8%b4%da%a9%db%8c/,fa,post,,yes,medium,https://abadis-med.com/%d9%84%db%8c%d8%a8%d9%84-%d8%a7%d8%b5%d8%a7%d9%84%d8%aa-%d8%af%d8%b1-%d8%aa%d8%ac%d9%87%db%8c%d8%b2%d8%a7%d8%aa-%d9%be%d8%b2%d8%b4%da%a9%db%8c/,PRESERVE,no,,FACT: post in post-sitemap; preserve unless later indexation review says otherwise,medium,no
https://abadis-med.com/%da%a9%d8%a7%d8%b1%d8%a8%d8%b1%d8%af-pvc-%d9%85%d8%af%db%8c%da%a9%d8%a7%d9%84-%da%af%d8%b1%db%8c%d8%af-%d8%af%d8%b1-%d8%aa%d9%88%d9%84%db%8c%d8%af-%d9%84%d9%88%d9%84%d9%87-%d8%b3%d8%a7%da%a9%d8%b4/,fa,post,,yes,medium,https://abadis-med.com/%da%a9%d8%a7%d8%b1%d8%a8%d8%b1%d8%af-pvc-%d9%85%d8%af%db%8c%da%a9%d8%a7%d9%84-%da%af%d8%b1%db%8c%d8%af-%d8%af%d8%b1-%d8%aa%d9%88%d9%84%db%8c%d8%af-%d9%84%d9%88%d9%84%d9%87-%d8%b3%d8%a7%da%a9%d8%b4/,PRESERVE,no,,FACT: post in post-sitemap; preserve unless later indexation review says otherwise,medium,no
https://abadis-med.com/%d8%b1%d8%b3%d8%a7%d9%86%d9%87-%d9%87%d8%a7-%d8%af%d8%b1-%d8%b5%d9%86%d8%b9%d8%aa-%d8%b3%d9%84%d8%a7%d9%85%d8%aa%d8%8c-%d8%af%d8%a7%d8%b1%d9%88-%d9%88-%d8%aa%d8%ac%d9%87%db%8c%d8%b2%d8%a7%d8%aa-%d9%be/,fa,post,,yes,medium,https://abadis-med.com/%d8%b1%d8%b3%d8%a7%d9%86%d9%87-%d9%87%d8%a7-%d8%af%d8%b1-%d8%b5%d9%86%d8%b9%d8%aa-%d8%b3%d9%84%d8%a7%d9%85%d8%aa%d8%8c-%d8%af%d8%a7%d8%b1%d9%88-%d9%88-%d8%aa%d8%ac%d9%87%db%8c%d8%b2%d8%a7%d8%aa-%d9%be/,PRESERVE,no,,FACT: post in post-sitemap; preserve unless later indexation review says otherwise,medium,no
https://abadis-med.com/%d8%a2%d8%b4%d9%86%d8%a7%db%8c%db%8c-%d8%a8%d8%a7-%d8%a7%d8%aa%d8%ad%d8%a7%d8%af%db%8c%d9%87-%d9%87%d8%a7-%d9%88-%d8%aa%d8%b4%da%a9%d9%84-%d9%87%d8%a7%db%8c-%d8%aa%d8%ac%d9%87%db%8c%d8%b2%d8%a7%d8%aa/,fa,post,,yes,medium,https://abadis-med.com/%d8%a2%d8%b4%d9%86%d8%a7%db%8c%db%8c-%d8%a8%d8%a7-%d8%a7%d8%aa%d8%ad%d8%a7%d8%af%db%8c%d9%87-%d9%87%d8%a7-%d9%88-%d8%aa%d8%b4%da%a9%d9%84-%d9%87%d8%a7%db%8c-%d8%aa%d8%ac%d9%87%db%8c%d8%b2%d8%a7%d8%aa/,PRESERVE,no,,FACT: post in post-sitemap; preserve unless later indexation review says otherwise,medium,no
https://abadis-med.com/%d8%a7%d8%b5%d9%88%d9%84-%d9%88-%d9%85%d8%a8%d8%a7%d9%86%db%8c-%da%a9%d9%86%d8%aa%d8%b1%d9%84-%d8%b9%d9%81%d9%88%d9%86%d8%aa-%d9%87%d8%a7%db%8c-%d8%a8%db%8c%d9%85%d8%a7%d8%b1%d8%b3%d8%aa%d8%a7%d9%86/,fa,post,,yes,medium,https://abadis-med.com/%d8%a7%d8%b5%d9%88%d9%84-%d9%88-%d9%85%d8%a8%d8%a7%d9%86%db%8c-%da%a9%d9%86%d8%aa%d8%b1%d9%84-%d8%b9%d9%81%d9%88%d9%86%d8%aa-%d9%87%d8%a7%db%8c-%d8%a8%db%8c%d9%85%d8%a7%d8%b1%d8%b3%d8%aa%d8%a7%d9%86/,PRESERVE,no,,FACT: post in post-sitemap; preserve unless later indexation review says otherwise,medium,no
https://abadis-med.com/%d8%b5%d8%b1%d9%81%d9%87-%d8%ac%d9%88%db%8c%db%8c-%db%b4%db%b0-%d9%85%db%8c%d9%84%db%8c%d9%88%d9%86-%d9%84%db%8c%d8%aa%d8%b1-%d8%a2%d8%a8-%d8%a8%d8%a7-%da%a9%db%8c%d8%b3%d9%87-%d9%87%d8%a7%db%8c/,fa,post,,yes,high,https://abadis-med.com/%d8%b5%d8%b1%d9%81%d9%87-%d8%ac%d9%88%db%8c%db%8c-%db%b4%db%b0-%d9%85%db%8c%d9%84%db%8c%d9%88%d9%86-%d9%84%db%8c%d8%aa%d8%b1-%d8%a2%d8%a8-%d8%a8%d8%a7-%da%a9%db%8c%d8%b3%d9%87-%d9%87%d8%a7%db%8c/,PRESERVE,no,,FACT: post in post-sitemap; preserve unless later indexation review says otherwise,medium,no
https://abadis-med.com/%d8%a7%d9%86%d8%aa%d8%b4%d8%a7%d8%b1-%d9%85%d9%82%d8%a7%d9%84%d9%87-%d9%85%d8%ae%d8%a7%d8%b2%d9%86-%d8%b7%d8%a8%db%8c-%d8%a2%d8%a8%d8%a7%d8%af%db%8c%d8%b3-%d8%af%d8%b1-medium/,fa,post,,yes,medium,https://abadis-med.com/%d8%a7%d9%86%d8%aa%d8%b4%d8%a7%d8%b1-%d9%85%d9%82%d8%a7%d9%84%d9%87-%d9%85%d8%ae%d8%a7%d8%b2%d9%86-%d8%b7%d8%a8%db%8c-%d8%a2%d8%a8%d8%a7%d8%af%db%8c%d8%b3-%d8%af%d8%b1-medium/,PRESERVE,no,,FACT: post in post-sitemap; preserve unless later indexation review says otherwise,medium,no
https://abadis-med.com/%d8%a8%d8%a7%d8%b2%d8%ae%d9%88%d8%b1%d8%af-%da%a9%d8%a7%d8%b1-%d8%a2%d9%85%d8%a7%d8%b1%db%8c-%d8%a2%d8%a8%d8%a7%d8%af%db%8c%d8%b3-%d8%af%d8%b1%d8%a8%d8%a7%d8%b1%d9%87-%d9%86%d9%85%d8%a7%db%8c%d8%b4/,fa,post,,yes,medium,https://abadis-med.com/%d8%a8%d8%a7%d8%b2%d8%ae%d9%88%d8%b1%d8%af-%da%a9%d8%a7%d8%b1-%d8%a2%d9%85%d8%a7%d8%b1%db%8c-%d8%a2%d8%a8%d8%a7%d8%af%db%8c%d8%b3-%d8%af%d8%b1%d8%a8%d8%a7%d8%b1%d9%87-%d9%86%d9%85%d8%a7%db%8c%d8%b4/,PRESERVE,no,,FACT: post in post-sitemap; preserve unless later indexation review says otherwise,medium,no
https://abadis-med.com/%d9%85%d8%b9%d8%b1%d9%81%db%8c-%da%a9%d8%af%db%8c%d9%86%da%af-%d9%85%d8%ad%d8%b5%d9%88%d9%84%d8%a7%d8%aa-%d8%a2%d8%a8%d8%a7%d8%af%db%8c%d8%b3/,fa,post,,yes,high,https://abadis-med.com/%d9%85%d8%b9%d8%b1%d9%81%db%8c-%da%a9%d8%af%db%8c%d9%86%da%af-%d9%85%d8%ad%d8%b5%d9%88%d9%84%d8%a7%d8%aa-%d8%a2%d8%a8%d8%a7%d8%af%db%8c%d8%b3/,PRESERVE,no,,FACT: post in post-sitemap; preserve unless later indexation review says otherwise,medium,no
https://abadis-med.com/%d9%86%d8%ad%d9%88%d9%87-%d8%b4%d8%b3%d8%aa-%d9%88-%d8%b4%d9%88%db%8c-%d9%85%d8%ae%d8%a7%d8%b2%d9%86-%d8%b3%d8%a7%da%a9%d8%b4%d9%86-%d8%ab%d8%a7%d8%a8%d8%aa-%d9%88-%d9%85%d8%af%db%8c%d8%b1%db%8c%d8%aa/,fa,post,,yes,high,https://abadis-med.com/%d9%86%d8%ad%d9%88%d9%87-%d8%b4%d8%b3%d8%aa-%d9%88-%d8%b4%d9%88%db%8c-%d9%85%d8%ae%d8%a7%d8%b2%d9%86-%d8%b3%d8%a7%da%a9%d8%b4%d9%86-%d8%ab%d8%a7%d8%a8%d8%aa-%d9%88-%d9%85%d8%af%db%8c%d8%b1%db%8c%d8%aa/,PRESERVE,no,,FACT: post in post-sitemap; preserve unless later indexation review says otherwise,medium,no
https://abadis-med.com/%d8%a2%d8%a8%d8%a7%d8%af%db%8c%d8%b3-%d9%88%d8%a7%d8%b3%d8%b7-%d9%87%d9%85%da%a9%d8%a7%d8%b1%db%8c-%d9%86%d9%85%d8%a7%db%8c%d8%b4%da%af%d8%a7%d9%87-%d8%a7%db%8c%d8%b1%d8%a7%d9%86%d9%85%d8%af/,fa,post,,yes,medium,https://abadis-med.com/%d8%a2%d8%a8%d8%a7%d8%af%db%8c%d8%b3-%d9%88%d8%a7%d8%b3%d8%b7-%d9%87%d9%85%da%a9%d8%a7%d8%b1%db%8c-%d9%86%d9%85%d8%a7%db%8c%d8%b4%da%af%d8%a7%d9%87-%d8%a7%db%8c%d8%b1%d8%a7%d9%86%d9%85%d8%af/,PRESERVE,no,,FACT: post in post-sitemap; preserve unless later indexation review says otherwise,medium,no
https://abadis-med.com/%da%af%d9%81%d8%aa%d9%88%da%af%d9%88%db%8c-%da%a9%d8%a7%d9%85%d9%84-%d8%b1%d8%a7%d8%af%db%8c%d9%88-%d8%b3%d9%84%d8%a7%d9%85%d8%aa-%d8%a8%d8%a7-%d9%85%d8%af%db%8c%d8%b1%d8%b9%d8%a7%d9%85%d9%84/,fa,post,,yes,medium,https://abadis-med.com/%da%af%d9%81%d8%aa%d9%88%da%af%d9%88%db%8c-%da%a9%d8%a7%d9%85%d9%84-%d8%b1%d8%a7%d8%af%db%8c%d9%88-%d8%b3%d9%84%d8%a7%d9%85%d8%aa-%d8%a8%d8%a7-%d9%85%d8%af%db%8c%d8%b1%d8%b9%d8%a7%d9%85%d9%84/,PRESERVE,no,,FACT: post in post-sitemap; preserve unless later indexation review says otherwise,medium,no
https://abadis-med.com/%da%af%d9%81%d8%aa%d9%88%da%af%d9%88%db%8c-%d9%85%d8%af%db%8c%d8%b1%d8%b9%d8%a7%d9%85%d9%84-%d8%b4%d8%b1%da%a9%d8%aa-%d8%af%d8%a7%d9%86%d8%b4%d8%a8%d9%86%db%8c%d8%a7%d9%86-%d8%a2/,fa,post,,yes,medium,https://abadis-med.com/%da%af%d9%81%d8%aa%d9%88%da%af%d9%88%db%8c-%d9%85%d8%af%db%8c%d8%b1%d8%b9%d8%a7%d9%85%d9%84-%d8%b4%d8%b1%da%a9%d8%aa-%d8%af%d8%a7%d9%86%d8%b4%d8%a8%d9%86%db%8c%d8%a7%d9%86-%d8%a2/,PRESERVE,no,,FACT: post in post-sitemap; preserve unless later indexation review says otherwise,medium,no
https://abadis-med.com/%d8%a7%d9%87%d8%af%d8%a7%d9%81-%d8%aa%d9%88%d8%b3%d8%b9%d9%87-%d9%be%d8%a7%db%8c%d8%af%d8%a7%d8%b1-%d8%a2%d8%a8%d8%a7%d8%af%db%8c%d8%b3/,fa,post,,yes,medium,https://abadis-med.com/%d8%a7%d9%87%d8%af%d8%a7%d9%81-%d8%aa%d9%88%d8%b3%d8%b9%d9%87-%d9%be%d8%a7%db%8c%d8%af%d8%a7%d8%b1-%d8%a2%d8%a8%d8%a7%d8%af%db%8c%d8%b3/,PRESERVE,no,,FACT: post in post-sitemap; preserve unless later indexation review says otherwise,medium,no
https://abadis-med.com/%d8%a7%d9%88%d9%84%db%8c%d9%86-%da%af%d8%b2%d8%a7%d8%b1%d8%b4-%d8%a7%d9%82%d8%af%d8%a7%d9%85%d8%a7%d8%aa-%d8%aa%d9%88%d8%b3%d8%b9%d9%87-%d9%be%d8%a7%db%8c%d8%af%d8%a7%d8%b1-%d8%a2%d8%a8%d8%a7%d8%af/,fa,post,,yes,medium,https://abadis-med.com/%d8%a7%d9%88%d9%84%db%8c%d9%86-%da%af%d8%b2%d8%a7%d8%b1%d8%b4-%d8%a7%d9%82%d8%af%d8%a7%d9%85%d8%a7%d8%aa-%d8%aa%d9%88%d8%b3%d8%b9%d9%87-%d9%be%d8%a7%db%8c%d8%af%d8%a7%d8%b1-%d8%a2%d8%a8%d8%a7%d8%af/,PRESERVE,no,,FACT: post in post-sitemap; preserve unless later indexation review says otherwise,medium,no
https://abadis-med.com/%d8%af%d8%b9%d9%88%d8%aa-%d8%a8%d9%87-%d9%86%d8%b4%d8%b3%d8%aa-%d8%aa%d8%ae%d8%b5%d8%b5%db%8c-%d8%aa%d9%88%d9%84%db%8c%d8%af-%d9%be%d8%a7%db%8c%d8%af%d8%a7%d8%b1-%d8%af%d8%b1-%d8%b4%d8%b1%d8%a7%db%8c/,fa,post,,yes,medium,https://abadis-med.com/%d8%af%d8%b9%d9%88%d8%aa-%d8%a8%d9%87-%d9%86%d8%b4%d8%b3%d8%aa-%d8%aa%d8%ae%d8%b5%d8%b5%db%8c-%d8%aa%d9%88%d9%84%db%8c%d8%af-%d9%be%d8%a7%db%8c%d8%af%d8%a7%d8%b1-%d8%af%d8%b1-%d8%b4%d8%b1%d8%a7%db%8c/,PRESERVE,no,,FACT: post in post-sitemap; preserve unless later indexation review says otherwise,medium,no
https://abadis-med.com/%d8%b3%d9%88%d9%85%db%8c%d9%86-%d8%af%d9%88%d8%b1%d9%87-%d9%86%d9%85%d8%a7%db%8c%d8%b4%da%af%d8%a7%d9%87-%d8%a7%db%8c%d8%b1%d8%a7%d9%86%d9%85%d8%af-%db%b2%db%b0%db%b2%db%b5/,fa,post,,yes,medium,https://abadis-med.com/%d8%b3%d9%88%d9%85%db%8c%d9%86-%d8%af%d9%88%d8%b1%d9%87-%d9%86%d9%85%d8%a7%db%8c%d8%b4%da%af%d8%a7%d9%87-%d8%a7%db%8c%d8%b1%d8%a7%d9%86%d9%85%d8%af-%db%b2%db%b0%db%b2%db%b5/,PRESERVE,no,,FACT: post in post-sitemap; preserve unless later indexation review says otherwise,medium,no
https://abadis-med.com/%d8%a8%d8%b1%da%af%d8%b2%d8%a7%d8%b1%db%8c-%d9%85%d8%ac%d9%85%d8%b9-%d8%b9%d9%85%d9%88%d9%85%db%8c-%d8%b9%d8%a7%d8%af%db%8c-%d8%a7%d9%86%d8%ac%d9%85%d9%86-%d8%b4%d8%b1%da%a9%d8%aa%d9%87%d8%a7/,fa,post,,yes,medium,https://abadis-med.com/%d8%a8%d8%b1%da%af%d8%b2%d8%a7%d8%b1%db%8c-%d9%85%d8%ac%d9%85%d8%b9-%d8%b9%d9%85%d9%88%d9%85%db%8c-%d8%b9%d8%a7%d8%af%db%8c-%d8%a7%d9%86%d8%ac%d9%85%d9%86-%d8%b4%d8%b1%da%a9%d8%aa%d9%87%d8%a7/,PRESERVE,no,,FACT: post in post-sitemap; preserve unless later indexation review says otherwise,medium,no
https://abadis-med.com/%d9%85%d8%ac%d9%85%d8%b9-%d8%b9%d9%85%d9%88%d9%85%db%8c-%d8%b9%d8%a7%d8%af%db%8c-%d8%a8%d9%87%d8%b7%d9%88%d8%b1-%d9%81%d9%88%d9%82%d8%a7/,fa,post,,yes,medium,https://abadis-med.com/%d9%85%d8%ac%d9%85%d8%b9-%d8%b9%d9%85%d9%88%d9%85%db%8c-%d8%b9%d8%a7%d8%af%db%8c-%d8%a8%d9%87%d8%b7%d9%88%d8%b1-%d9%81%d9%88%d9%82%d8%a7/,PRESERVE,no,,FACT: post in post-sitemap; preserve unless later indexation review says otherwise,medium,no
https://abadis-med.com/%d9%85%d8%ac%d9%85%d8%b9-%d8%b9%d9%85%d9%88%d9%85%db%8c-%d8%b3%d8%a7%d9%84%db%8c%d8%a7%d9%86%d9%87-%d8%a7%d9%86%d8%ac%d9%85%d9%86-%d8%aa%d9%88%d9%84%db%8c%d8%af%da%a9%d9%86%d9%86%d8%af%da%af%d8%a7/,fa,post,,yes,medium,https://abadis-med.com/%d9%85%d8%ac%d9%85%d8%b9-%d8%b9%d9%85%d9%88%d9%85%db%8c-%d8%b3%d8%a7%d9%84%db%8c%d8%a7%d9%86%d9%87-%d8%a7%d9%86%d8%ac%d9%85%d9%86-%d8%aa%d9%88%d9%84%db%8c%d8%af%da%a9%d9%86%d9%86%d8%af%da%af%d8%a7/,PRESERVE,no,,FACT: post in post-sitemap; preserve unless later indexation review says otherwise,medium,no
https://abadis-med.com/%d9%85%d8%b5%d8%a7%d8%ad%d8%a8%d9%87-%d8%b4%d8%b1%da%a9%d8%aa-%d9%be%db%8c%d8%a7%d9%85-%da%af%d8%b3%d8%aa%d8%b1-%d8%a8%d8%a7-%d9%85%d8%af%db%8c%d8%b1%d8%a7%d9%86-%d8%a2%d8%a8%d8%a7%d8%af%db%8c%d8%b3/,fa,post,,yes,medium,https://abadis-med.com/%d9%85%d8%b5%d8%a7%d8%ad%d8%a8%d9%87-%d8%b4%d8%b1%da%a9%d8%aa-%d9%be%db%8c%d8%a7%d9%85-%da%af%d8%b3%d8%aa%d8%b1-%d8%a8%d8%a7-%d9%85%d8%af%db%8c%d8%b1%d8%a7%d9%86-%d8%a2%d8%a8%d8%a7%d8%af%db%8c%d8%b3/,PRESERVE,no,,FACT: post in post-sitemap; preserve unless later indexation review says otherwise,medium,no
https://abadis-med.com/%d8%a8%d8%b1%d8%b1%d8%b3%db%8c-%d9%85%d9%86%d8%a7%d8%a8%d8%b9-%d8%a7%d9%86%d8%b3%d8%a7%d9%86%db%8c-%d8%af%d8%b1-%d8%a2%d8%a8%d8%a7%d8%af%db%8c%d8%b3/,fa,post,,yes,medium,https://abadis-med.com/%d8%a8%d8%b1%d8%b1%d8%b3%db%8c-%d9%85%d9%86%d8%a7%d8%a8%d8%b9-%d8%a7%d9%86%d8%b3%d8%a7%d9%86%db%8c-%d8%af%d8%b1-%d8%a2%d8%a8%d8%a7%d8%af%db%8c%d8%b3/,PRESERVE,no,,FACT: post in post-sitemap; preserve unless later indexation review says otherwise,medium,no
https://abadis-med.com/nurse1404/,fa,post,,yes,medium,https://abadis-med.com/nurse1404/,PRESERVE,no,,FACT: post in post-sitemap; preserve unless later indexation review says otherwise,medium,no
https://abadis-med.com/%d8%af%d8%b3%d8%aa%da%af%d8%a7%d9%87-%d8%b3%d8%a7%da%a9%d8%b4%d9%86-%da%86%db%8c%d8%b3%d8%aa/,fa,post,,yes,high,https://abadis-med.com/%d8%af%d8%b3%d8%aa%da%af%d8%a7%d9%87-%d8%b3%d8%a7%da%a9%d8%b4%d9%86-%da%86%db%8c%d8%b3%d8%aa/,PRESERVE,no,,FACT: post in post-sitemap; preserve unless later indexation review says otherwise,medium,no
https://abadis-med.com/%da%a9%db%8c%d8%b3%d9%87-%d8%b3%d8%a7%da%a9%d8%b4%d9%86-%db%8c%da%a9%d8%a8%d8%a7%d8%b1-%d9%85%d8%b5%d8%b1%d9%81-%d8%a7%d8%b3%d8%aa%d8%b1%db%8c%d9%84-%da%86%db%8c%d8%b3%d8%aa%d8%9f/,fa,post,,yes,high,https://abadis-med.com/%da%a9%db%8c%d8%b3%d9%87-%d8%b3%d8%a7%da%a9%d8%b4%d9%86-%db%8c%da%a9%d8%a8%d8%a7%d8%b1-%d9%85%d8%b5%d8%b1%d9%81-%d8%a7%d8%b3%d8%aa%d8%b1%db%8c%d9%84-%da%86%db%8c%d8%b3%d8%aa%d8%9f/,PRESERVE,no,,FACT: post in post-sitemap; preserve unless later indexation review says otherwise,medium,no
https://abadis-med.com/%d8%a7%d8%ab%d8%b1%d8%a7%d8%aa-%da%a9%db%8c%d8%b3%d9%87%d9%87%d8%a7%db%8c-%d8%b3%d8%a7%da%a9%d8%b4%d9%86-%db%8c%da%a9%d8%a8%d8%a7%d8%b1-%d9%85%d8%b5%d8%b1%d9%81-%d8%a2%d8%a8%d8%a7%d8%af%db%8c/,fa,post,,yes,high,https://abadis-med.com/%d8%a7%d8%ab%d8%b1%d8%a7%d8%aa-%da%a9%db%8c%d8%b3%d9%87%d9%87%d8%a7%db%8c-%d8%b3%d8%a7%da%a9%d8%b4%d9%86-%db%8c%da%a9%d8%a8%d8%a7%d8%b1-%d9%85%d8%b5%d8%b1%d9%81-%d8%a2%d8%a8%d8%a7%d8%af%db%8c/,PRESERVE,no,,FACT: post in post-sitemap; preserve unless later indexation review says otherwise,medium,no
https://abadis-med.com/%d8%a7%d9%86%d9%88%d8%a7%d8%b9-%d9%81%db%8c%d9%84%d8%aa%d8%b1%d9%87%d8%a7%db%8c-%da%a9%db%8c%d8%b3%d9%87-%d8%b3%d8%a7%da%a9%d8%b4%d9%86/,fa,post,,yes,high,https://abadis-med.com/%d8%a7%d9%86%d9%88%d8%a7%d8%b9-%d9%81%db%8c%d9%84%d8%aa%d8%b1%d9%87%d8%a7%db%8c-%da%a9%db%8c%d8%b3%d9%87-%d8%b3%d8%a7%da%a9%d8%b4%d9%86/,PRESERVE,no,,FACT: post in post-sitemap; preserve unless later indexation review says otherwise,medium,no
https://abadis-med.com/%d9%88%d8%a8%db%8c%d9%86%d8%a7%d8%b1-%d8%a2%d9%85%d9%88%d8%b2%d8%b4%db%8c-%d9%86%d9%82%d8%b4-%d9%87%d9%88%d8%b4-%d9%85%d8%b5%d9%86%d9%88%d8%b9%db%8c-%d9%88-%d9%87%d9%88%d8%b4-%d8%aa%d8%ac/,fa,post,,yes,medium,https://abadis-med.com/%d9%88%d8%a8%db%8c%d9%86%d8%a7%d8%b1-%d8%a2%d9%85%d9%88%d8%b2%d8%b4%db%8c-%d9%86%d9%82%d8%b4-%d9%87%d9%88%d8%b4-%d9%85%d8%b5%d9%86%d9%88%d8%b9%db%8c-%d9%88-%d9%87%d9%88%d8%b4-%d8%aa%d8%ac/,PRESERVE,no,,FACT: post in post-sitemap; preserve unless later indexation review says otherwise,medium,no
https://abadis-med.com/%d9%86%d9%82%d8%b4-%d8%b5%d9%86%d8%a7%db%8c%d8%b9-%d8%af%d8%a7%d9%86%d8%b4%d8%a8%d9%86%db%8c%d8%a7%d9%86-%d8%af%d8%b1-%d8%aa%d8%ad%d9%82%d9%82-%d8%ad%da%a9%d9%85%d8%b1%d8%a7%d9%86%db%8c/,fa,post,,yes,medium,https://abadis-med.com/%d9%86%d9%82%d8%b4-%d8%b5%d9%86%d8%a7%db%8c%d8%b9-%d8%af%d8%a7%d9%86%d8%b4%d8%a8%d9%86%db%8c%d8%a7%d9%86-%d8%af%d8%b1-%d8%aa%d8%ad%d9%82%d9%82-%d8%ad%da%a9%d9%85%d8%b1%d8%a7%d9%86%db%8c/,PRESERVE,no,,FACT: post in post-sitemap; preserve unless later indexation review says otherwise,medium,no
https://abadis-med.com/%d9%81%db%8c%d9%84%d8%aa%d8%b1%d9%87%d8%a7%db%8c-%d8%a2%d8%a8%d8%a7%d8%af%db%8c%d8%b3%d8%9b-%d8%ad%d8%af%d8%a7%da%a9%d8%ab%d8%b1-%d8%a7%db%8c%d9%85%d9%86%db%8c-%d8%af%d8%b1-%da%a9%d9%86%d8%aa%d8%b1/,fa,post,,yes,medium,https://abadis-med.com/%d9%81%db%8c%d9%84%d8%aa%d8%b1%d9%87%d8%a7%db%8c-%d8%a2%d8%a8%d8%a7%d8%af%db%8c%d8%b3%d8%9b-%d8%ad%d8%af%d8%a7%da%a9%d8%ab%d8%b1-%d8%a7%db%8c%d9%85%d9%86%db%8c-%d8%af%d8%b1-%da%a9%d9%86%d8%aa%d8%b1/,PRESERVE,no,,FACT: post in post-sitemap; preserve unless later indexation review says otherwise,medium,no
https://abadis-med.com/%da%86%d8%b1%d8%a7-%d9%85%d8%ae%d8%a7%d8%b2%d9%86-%d8%b7%d8%a8%db%8c-%d8%a2%d8%a8%d8%a7%d8%af%db%8c%d8%b3-%d8%af%d8%b1-%d9%87%db%8c%da%86%db%8c%da%a9-%d8%a7%d8%b2-%d9%86%d9%85/,fa,post,,yes,medium,https://abadis-med.com/%da%86%d8%b1%d8%a7-%d9%85%d8%ae%d8%a7%d8%b2%d9%86-%d8%b7%d8%a8%db%8c-%d8%a2%d8%a8%d8%a7%d8%af%db%8c%d8%b3-%d8%af%d8%b1-%d9%87%db%8c%da%86%db%8c%da%a9-%d8%a7%d8%b2-%d9%86%d9%85/,PRESERVE,no,,FACT: post in post-sitemap; preserve unless later indexation review says otherwise,medium,no
https://abadis-med.com/%d8%a7%d9%86%d8%aa%d8%b4%d8%a7%d8%b1-%da%a9%d8%aa%d8%a7%d8%a8-%d8%aa%d8%a7%d8%b1%db%8c%d8%ae-%d8%b4%d9%81%d8%a7%d9%87%db%8c-%d8%b5%d9%86%d8%b9%d8%aa-%d8%aa%d8%ac%d9%87%db%8c%d8%b2%d8%a7%d8%aa/,fa,post,,yes,medium,https://abadis-med.com/%d8%a7%d9%86%d8%aa%d8%b4%d8%a7%d8%b1-%da%a9%d8%aa%d8%a7%d8%a8-%d8%aa%d8%a7%d8%b1%db%8c%d8%ae-%d8%b4%d9%81%d8%a7%d9%87%db%8c-%d8%b5%d9%86%d8%b9%d8%aa-%d8%aa%d8%ac%d9%87%db%8c%d8%b2%d8%a7%d8%aa/,PRESERVE,no,,FACT: post in post-sitemap; preserve unless later indexation review says otherwise,medium,no
https://abadis-med.com/%da%af%d8%b2%d8%a7%d8%b1%d8%b4-%d8%aa%d8%b5%d9%88%db%8c%d8%b1%db%8c-%d8%a7%d8%b2-%d8%ad%d8%b6%d9%88%d8%b1-%d8%a2%d8%a8%d8%a7%d8%af%db%8c%d8%b3-%d8%af%d8%b1-%d9%86%d9%85%d8%a7%db%8c%d8%b4%da%af%d8%a7-3/,fa,post,,yes,medium,https://abadis-med.com/%da%af%d8%b2%d8%a7%d8%b1%d8%b4-%d8%aa%d8%b5%d9%88%db%8c%d8%b1%db%8c-%d8%a7%d8%b2-%d8%ad%d8%b6%d9%88%d8%b1-%d8%a2%d8%a8%d8%a7%d8%af%db%8c%d8%b3-%d8%af%d8%b1-%d9%86%d9%85%d8%a7%db%8c%d8%b4%da%af%d8%a7-3/,PRESERVE,no,,FACT: post in post-sitemap; preserve unless later indexation review says otherwise,medium,no
https://abadis-med.com/%d8%b5%d9%88%d8%b1%d8%a9-%d9%84%d9%84%d9%85%d8%b9%d8%b1%d8%b6-%d8%a7%d9%84%d8%af%d9%88%d9%84%d9%8a-%d8%a7%d9%84%d8%ab%d8%a7%d9%86%d9%8a-%d9%88%d8%a7%d9%84%d8%b9%d8%b4%d8%b1%d9%88%d9%86-%d9%81%d9%8a/,fa,post,,yes,medium,https://abadis-med.com/%d8%b5%d9%88%d8%b1%d8%a9-%d9%84%d9%84%d9%85%d8%b9%d8%b1%d8%b6-%d8%a7%d9%84%d8%af%d9%88%d9%84%d9%8a-%d8%a7%d9%84%d8%ab%d8%a7%d9%86%d9%8a-%d9%88%d8%a7%d9%84%d8%b9%d8%b4%d8%b1%d9%88%d9%86-%d9%81%d9%8a/,PRESERVE,no,,FACT: post in post-sitemap; preserve unless later indexation review says otherwise,medium,no
https://abadis-med.com/%d8%a7%d8%b3%d8%aa%d8%a7%d9%86%d8%af%d8%a7%d8%b1%d8%af%d9%87%d8%a7%db%8c-%d9%85%d9%88%d8%ac%d9%88%d8%af-%d8%af%d8%b1-%d8%aa%d9%88%d9%84%db%8c%d8%af-%d8%b3%d8%a7%da%a9%d8%b4%d9%86-%d8%aa%db%8c%d9%88/,fa,post,,yes,high,https://abadis-med.com/%d8%a7%d8%b3%d8%aa%d8%a7%d9%86%d8%af%d8%a7%d8%b1%d8%af%d9%87%d8%a7%db%8c-%d9%85%d9%88%d8%ac%d9%88%d8%af-%d8%af%d8%b1-%d8%aa%d9%88%d9%84%db%8c%d8%af-%d8%b3%d8%a7%da%a9%d8%b4%d9%86-%d8%aa%db%8c%d9%88/,PRESERVE,no,,FACT: post in post-sitemap; preserve unless later indexation review says otherwise,medium,no
https://abadis-med.com/%d8%a7%d8%b3%d8%aa%d8%a7%d9%86%d8%af%d8%a7%d8%b1%d8%af%d9%87%d8%a7%db%8c-%d9%85%d9%88%d8%ac%d9%88%d8%af-%d8%af%d8%b1-%d8%aa%d9%88%d9%84%db%8c%d8%af-%da%a9%db%8c%d8%b3%d9%87-%d8%b3%d8%a7%da%a9%d8%b4/,fa,post,,yes,high,https://abadis-med.com/%d8%a7%d8%b3%d8%aa%d8%a7%d9%86%d8%af%d8%a7%d8%b1%d8%af%d9%87%d8%a7%db%8c-%d9%85%d9%88%d8%ac%d9%88%d8%af-%d8%af%d8%b1-%d8%aa%d9%88%d9%84%db%8c%d8%af-%da%a9%db%8c%d8%b3%d9%87-%d8%b3%d8%a7%da%a9%d8%b4/,PRESERVE,no,,FACT: post in post-sitemap; preserve unless later indexation review says otherwise,medium,no
https://abadis-med.com/%d9%86%d9%85%d8%a7%db%8c%d8%b4%da%af%d8%a7%d9%87%d9%87%d8%a7%db%8c-%d8%aa%d8%ac%d9%87%db%8c%d8%b2%d8%a7%d8%aa-%d9%be%d8%b2%d8%b4%da%a9%db%8c-%d8%a7%db%8c%d8%b1%d8%a7%d9%86/,fa,post,,yes,medium,https://abadis-med.com/%d9%86%d9%85%d8%a7%db%8c%d8%b4%da%af%d8%a7%d9%87%d9%87%d8%a7%db%8c-%d8%aa%d8%ac%d9%87%db%8c%d8%b2%d8%a7%d8%aa-%d9%be%d8%b2%d8%b4%da%a9%db%8c-%d8%a7%db%8c%d8%b1%d8%a7%d9%86/,PRESERVE,no,,FACT: post in post-sitemap; preserve unless later indexation review says otherwise,medium,no
https://abadis-med.com/%d9%81%db%8c%da%a9%d8%b3%d8%b1-%d9%84%d9%88%d9%84%d9%87-%d8%aa%d8%b1%d8%a7%d8%b4%d9%87%d8%9b-%d8%a7%db%8c%d9%85%d9%86%db%8c-%d8%a8%db%8c%d8%b4%d8%aa%d8%b1%d8%8c-%d9%85%d8%b1%d8%a7%d9%82%d8%a8%d8%aa/,fa,post,,yes,medium,https://abadis-med.com/%d9%81%db%8c%da%a9%d8%b3%d8%b1-%d9%84%d9%88%d9%84%d9%87-%d8%aa%d8%b1%d8%a7%d8%b4%d9%87%d8%9b-%d8%a7%db%8c%d9%85%d9%86%db%8c-%d8%a8%db%8c%d8%b4%d8%aa%d8%b1%d8%8c-%d9%85%d8%b1%d8%a7%d9%82%d8%a8%d8%aa/,PRESERVE,no,,FACT: post in post-sitemap; preserve unless later indexation review says otherwise,medium,no
https://abadis-med.com/%d9%85%d8%b5%d8%a7%d8%ad%d8%a8%d9%87-%d8%b1%d8%a6%db%8c%d8%b3-%d9%87%db%8c%d8%a6%d8%aa%d9%85%d8%af%db%8c%d8%b1%d9%87-%d8%a2%d8%a8%d8%a7%d8%af%db%8c%d8%b3-%d8%af%d8%b1-%d8%a8%d8%b1%d9%86%d8%a7/,fa,post,,yes,medium,https://abadis-med.com/%d9%85%d8%b5%d8%a7%d8%ad%d8%a8%d9%87-%d8%b1%d8%a6%db%8c%d8%b3-%d9%87%db%8c%d8%a6%d8%aa%d9%85%d8%af%db%8c%d8%b1%d9%87-%d8%a2%d8%a8%d8%a7%d8%af%db%8c%d8%b3-%d8%af%d8%b1-%d8%a8%d8%b1%d9%86%d8%a7/,PRESERVE,no,,FACT: post in post-sitemap; preserve unless later indexation review says otherwise,medium,no
https://abadis-med.com/%d8%b3%d8%a7%da%a9%d8%b4%d9%86-%d9%be%d8%b1%d8%aa%d8%a7%d8%a8%d9%84-%d8%a2%d9%85%d8%a8%d9%88%d9%84%d8%a7%d9%86%d8%b3%db%8c-%d9%88-%d8%a7%d9%87%d9%85%db%8c%d8%aa-%d8%a7%d8%b3%d8%aa%d9%81%d8%a7%d8%af/,fa,post,,yes,high,https://abadis-med.com/%d8%b3%d8%a7%da%a9%d8%b4%d9%86-%d9%be%d8%b1%d8%aa%d8%a7%d8%a8%d9%84-%d8%a2%d9%85%d8%a8%d9%88%d9%84%d8%a7%d9%86%d8%b3%db%8c-%d9%88-%d8%a7%d9%87%d9%85%db%8c%d8%aa-%d8%a7%d8%b3%d8%aa%d9%81%d8%a7%d8%af/,PRESERVE,no,,FACT: post in post-sitemap; preserve unless later indexation review says otherwise,medium,no
https://abadis-med.com/%d9%86%d9%85%d8%a7%db%8c%d8%b4%da%af%d8%a7%d9%87%d9%87%d8%a7%db%8c-%d8%aa%d8%ac%d9%87%db%8c%d8%b2%d8%a7%d8%aa-%d9%be%d8%b2%d8%b4%da%a9%db%8c-%d8%ac%d9%87%d8%a7%d9%86/,fa,post,,yes,medium,https://abadis-med.com/%d9%86%d9%85%d8%a7%db%8c%d8%b4%da%af%d8%a7%d9%87%d9%87%d8%a7%db%8c-%d8%aa%d8%ac%d9%87%db%8c%d8%b2%d8%a7%d8%aa-%d9%be%d8%b2%d8%b4%da%a9%db%8c-%d8%ac%d9%87%d8%a7%d9%86/,PRESERVE,no,,FACT: post in post-sitemap; preserve unless later indexation review says otherwise,medium,no
https://abadis-med.com/%d8%b7%d8%b1%d8%a7%d8%ad%db%8c-%d9%88-%d9%be%db%8c%d8%a7%d8%af%d9%87%d8%b3%d8%a7%d8%b2%db%8c-%d8%b3%db%8c%d8%b3%d8%aa%d9%85-%d9%87%d9%88%d8%b4-%d8%aa%d8%ac%d8%a7%d8%b1%db%8c-%d8%a8%d8%b1/,fa,post,,yes,medium,https://abadis-med.com/%d8%b7%d8%b1%d8%a7%d8%ad%db%8c-%d9%88-%d9%be%db%8c%d8%a7%d8%af%d9%87%d8%b3%d8%a7%d8%b2%db%8c-%d8%b3%db%8c%d8%b3%d8%aa%d9%85-%d9%87%d9%88%d8%b4-%d8%aa%d8%ac%d8%a7%d8%b1%db%8c-%d8%a8%d8%b1/,PRESERVE,no,,FACT: post in post-sitemap; preserve unless later indexation review says otherwise,medium,no
https://abadis-med.com/%d8%a7%d9%86%d8%aa%d8%b4%d8%a7%d8%b1-%d9%85%d9%82%d8%a7%d9%84%d9%87-%d9%85%d8%af%db%8c%d8%b1%d8%b9%d8%a7%d9%85%d9%84-%d9%85%d8%ae%d8%a7%d8%b2%d9%86-%d8%b7%d8%a8%db%8c-%d8%a2%d8%a8%d8%a7%d8%af%db%8c/,fa,post,,yes,medium,https://abadis-med.com/%d8%a7%d9%86%d8%aa%d8%b4%d8%a7%d8%b1-%d9%85%d9%82%d8%a7%d9%84%d9%87-%d9%85%d8%af%db%8c%d8%b1%d8%b9%d8%a7%d9%85%d9%84-%d9%85%d8%ae%d8%a7%d8%b2%d9%86-%d8%b7%d8%a8%db%8c-%d8%a2%d8%a8%d8%a7%d8%af%db%8c/,PRESERVE,no,,FACT: post in post-sitemap; preserve unless later indexation review says otherwise,medium,no
https://abadis-med.com/%d9%88%db%8c%d8%b1%d9%88%d8%b3-%d9%87%d8%a7%d9%86%d8%aa%d8%a7-%da%86%db%8c%d8%b3%d8%aa%d8%9f/,fa,post,,yes,medium,https://abadis-med.com/%d9%88%db%8c%d8%b1%d9%88%d8%b3-%d9%87%d8%a7%d9%86%d8%aa%d8%a7-%da%86%db%8c%d8%b3%d8%aa%d8%9f/,PRESERVE,no,,FACT: post in post-sitemap; preserve unless later indexation review says otherwise,medium,no
https://abadis-med.com/%d9%85%d9%82%d8%a7%d9%84%d9%87-%d9%85%d8%af%db%8c%d8%b1%d8%b9%d8%a7%d9%85%d9%84-%d9%85%d8%ae%d8%a7%d8%b2%d9%86-%d8%b7%d8%a8%db%8c-%d8%a2%d8%a8%d8%a7%d8%af%db%8c%d8%b3-%d8%af%d8%b1-%da%a9%d9%86%d9%81/,fa,post,,yes,medium,https://abadis-med.com/%d9%85%d9%82%d8%a7%d9%84%d9%87-%d9%85%d8%af%db%8c%d8%b1%d8%b9%d8%a7%d9%85%d9%84-%d9%85%d8%ae%d8%a7%d8%b2%d9%86-%d8%b7%d8%a8%db%8c-%d8%a2%d8%a8%d8%a7%d8%af%db%8c%d8%b3-%d8%af%d8%b1-%da%a9%d9%86%d9%81/,PRESERVE,no,,FACT: post in post-sitemap; preserve unless later indexation review says otherwise,medium,no
https://abadis-med.com/%d9%86%d9%82%d8%b4-%da%a9%db%8c%d8%b3%d9%87-%d8%b3%d8%a7%da%a9%d8%b4%d9%86-%db%8c%da%a9%d8%a8%d8%a7%d8%b1%d9%85%d8%b5%d8%b1%d9%81-%d8%af%d8%b1-%da%a9%d8%a7%d9%87%d8%b4-%d8%ae%d8%b7%d8%b1/,fa,post,,yes,high,https://abadis-med.com/%d9%86%d9%82%d8%b4-%da%a9%db%8c%d8%b3%d9%87-%d8%b3%d8%a7%da%a9%d8%b4%d9%86-%db%8c%da%a9%d8%a8%d8%a7%d8%b1%d9%85%d8%b5%d8%b1%d9%81-%d8%af%d8%b1-%da%a9%d8%a7%d9%87%d8%b4-%d8%ae%d8%b7%d8%b1/,PRESERVE,no,,FACT: post in post-sitemap; preserve unless later indexation review says otherwise,medium,no
https://abadis-med.com/%d8%b3%d8%a7%da%a9%d8%b4%d9%86-%d8%af%db%8c%d9%88%d8%a7%d8%b1%db%8c-%da%86%db%8c%d8%b3%d8%aa%d8%9f/,fa,post,,yes,high,https://abadis-med.com/%d8%b3%d8%a7%da%a9%d8%b4%d9%86-%d8%af%db%8c%d9%88%d8%a7%d8%b1%db%8c-%da%86%db%8c%d8%b3%d8%aa%d8%9f/,PRESERVE,no,,FACT: post in post-sitemap; preserve unless later indexation review says otherwise,medium,no
https://abadis-med.com/%d8%b1%da%af%d9%88%d9%84%d8%a7%d8%aa%d9%88%d8%b1-%d8%b3%d8%a7%da%a9%d8%b4%d9%86-%da%86%db%8c%d8%b3%d8%aa/,fa,post,,yes,high,https://abadis-med.com/%d8%b1%da%af%d9%88%d9%84%d8%a7%d8%aa%d9%88%d8%b1-%d8%b3%d8%a7%da%a9%d8%b4%d9%86-%da%86%db%8c%d8%b3%d8%aa/,PRESERVE,no,,FACT: post in post-sitemap; preserve unless later indexation review says otherwise,medium,no
https://abadis-med.com/20-%da%98%d9%88%d8%b1%d9%86%d8%a7%d9%84-%d9%85%d8%b9%d8%aa%d8%a8%d8%b1-%d8%aa%d8%ac%d9%87%db%8c%d8%b2%d8%a7%d8%aa-%d9%be%d8%b2%d8%b4%da%a9%db%8c/,fa,post,,yes,medium,https://abadis-med.com/20-%da%98%d9%88%d8%b1%d9%86%d8%a7%d9%84-%d9%85%d8%b9%d8%aa%d8%a8%d8%b1-%d8%aa%d8%ac%d9%87%db%8c%d8%b2%d8%a7%d8%aa-%d9%be%d8%b2%d8%b4%da%a9%db%8c/,PRESERVE,no,,FACT: post in post-sitemap; preserve unless later indexation review says otherwise,medium,no
https://abadis-med.com/%d8%a7%d8%b9%d9%84%d8%a7%d9%85-%d8%b9%d8%af%d9%85-%d8%aa%d9%85%d8%af%db%8c%d8%af-%d8%b9%d8%b6%d9%88%db%8c%d8%aa-%d9%88-%d8%a7%d9%86%d8%aa%d8%b4%d8%a7%d8%b1-%d9%86%d8%a7%d9%85%d9%87-%d8%b3%d8%b1%da%af/,fa,post,,yes,medium,https://abadis-med.com/%d8%a7%d8%b9%d9%84%d8%a7%d9%85-%d8%b9%d8%af%d9%85-%d8%aa%d9%85%d8%af%db%8c%d8%af-%d8%b9%d8%b6%d9%88%db%8c%d8%aa-%d9%88-%d8%a7%d9%86%d8%aa%d8%b4%d8%a7%d8%b1-%d9%86%d8%a7%d9%85%d9%87-%d8%b3%d8%b1%da%af/,PRESERVE,no,,FACT: post in post-sitemap; preserve unless later indexation review says otherwise,medium,no
https://abadis-med.com/%db%b1%db%b7-%d9%85%d8%b1%d8%af%d8%a7%d8%af%d8%9b-%d8%b1%d9%88%d8%b2-%d8%ae%d8%a8%d8%b1%d9%86%da%af%d8%a7%d8%b1-%da%af%d8%b1%d8%a7%d9%85%db%8c-%d8%a8%d8%a7%d8%af/,fa,post,,yes,medium,https://abadis-med.com/%db%b1%db%b7-%d9%85%d8%b1%d8%af%d8%a7%d8%af%d8%9b-%d8%b1%d9%88%d8%b2-%d8%ae%d8%a8%d8%b1%d9%86%da%af%d8%a7%d8%b1-%da%af%d8%b1%d8%a7%d9%85%db%8c-%d8%a8%d8%a7%d8%af/,PRESERVE,no,,FACT: post in post-sitemap; preserve unless later indexation review says otherwise,medium,no
https://abadis-med.com/%d8%a2%d8%ba%d8%a7%d8%b2-%d9%81%d9%88%d8%b1%db%8c-%d8%b9%d9%85%d9%84%db%8c%d8%a7%d8%aa-%d8%a8%d8%a7%d8%b2%d8%b3%d8%a7%d8%b2%db%8c-%da%a9%d8%a7%d8%b1%d8%ae%d8%a7%d9%86%d9%87-%d8%a2%d8%a8%d8%a7%d8%af/,fa,post,,yes,medium,https://abadis-med.com/%d8%a2%d8%ba%d8%a7%d8%b2-%d9%81%d9%88%d8%b1%db%8c-%d8%b9%d9%85%d9%84%db%8c%d8%a7%d8%aa-%d8%a8%d8%a7%d8%b2%d8%b3%d8%a7%d8%b2%db%8c-%da%a9%d8%a7%d8%b1%d8%ae%d8%a7%d9%86%d9%87-%d8%a2%d8%a8%d8%a7%d8%af/,PRESERVE,no,,FACT: post in post-sitemap; preserve unless later indexation review says otherwise,medium,no
https://abadis-med.com/%d9%81%db%8c%d9%84%d8%aa%d8%b1-%d8%a2%d9%86%d8%aa%db%8c%d8%a8%d8%a7%da%a9%d8%aa%d8%b1%db%8c%d8%a7%d9%84-%d9%88-%d9%81%db%8c%d9%84%d8%aa%d8%b1-%d9%87%db%8c%d8%af%d8%b1%d9%88%d9%81%d9%88%d8%a8/,fa,post,,yes,medium,https://abadis-med.com/%d9%81%db%8c%d9%84%d8%aa%d8%b1-%d8%a2%d9%86%d8%aa%db%8c%d8%a8%d8%a7%da%a9%d8%aa%d8%b1%db%8c%d8%a7%d9%84-%d9%88-%d9%81%db%8c%d9%84%d8%aa%d8%b1-%d9%87%db%8c%d8%af%d8%b1%d9%88%d9%81%d9%88%d8%a8/,PRESERVE,no,,FACT: post in post-sitemap; preserve unless later indexation review says otherwise,medium,no
https://abadis-med.com/%d8%a7%da%a9%d8%b3%d8%aa%d9%86%d8%b4%d9%86-%d8%aa%db%8c%d9%88%d8%a8-%da%86%db%8c%d8%b3%d8%aa%d8%9f/,fa,post,,yes,medium,https://abadis-med.com/%d8%a7%da%a9%d8%b3%d8%aa%d9%86%d8%b4%d9%86-%d8%aa%db%8c%d9%88%d8%a8-%da%86%db%8c%d8%b3%d8%aa%d8%9f/,PRESERVE,no,,FACT: post in post-sitemap; preserve unless later indexation review says otherwise,medium,no
https://abadis-med.com/%d8%a2%d8%a8%d8%a7%d8%af%db%8c%d8%b3-%d8%af%d8%b1-%d8%b1%d9%88%d8%b2%d9%87%d8%a7%db%8c-%d8%ac%d9%86%da%af-%d8%b1%d9%85%d8%b6%d8%a7%d9%86%d8%9b-%d8%aa%d8%af%d8%a7%d9%88%d9%85-%d8%ae%d8%af%d9%85%d8%aa/,fa,post,,yes,medium,https://abadis-med.com/%d8%a2%d8%a8%d8%a7%d8%af%db%8c%d8%b3-%d8%af%d8%b1-%d8%b1%d9%88%d8%b2%d9%87%d8%a7%db%8c-%d8%ac%d9%86%da%af-%d8%b1%d9%85%d8%b6%d8%a7%d9%86%d8%9b-%d8%aa%d8%af%d8%a7%d9%88%d9%85-%d8%ae%d8%af%d9%85%d8%aa/,PRESERVE,no,,FACT: post in post-sitemap; preserve unless later indexation review says otherwise,medium,no
https://abadis-med.com/%d9%82%db%8c%d9%85%d8%aa-%da%a9%db%8c%d8%b3%d9%87-%d8%b3%d8%a7%da%a9%d8%b4%d9%86-%db%8c%da%a9%d8%a8%d8%a7%d8%b1-%d9%85%d8%b5%d8%b1%d9%81%d8%9b-%d9%87%d8%b1-%d8%a2%d9%86%da%86%d9%87-%d9%85%d8%af%db%8c/,fa,post,,yes,high,https://abadis-med.com/%d9%82%db%8c%d9%85%d8%aa-%da%a9%db%8c%d8%b3%d9%87-%d8%b3%d8%a7%da%a9%d8%b4%d9%86-%db%8c%da%a9%d8%a8%d8%a7%d8%b1-%d9%85%d8%b5%d8%b1%d9%81%d8%9b-%d9%87%d8%b1-%d8%a2%d9%86%da%86%d9%87-%d9%85%d8%af%db%8c/,PRESERVE,no,,FACT: post in post-sitemap; preserve unless later indexation review says otherwise,medium,no
https://abadis-med.com/%d8%b1%d8%a7%d9%87%d9%86%d9%85%d8%a7%db%8c-%d8%ae%d8%b1%db%8c%d8%af-%da%a9%db%8c%d8%b3%d9%87-%d8%b3%d8%a7%da%a9%d8%b4%d9%86-%db%8c%da%a9%d8%a8%d8%a7%d8%b1-%d9%85%d8%b5%d8%b1%d9%81-%d8%a8%d8%b1%d8%a7/,fa,post,,yes,high,https://abadis-med.com/%d8%b1%d8%a7%d9%87%d9%86%d9%85%d8%a7%db%8c-%d8%ae%d8%b1%db%8c%d8%af-%da%a9%db%8c%d8%b3%d9%87-%d8%b3%d8%a7%da%a9%d8%b4%d9%86-%db%8c%da%a9%d8%a8%d8%a7%d8%b1-%d9%85%d8%b5%d8%b1%d9%81-%d8%a8%d8%b1%d8%a7/,PRESERVE,no,,FACT: post in post-sitemap; preserve unless later indexation review says otherwise,medium,no
https://abadis-med.com/%d9%84%d9%88%d9%84%d9%87-%d9%87%d9%88%d8%a7-%d8%a7%db%8c%d8%b1%d9%88%db%8c-%da%86%db%8c%d8%b3%d8%aa%d8%9f/,fa,post,,yes,medium,https://abadis-med.com/%d9%84%d9%88%d9%84%d9%87-%d9%87%d9%88%d8%a7-%d8%a7%db%8c%d8%b1%d9%88%db%8c-%da%86%db%8c%d8%b3%d8%aa%d8%9f/,PRESERVE,no,,FACT: post in post-sitemap; preserve unless later indexation review says otherwise,medium,no
https://abadis-med.com/%d8%af%d8%b3%d8%aa%da%af%d8%a7%d9%87-%d8%aa%d8%b2%d8%b1%db%8c%d9%82-%da%86%d8%b1%d8%a8%db%8c-%da%86%db%8c%d8%b3%d8%aa%d8%9f/,fa,post,,yes,medium,https://abadis-med.com/%d8%af%d8%b3%d8%aa%da%af%d8%a7%d9%87-%d8%aa%d8%b2%d8%b1%db%8c%d9%82-%da%86%d8%b1%d8%a8%db%8c-%da%86%db%8c%d8%b3%d8%aa%d8%9f/,PRESERVE,no,,FACT: post in post-sitemap; preserve unless later indexation review says otherwise,medium,no
https://abadis-med.com/%d9%be%d8%b1%d9%88%d8%a7%d9%86%d9%87-%d8%a8%d9%87%d8%b1%d9%87-%d8%a8%d8%b1%d8%af%d8%a7%d8%b1%db%8c-%d8%ac%d8%af%db%8c%d8%af-%d8%a2%d8%a8%d8%a7%d8%af%db%8c%d8%b3-%d8%b5%d8%a7%d8%af%d8%b1-%da%af%d8%b1/,fa,post,,yes,medium,https://abadis-med.com/%d9%be%d8%b1%d9%88%d8%a7%d9%86%d9%87-%d8%a8%d9%87%d8%b1%d9%87-%d8%a8%d8%b1%d8%af%d8%a7%d8%b1%db%8c-%d8%ac%d8%af%db%8c%d8%af-%d8%a2%d8%a8%d8%a7%d8%af%db%8c%d8%b3-%d8%b5%d8%a7%d8%af%d8%b1-%da%af%d8%b1/,PRESERVE,no,,FACT: post in post-sitemap; preserve unless later indexation review says otherwise,medium,no
https://abadis-med.com/%d9%86%d9%82%d8%b4-%da%a9%db%8c%d8%b3%d9%87-%d8%b3%d8%a7%da%a9%d8%b4%d9%86-%db%8c%da%a9%d8%a8%d8%a7%d8%b1-%d9%85%d8%b5%d8%b1%d9%81-%d8%af%d8%b1-%d9%85%d8%af%db%8c%d8%b1%db%8c%d8%aa-%d9%be%d8%b3%d9%85/,fa,post,,yes,high,https://abadis-med.com/%d9%86%d9%82%d8%b4-%da%a9%db%8c%d8%b3%d9%87-%d8%b3%d8%a7%da%a9%d8%b4%d9%86-%db%8c%da%a9%d8%a8%d8%a7%d8%b1-%d9%85%d8%b5%d8%b1%d9%81-%d8%af%d8%b1-%d9%85%d8%af%db%8c%d8%b1%db%8c%d8%aa-%d9%be%d8%b3%d9%85/,PRESERVE,no,,FACT: post in post-sitemap; preserve unless later indexation review says otherwise,medium,no
https://abadis-med.com/%d8%b3%d8%a7%da%a9%d8%b4%d9%86-%d9%85%d8%b1%da%a9%d8%b2%db%8c-%db%8c%d8%a7-%d8%b3%d8%a7%da%a9%d8%b4%d9%86-%d9%be%d8%b1%d8%aa%d8%a7%d8%a8%d9%84%d8%9f-%d8%b1%d8%a7%d9%87%d9%86%d9%85%d8%a7%db%8c-%d8%ac/,fa,post,,yes,high,https://abadis-med.com/%d8%b3%d8%a7%da%a9%d8%b4%d9%86-%d9%85%d8%b1%da%a9%d8%b2%db%8c-%db%8c%d8%a7-%d8%b3%d8%a7%da%a9%d8%b4%d9%86-%d9%be%d8%b1%d8%aa%d8%a7%d8%a8%d9%84%d8%9f-%d8%b1%d8%a7%d9%87%d9%86%d9%85%d8%a7%db%8c-%d8%ac/,PRESERVE,no,,FACT: post in post-sitemap; preserve unless later indexation review says otherwise,medium,no
https://abadis-med.com/%d8%a2%d8%a8%d8%a7%d8%af%db%8c%d8%b3-%d9%be%db%8c%d8%b4%d9%86%d9%87%d8%a7%d8%af%d9%87%d8%a7%db%8c-%d8%ac%d8%a7%d9%85%d8%b9-%d8%ae%d9%88%d8%af-%d8%a8%d8%b1%d8%a7%db%8c-%d8%a7%d8%b5%d9%84%d8%a7%d8%ad/,fa,post,,yes,medium,https://abadis-med.com/%d8%a2%d8%a8%d8%a7%d8%af%db%8c%d8%b3-%d9%be%db%8c%d8%b4%d9%86%d9%87%d8%a7%d8%af%d9%87%d8%a7%db%8c-%d8%ac%d8%a7%d9%85%d8%b9-%d8%ae%d9%88%d8%af-%d8%a8%d8%b1%d8%a7%db%8c-%d8%a7%d8%b5%d9%84%d8%a7%d8%ad/,PRESERVE,no,,FACT: post in post-sitemap; preserve unless later indexation review says otherwise,medium,no
https://abadis-med.com/%da%86%d8%b3%d8%aa-%d8%aa%db%8c%d9%88%d8%a8-%da%86%db%8c%d8%b3%d8%aa%d8%9f/,fa,post,,yes,medium,https://abadis-med.com/%da%86%d8%b3%d8%aa-%d8%aa%db%8c%d9%88%d8%a8-%da%86%db%8c%d8%b3%d8%aa%d8%9f/,PRESERVE,no,,FACT: post in post-sitemap; preserve unless later indexation review says otherwise,medium,no
https://abadis-med.com/%d8%b3%d9%88%d9%86%d8%af-%d9%86%d9%84%d8%a7%d8%aa%d9%88%d9%86-%da%86%db%8c%d8%b3%d8%aa%d8%9f/,fa,post,,yes,medium,https://abadis-med.com/%d8%b3%d9%88%d9%86%d8%af-%d9%86%d9%84%d8%a7%d8%aa%d9%88%d9%86-%da%86%db%8c%d8%b3%d8%aa%d8%9f/,PRESERVE,no,,FACT: post in post-sitemap; preserve unless later indexation review says otherwise,medium,no
https://abadis-med.com/tag/%d8%a2%d8%a8%d8%a7%d8%af%db%8c%d8%b3/,fa,post_tag,,yes,low,https://abadis-med.com/tag/%d8%a2%d8%a8%d8%a7%d8%af%db%8c%d8%b3/,REVIEW,no,,FACT: taxonomy/utility surface; do not delete; verify indexation,medium,yes
https://abadis-med.com/tag/%d8%a2%d9%86%d8%aa%db%8c-%d8%b3%d9%be%d8%aa%db%8c%da%a9/,fa,post_tag,,yes,low,https://abadis-med.com/tag/%d8%a2%d9%86%d8%aa%db%8c-%d8%b3%d9%be%d8%aa%db%8c%da%a9/,REVIEW,no,,FACT: taxonomy/utility surface; do not delete; verify indexation,medium,yes
https://abadis-med.com/tag/%d8%a7%d8%ae%d8%a8%d8%a7%d8%b1/,fa,post_tag,,yes,low,https://abadis-med.com/tag/%d8%a7%d8%ae%d8%a8%d8%a7%d8%b1/,REVIEW,no,,FACT: taxonomy/utility surface; do not delete; verify indexation,medium,yes
https://abadis-med.com/tag/%d8%a7%d9%85%d8%ad%d8%a7-%d8%b2%d8%a8%d8%a7%d9%84%d9%87-%d9%87%d8%a7%db%8c-%d8%a8%db%8c%d9%85%d8%a7%d8%b1%d8%b3%d8%aa%d8%a7%d9%86%db%8c/,fa,post_tag,,yes,low,https://abadis-med.com/tag/%d8%a7%d9%85%d8%ad%d8%a7-%d8%b2%d8%a8%d8%a7%d9%84%d9%87-%d9%87%d8%a7%db%8c-%d8%a8%db%8c%d9%85%d8%a7%d8%b1%d8%b3%d8%aa%d8%a7%d9%86%db%8c/,REVIEW,no,,FACT: taxonomy/utility surface; do not delete; verify indexation,medium,yes
https://abadis-med.com/tag/%d8%a7%d9%86%d9%88%d8%a7%d8%b9-%d8%b9%d9%81%d9%88%d9%86%d8%aa-%d9%87%d8%a7%db%8c-%d8%a8%db%8c%d9%85%d8%a7%d8%b1%d8%b3%d8%aa%d8%a7%d9%86%db%8c/,fa,post_tag,,yes,low,https://abadis-med.com/tag/%d8%a7%d9%86%d9%88%d8%a7%d8%b9-%d8%b9%d9%81%d9%88%d9%86%d8%aa-%d9%87%d8%a7%db%8c-%d8%a8%db%8c%d9%85%d8%a7%d8%b1%d8%b3%d8%aa%d8%a7%d9%86%db%8c/,REVIEW,no,,FACT: taxonomy/utility surface; do not delete; verify indexation,medium,yes
https://abadis-med.com/tag/%d8%a7%d9%86%d9%88%d8%a7%d8%b9-%d9%81%db%8c%d9%84%d8%aa%d8%b1-%da%a9%db%8c%d8%b3%d9%87-%d8%b3%d8%a7%da%a9%d8%b4%d9%86/,fa,post_tag,,yes,high,https://abadis-med.com/tag/%d8%a7%d9%86%d9%88%d8%a7%d8%b9-%d9%81%db%8c%d9%84%d8%aa%d8%b1-%da%a9%db%8c%d8%b3%d9%87-%d8%b3%d8%a7%da%a9%d8%b4%d9%86/,REVIEW,no,,FACT: taxonomy/utility surface; do not delete; verify indexation,medium,yes
https://abadis-med.com/tag/%d8%a7%db%8c%d8%b1%d8%a7%d9%86-%d9%87%d9%84%d8%ab/,fa,post_tag,,yes,low,https://abadis-med.com/tag/%d8%a7%db%8c%d8%b1%d8%a7%d9%86-%d9%87%d9%84%d8%ab/,REVIEW,no,,FACT: taxonomy/utility surface; do not delete; verify indexation,medium,yes
https://abadis-med.com/tag/%d8%a7%db%8c%d8%b1%d8%a7%d9%86-%d9%87%d9%84%d8%ab-%db%b9%db%b8/,fa,post_tag,,yes,low,https://abadis-med.com/tag/%d8%a7%db%8c%d8%b1%d8%a7%d9%86-%d9%87%d9%84%d8%ab-%db%b9%db%b8/,REVIEW,no,,FACT: taxonomy/utility surface; do not delete; verify indexation,medium,yes
https://abadis-med.com/tag/%d9%be%d8%a7%d8%aa%d9%88%da%98%d9%86/,fa,post_tag,,yes,low,https://abadis-med.com/tag/%d9%be%d8%a7%d8%aa%d9%88%da%98%d9%86/,REVIEW,no,,FACT: taxonomy/utility surface; do not delete; verify indexation,medium,yes
https://abadis-med.com/tag/%d9%be%d8%b3%d8%a7-%da%a9%d8%b1%d9%88%d9%86%d8%a7/,fa,post_tag,,yes,low,https://abadis-med.com/tag/%d9%be%d8%b3%d8%a7-%da%a9%d8%b1%d9%88%d9%86%d8%a7/,REVIEW,no,,FACT: taxonomy/utility surface; do not delete; verify indexation,medium,yes
https://abadis-med.com/tag/%d9%be%db%8c%d8%b4%da%af%db%8c%d8%b1%db%8c/,fa,post_tag,,yes,low,https://abadis-med.com/tag/%d9%be%db%8c%d8%b4%da%af%db%8c%d8%b1%db%8c/,REVIEW,no,,FACT: taxonomy/utility surface; do not delete; verify indexation,medium,yes
https://abadis-med.com/tag/%d8%aa%d8%ac%d9%87%db%8c%d8%b2%d8%a7%d8%aa-%d8%a8%db%8c%d9%85%d8%a7%d8%b1%d8%b3%d8%aa%d8%a7%d9%86%db%8c/,fa,post_tag,,yes,low,https://abadis-med.com/tag/%d8%aa%d8%ac%d9%87%db%8c%d8%b2%d8%a7%d8%aa-%d8%a8%db%8c%d9%85%d8%a7%d8%b1%d8%b3%d8%aa%d8%a7%d9%86%db%8c/,REVIEW,no,,FACT: taxonomy/utility surface; do not delete; verify indexation,medium,yes
https://abadis-med.com/tag/%d8%aa%d8%b5%d9%81%db%8c%d9%87-%d9%81%d8%a7%d8%b6%d9%84%d8%a7%d8%a8-%d8%a8%db%8c%d9%85%d8%a7%d8%b1%d8%b3%d8%aa%d8%a7%d9%86%db%8c/,fa,post_tag,,yes,low,https://abadis-med.com/tag/%d8%aa%d8%b5%d9%81%db%8c%d9%87-%d9%81%d8%a7%d8%b6%d9%84%d8%a7%d8%a8-%d8%a8%db%8c%d9%85%d8%a7%d8%b1%d8%b3%d8%aa%d8%a7%d9%86%db%8c/,REVIEW,no,,FACT: taxonomy/utility surface; do not delete; verify indexation,medium,yes
https://abadis-med.com/tag/%d8%ac%d9%84%d9%88%da%af%db%8c%d8%b1%db%8c-%d8%a7%d8%b2-%d8%b9%d9%81%d9%88%d9%86%d8%aa/,fa,post_tag,,yes,low,https://abadis-med.com/tag/%d8%ac%d9%84%d9%88%da%af%db%8c%d8%b1%db%8c-%d8%a7%d8%b2-%d8%b9%d9%81%d9%88%d9%86%d8%aa/,REVIEW,no,,FACT: taxonomy/utility surface; do not delete; verify indexation,medium,yes
https://abadis-med.com/tag/%da%86%da%af%d8%a7%d9%84%db%8c-%d8%a8%d8%b1%d9%88%d8%b2/,fa,post_tag,,yes,low,https://abadis-med.com/tag/%da%86%da%af%d8%a7%d9%84%db%8c-%d8%a8%d8%b1%d9%88%d8%b2/,REVIEW,no,,FACT: taxonomy/utility surface; do not delete; verify indexation,medium,yes
https://abadis-med.com/tag/%d8%af%d8%a7%d9%86%d8%b4-%d8%a8%d9%86%db%8c%d8%a7%d9%86/,fa,post_tag,,yes,low,https://abadis-med.com/tag/%d8%af%d8%a7%d9%86%d8%b4-%d8%a8%d9%86%db%8c%d8%a7%d9%86/,REVIEW,no,,FACT: taxonomy/utility surface; do not delete; verify indexation,medium,yes
https://abadis-med.com/tag/%d8%af%d8%b3%d8%aa%da%af%d8%a7%d9%87-%d8%b3%d8%a7%da%a9%d8%b4%d9%86/,fa,post_tag,,yes,high,https://abadis-med.com/tag/%d8%af%d8%b3%d8%aa%da%af%d8%a7%d9%87-%d8%b3%d8%a7%da%a9%d8%b4%d9%86/,REVIEW,no,,FACT: taxonomy/utility surface; do not delete; verify indexation,medium,yes
https://abadis-med.com/tag/%d8%b1%da%af%d9%88%d9%84%d8%a7%d8%aa%d9%88%d8%b1-%d8%b3%d8%a7%da%a9%d8%b4%d9%86/,fa,post_tag,,yes,high,https://abadis-med.com/tag/%d8%b1%da%af%d9%88%d9%84%d8%a7%d8%aa%d9%88%d8%b1-%d8%b3%d8%a7%da%a9%d8%b4%d9%86/,REVIEW,no,,FACT: taxonomy/utility surface; do not delete; verify indexation,medium,yes
https://abadis-med.com/tag/%d8%b1%d9%88%d8%b2-%d9%be%d8%b1%d8%b3%d8%aa%d8%a7%d8%b1/,fa,post_tag,,yes,low,https://abadis-med.com/tag/%d8%b1%d9%88%d8%b2-%d9%be%d8%b1%d8%b3%d8%aa%d8%a7%d8%b1/,REVIEW,no,,FACT: taxonomy/utility surface; do not delete; verify indexation,medium,yes
https://abadis-med.com/tag/%d8%b1%d9%88%d8%b4-%d9%87%d8%a7%db%8c-%d8%b6%d8%af-%d8%b9%d9%81%d9%88%d9%86%db%8c/,fa,post_tag,,yes,low,https://abadis-med.com/tag/%d8%b1%d9%88%d8%b4-%d9%87%d8%a7%db%8c-%d8%b6%d8%af-%d8%b9%d9%81%d9%88%d9%86%db%8c/,REVIEW,no,,FACT: taxonomy/utility surface; do not delete; verify indexation,medium,yes
https://abadis-med.com/tag/%d8%b2%d8%a8%d8%a7%d9%84%d9%87-%d9%87%d8%a7%db%8c-%d8%a8%db%8c%d9%85%d8%a7%d8%b1%d8%b3%d8%aa%d8%a7%d9%86%db%8c/,fa,post_tag,,yes,low,https://abadis-med.com/tag/%d8%b2%d8%a8%d8%a7%d9%84%d9%87-%d9%87%d8%a7%db%8c-%d8%a8%db%8c%d9%85%d8%a7%d8%b1%d8%b3%d8%aa%d8%a7%d9%86%db%8c/,REVIEW,no,,FACT: taxonomy/utility surface; do not delete; verify indexation,medium,yes
https://abadis-med.com/tag/%da%98%d9%88%d8%b1%d9%86%d8%a7%d9%84/,fa,post_tag,,yes,low,https://abadis-med.com/tag/%da%98%d9%88%d8%b1%d9%86%d8%a7%d9%84/,REVIEW,no,,FACT: taxonomy/utility surface; do not delete; verify indexation,medium,yes
https://abadis-med.com/tag/%d8%b3%d8%a7%da%a9%d8%b4%d9%86-%d8%a8%db%8c%d9%85%d8%a7%d8%b1%d8%b3%d8%aa%d8%a7%d9%86%db%8c/,fa,post_tag,,yes,high,https://abadis-med.com/tag/%d8%b3%d8%a7%da%a9%d8%b4%d9%86-%d8%a8%db%8c%d9%85%d8%a7%d8%b1%d8%b3%d8%aa%d8%a7%d9%86%db%8c/,REVIEW,no,,FACT: taxonomy/utility surface; do not delete; verify indexation,medium,yes
https://abadis-med.com/tag/%d8%b3%d8%a7%da%a9%d8%b4%d9%86-%d8%aa%da%a9-%d8%b4%db%8c%d8%b4%d9%87/,fa,post_tag,,yes,high,https://abadis-med.com/tag/%d8%b3%d8%a7%da%a9%d8%b4%d9%86-%d8%aa%da%a9-%d8%b4%db%8c%d8%b4%d9%87/,REVIEW,no,,FACT: taxonomy/utility surface; do not delete; verify indexation,medium,yes
https://abadis-med.com/tag/%d8%b3%d8%a7%da%a9%d8%b4%d9%86-%d8%af%d8%a7%d8%a6%d9%85/,fa,post_tag,,yes,high,https://abadis-med.com/tag/%d8%b3%d8%a7%da%a9%d8%b4%d9%86-%d8%af%d8%a7%d8%a6%d9%85/,REVIEW,no,,FACT: taxonomy/utility surface; do not delete; verify indexation,medium,yes
https://abadis-med.com/tag/%d8%b3%d8%a7%da%a9%d8%b4%d9%86-%d8%af%d9%88-%d8%b4%db%8c%d8%b4%d9%87/,fa,post_tag,,yes,high,https://abadis-med.com/tag/%d8%b3%d8%a7%da%a9%d8%b4%d9%86-%d8%af%d9%88-%d8%b4%db%8c%d8%b4%d9%87/,REVIEW,no,,FACT: taxonomy/utility surface; do not delete; verify indexation,medium,yes
https://abadis-med.com/tag/%d8%b3%d8%a7%da%a9%d8%b4%d9%86-%db%8c%da%a9-%d8%a8%d8%a7%d8%b1-%d9%85%d8%b5%d8%b1%d9%81/,fa,post_tag,,yes,high,https://abadis-med.com/tag/%d8%b3%d8%a7%da%a9%d8%b4%d9%86-%db%8c%da%a9-%d8%a8%d8%a7%d8%b1-%d9%85%d8%b5%d8%b1%d9%81/,REVIEW,no,,FACT: taxonomy/utility surface; do not delete; verify indexation,medium,yes
https://abadis-med.com/tag/%d8%b3%d9%84%d8%a7%d9%85%d8%aa-%d8%a8%db%8c%d9%85%d8%a7%d8%b1/,fa,post_tag,,yes,low,https://abadis-med.com/tag/%d8%b3%d9%84%d8%a7%d9%85%d8%aa-%d8%a8%db%8c%d9%85%d8%a7%d8%b1/,REVIEW,no,,FACT: taxonomy/utility surface; do not delete; verify indexation,medium,yes
https://abadis-med.com/tag/%d8%b4%db%8c%d9%84%d8%af-%d9%85%d8%ad%d8%a7%d9%81%d8%b8/,fa,post_tag,,yes,low,https://abadis-med.com/tag/%d8%b4%db%8c%d9%84%d8%af-%d9%85%d8%ad%d8%a7%d9%81%d8%b8/,REVIEW,no,,FACT: taxonomy/utility surface; do not delete; verify indexation,medium,yes
https://abadis-med.com/tag/%d8%b9%d9%81%d9%88%d9%86%d8%aa/,fa,post_tag,,yes,low,https://abadis-med.com/tag/%d8%b9%d9%81%d9%88%d9%86%d8%aa/,REVIEW,no,,FACT: taxonomy/utility surface; do not delete; verify indexation,medium,yes
https://abadis-med.com/tag/%d8%b9%d9%81%d9%88%d9%86%d8%aa-%d8%a8%db%8c%d9%85%d8%a7%d8%b1%d8%b3%d8%aa%d8%a7%d9%86%db%8c/,fa,post_tag,,yes,low,https://abadis-med.com/tag/%d8%b9%d9%81%d9%88%d9%86%d8%aa-%d8%a8%db%8c%d9%85%d8%a7%d8%b1%d8%b3%d8%aa%d8%a7%d9%86%db%8c/,REVIEW,no,,FACT: taxonomy/utility surface; do not delete; verify indexation,medium,yes
https://abadis-med.com/tag/%d8%b9%d9%81%d9%88%d9%86%d8%aa-%d8%ae%d9%88%d9%86/,fa,post_tag,,yes,low,https://abadis-med.com/tag/%d8%b9%d9%81%d9%88%d9%86%d8%aa-%d8%ae%d9%88%d9%86/,REVIEW,no,,FACT: taxonomy/utility surface; do not delete; verify indexation,medium,yes
https://abadis-med.com/tag/%d8%b9%d9%81%d9%88%d9%86%d8%aa-%d8%af%d8%b3%d8%aa%da%af%d8%a7%d9%87-%d8%a7%d8%af%d8%b1%d8%a7%d8%b1%db%8c/,fa,post_tag,,yes,low,https://abadis-med.com/tag/%d8%b9%d9%81%d9%88%d9%86%d8%aa-%d8%af%d8%b3%d8%aa%da%af%d8%a7%d9%87-%d8%a7%d8%af%d8%b1%d8%a7%d8%b1%db%8c/,REVIEW,no,,FACT: taxonomy/utility surface; do not delete; verify indexation,medium,yes
https://abadis-med.com/tag/%d8%b9%d9%84%d8%a7%d8%a6%d9%85-%d9%88%db%8c%d8%b1%d9%88%d8%b3-%da%a9%d8%b1%d9%88%d9%86%d8%a7/,fa,post_tag,,yes,low,https://abadis-med.com/tag/%d8%b9%d9%84%d8%a7%d8%a6%d9%85-%d9%88%db%8c%d8%b1%d9%88%d8%b3-%da%a9%d8%b1%d9%88%d9%86%d8%a7/,REVIEW,no,,FACT: taxonomy/utility surface; do not delete; verify indexation,medium,yes
https://abadis-med.com/tag/%d8%b9%d9%88%d8%a7%d9%85%d9%84-%d8%a8%db%8c%d9%85%d8%a7%d8%b1%db%8c/,fa,post_tag,,yes,low,https://abadis-med.com/tag/%d8%b9%d9%88%d8%a7%d9%85%d9%84-%d8%a8%db%8c%d9%85%d8%a7%d8%b1%db%8c/,REVIEW,no,,FACT: taxonomy/utility surface; do not delete; verify indexation,medium,yes
https://abadis-med.com/tag/%d9%81%db%8c%da%a9%d8%b3%d8%b1/,fa,post_tag,,yes,low,https://abadis-med.com/tag/%d9%81%db%8c%da%a9%d8%b3%d8%b1/,REVIEW,no,,FACT: taxonomy/utility surface; do not delete; verify indexation,medium,yes
https://abadis-med.com/tag/%d9%82%d8%b1%d8%b9%d9%87-%da%a9%d8%b4%db%8c/,fa,post_tag,,yes,low,https://abadis-med.com/tag/%d9%82%d8%b1%d8%b9%d9%87-%da%a9%d8%b4%db%8c/,REVIEW,no,,FACT: taxonomy/utility surface; do not delete; verify indexation,medium,yes
https://abadis-med.com/tag/%da%a9%d8%b1%d9%88%d9%86%d8%a7/,fa,post_tag,,yes,low,https://abadis-med.com/tag/%da%a9%d8%b1%d9%88%d9%86%d8%a7/,REVIEW,no,,FACT: taxonomy/utility surface; do not delete; verify indexation,medium,yes
https://abadis-med.com/tag/%da%a9%d9%86%d8%aa%d8%b1%d9%84-%d8%b9%d9%81%d9%88%d9%86%d8%aa/,fa,post_tag,,yes,low,https://abadis-med.com/tag/%da%a9%d9%86%d8%aa%d8%b1%d9%84-%d8%b9%d9%81%d9%88%d9%86%d8%aa/,REVIEW,no,,FACT: taxonomy/utility surface; do not delete; verify indexation,medium,yes
https://abadis-med.com/tag/%da%a9%d9%86%d8%aa%d8%b1%d9%84-%d8%b9%d9%81%d9%88%d9%86%d8%aa-%d8%a8%db%8c%d9%85%d8%a7%d8%b1%d8%b3%d8%aa%d8%a7%d9%86%db%8c/,fa,post_tag,,yes,low,https://abadis-med.com/tag/%da%a9%d9%86%d8%aa%d8%b1%d9%84-%d8%b9%d9%81%d9%88%d9%86%d8%aa-%d8%a8%db%8c%d9%85%d8%a7%d8%b1%d8%b3%d8%aa%d8%a7%d9%86%db%8c/,REVIEW,no,,FACT: taxonomy/utility surface; do not delete; verify indexation,medium,yes
https://abadis-med.com/tag/%da%a9%d9%86%d8%aa%d8%b1%d9%84-%d8%b9%d9%81%d9%88%d9%86%d8%aa-%d8%af%d8%b1-%d8%a8%db%8c%d9%85%d8%a7%d8%b1%d8%b3%d8%aa%d8%a7%d9%86/,fa,post_tag,,yes,low,https://abadis-med.com/tag/%da%a9%d9%86%d8%aa%d8%b1%d9%84-%d8%b9%d9%81%d9%88%d9%86%d8%aa-%d8%af%d8%b1-%d8%a8%db%8c%d9%85%d8%a7%d8%b1%d8%b3%d8%aa%d8%a7%d9%86/,REVIEW,no,,FACT: taxonomy/utility surface; do not delete; verify indexation,medium,yes
https://abadis-med.com/tag/%da%a9%d9%86%d8%aa%d8%b1%d9%84-%d8%b9%d9%81%d9%88%d9%86%d8%aa-%d9%87%d8%a7%db%8c-%d8%a8%db%8c%d9%85%d8%a7%d8%b1%d8%b3%d8%aa%d8%a7%d9%86%db%8c/,fa,post_tag,,yes,low,https://abadis-med.com/tag/%da%a9%d9%86%d8%aa%d8%b1%d9%84-%d8%b9%d9%81%d9%88%d9%86%d8%aa-%d9%87%d8%a7%db%8c-%d8%a8%db%8c%d9%85%d8%a7%d8%b1%d8%b3%d8%aa%d8%a7%d9%86%db%8c/,REVIEW,no,,FACT: taxonomy/utility surface; do not delete; verify indexation,medium,yes
https://abadis-med.com/tag/%da%a9%d9%86%d8%aa%d8%b1%d9%84-%d8%b9%d9%81%d9%88%d9%86%d8%aa-%d9%87%d8%a7%db%8c-%d8%a8%db%8c%d9%85%d8%a7%d8%b1%d8%b3%d8%aa%d8%a7%d9%86%db%8c-1/,fa,post_tag,,yes,low,https://abadis-med.com/tag/%da%a9%d9%86%d8%aa%d8%b1%d9%84-%d8%b9%d9%81%d9%88%d9%86%d8%aa-%d9%87%d8%a7%db%8c-%d8%a8%db%8c%d9%85%d8%a7%d8%b1%d8%b3%d8%aa%d8%a7%d9%86%db%8c-1/,REVIEW,no,,FACT: taxonomy/utility surface; do not delete; verify indexation,medium,yes
https://abadis-med.com/tag/%da%a9%db%8c%d8%b3%d9%87-%d8%b3%d8%a7%da%a9%d8%b4%d9%86/,fa,post_tag,,yes,high,https://abadis-med.com/tag/%da%a9%db%8c%d8%b3%d9%87-%d8%b3%d8%a7%da%a9%d8%b4%d9%86/,REVIEW,no,,FACT: taxonomy/utility surface; do not delete; verify indexation,medium,yes
https://abadis-med.com/tag/%da%a9%db%8c%d8%b3%d9%87-%d8%b3%d8%a7%da%a9%d8%b4%d9%86-%da%86%db%8c%d8%b3%d8%aa/,fa,post_tag,,yes,high,https://abadis-med.com/tag/%da%a9%db%8c%d8%b3%d9%87-%d8%b3%d8%a7%da%a9%d8%b4%d9%86-%da%86%db%8c%d8%b3%d8%aa/,REVIEW,no,,FACT: taxonomy/utility surface; do not delete; verify indexation,medium,yes
https://abadis-med.com/tag/%da%a9%db%8c%d8%b3%d9%87-%d8%b3%d8%a7%da%a9%d8%b4%d9%86-%db%8c%da%a9%d8%a8%d8%a7%d8%b1-%d9%85%d8%b5%d8%b1%d9%81/,fa,post_tag,,yes,high,https://abadis-med.com/tag/%da%a9%db%8c%d8%b3%d9%87-%d8%b3%d8%a7%da%a9%d8%b4%d9%86-%db%8c%da%a9%d8%a8%d8%a7%d8%b1-%d9%85%d8%b5%d8%b1%d9%81/,REVIEW,no,,FACT: taxonomy/utility surface; do not delete; verify indexation,medium,yes
https://abadis-med.com/tag/%da%af%d8%b2%d8%a7%d8%b1%d8%b4-%d8%aa%d8%b5%d9%88%db%8c%d8%b1%db%8c/,fa,post_tag,,yes,low,https://abadis-med.com/tag/%da%af%d8%b2%d8%a7%d8%b1%d8%b4-%d8%aa%d8%b5%d9%88%db%8c%d8%b1%db%8c/,REVIEW,no,,FACT: taxonomy/utility surface; do not delete; verify indexation,medium,yes
https://abadis-med.com/tag/%da%af%d8%b2%d8%a7%d8%b1%d8%b4-%d9%88%db%8c%da%98%d9%87/,fa,post_tag,,yes,low,https://abadis-med.com/tag/%da%af%d8%b2%d8%a7%d8%b1%d8%b4-%d9%88%db%8c%da%98%d9%87/,REVIEW,no,,FACT: taxonomy/utility surface; do not delete; verify indexation,medium,yes
https://abadis-med.com/tag/%d9%85%d8%ad%d8%b5%d9%88%d9%84%d8%a7%d8%aa-%d8%a8%db%8c%d9%85%d8%a7%d8%b1%d8%b3%d8%aa%d8%a7%d9%86%db%8c/,fa,post_tag,,yes,high,https://abadis-med.com/tag/%d9%85%d8%ad%d8%b5%d9%88%d9%84%d8%a7%d8%aa-%d8%a8%db%8c%d9%85%d8%a7%d8%b1%d8%b3%d8%aa%d8%a7%d9%86%db%8c/,REVIEW,no,,FACT: taxonomy/utility surface; do not delete; verify indexation,medium,yes
https://abadis-med.com/tag/%d9%85%d8%ae%d8%a7%d8%b2%d9%86-%d8%b7%d8%a8%db%8c-%d8%a2%d8%a8%d8%a7%d8%af%db%8c%d8%b3/,fa,post_tag,,yes,low,https://abadis-med.com/tag/%d9%85%d8%ae%d8%a7%d8%b2%d9%86-%d8%b7%d8%a8%db%8c-%d8%a2%d8%a8%d8%a7%d8%af%db%8c%d8%b3/,REVIEW,no,,FACT: taxonomy/utility surface; do not delete; verify indexation,medium,yes
https://abadis-med.com/tag/%d9%85%d8%ae%d8%b2%d9%86-%d8%b3%d8%a7%da%a9%d8%b4%d9%86-%da%86%db%8c%d8%b3%d8%aa%d8%9f/,fa,post_tag,,yes,high,https://abadis-med.com/tag/%d9%85%d8%ae%d8%b2%d9%86-%d8%b3%d8%a7%da%a9%d8%b4%d9%86-%da%86%db%8c%d8%b3%d8%aa%d8%9f/,REVIEW,no,,FACT: taxonomy/utility surface; do not delete; verify indexation,medium,yes
https://abadis-med.com/tag/%d9%85%d8%b1%d8%a7%d9%82%d8%a8%d8%aa-%d9%88%db%8c%da%98%d9%87/,fa,post_tag,,yes,low,https://abadis-med.com/tag/%d9%85%d8%b1%d8%a7%d9%82%d8%a8%d8%aa-%d9%88%db%8c%da%98%d9%87/,REVIEW,no,,FACT: taxonomy/utility surface; do not delete; verify indexation,medium,yes
https://abadis-med.com/tag/%d9%85%d8%b3%d8%a6%d9%88%d9%84%db%8c%d8%aa-%d8%a7%d8%ac%d8%aa%d9%85%d8%a7%d8%b9%db%8c/,fa,post_tag,,yes,low,https://abadis-med.com/tag/%d9%85%d8%b3%d8%a6%d9%88%d9%84%db%8c%d8%aa-%d8%a7%d8%ac%d8%aa%d9%85%d8%a7%d8%b9%db%8c/,REVIEW,no,,FACT: taxonomy/utility surface; do not delete; verify indexation,medium,yes
https://abadis-med.com/tag/%d9%85%d8%b5%d8%a7%d8%ad%d8%a8%d9%87/,fa,post_tag,,yes,low,https://abadis-med.com/tag/%d9%85%d8%b5%d8%a7%d8%ad%d8%a8%d9%87/,REVIEW,no,,FACT: taxonomy/utility surface; do not delete; verify indexation,medium,yes
https://abadis-med.com/tag/%d9%85%d8%b9%d8%b1%d9%81%db%8c-%d8%b3%d8%a7%db%8c%d8%aa/,fa,post_tag,,yes,low,https://abadis-med.com/tag/%d9%85%d8%b9%d8%b1%d9%81%db%8c-%d8%b3%d8%a7%db%8c%d8%aa/,REVIEW,no,,FACT: taxonomy/utility surface; do not delete; verify indexation,medium,yes
https://abadis-med.com/tag/%d9%85%d9%82%d8%a7%d9%84%d9%87%d8%8c-%d8%af%d8%a7%d9%86%d8%b4-%d8%a8%d9%86%db%8c%d8%a7%d9%86%d8%8c-%da%a9%db%8c%d8%b3%d9%87-%d8%b3%d8%a7%da%a9%d8%b4%d9%86-%db%8c%da%a9%d8%a8%d8%a7%d8%b1-%d9%85%d8%b5/,fa,post_tag,,yes,high,https://abadis-med.com/tag/%d9%85%d9%82%d8%a7%d9%84%d9%87%d8%8c-%d8%af%d8%a7%d9%86%d8%b4-%d8%a8%d9%86%db%8c%d8%a7%d9%86%d8%8c-%da%a9%db%8c%d8%b3%d9%87-%d8%b3%d8%a7%da%a9%d8%b4%d9%86-%db%8c%da%a9%d8%a8%d8%a7%d8%b1-%d9%85%d8%b5/,REVIEW,no,,FACT: taxonomy/utility surface; do not delete; verify indexation,medium,yes
https://abadis-med.com/tag/%d9%85%d9%87%d9%86%d8%af%d8%b3%db%8c-%d9%be%d8%b2%d8%b4%da%a9%db%8c/,fa,post_tag,,yes,low,https://abadis-med.com/tag/%d9%85%d9%87%d9%86%d8%af%d8%b3%db%8c-%d9%be%d8%b2%d8%b4%da%a9%db%8c/,REVIEW,no,,FACT: taxonomy/utility surface; do not delete; verify indexation,medium,yes
https://abadis-med.com/tag/%d9%85%db%8c%d8%b2%d8%a7%d9%86-%d8%a8%d8%b1%d9%88%d8%b2-%d8%b9%d9%81%d9%88%d9%86%d8%aa-%d8%a8%db%8c%d9%85%d8%a7%d8%b1%d8%b3%d8%aa%d8%a7%d9%86%db%8c/,fa,post_tag,,yes,low,https://abadis-med.com/tag/%d9%85%db%8c%d8%b2%d8%a7%d9%86-%d8%a8%d8%b1%d9%88%d8%b2-%d8%b9%d9%81%d9%88%d9%86%d8%aa-%d8%a8%db%8c%d9%85%d8%a7%d8%b1%d8%b3%d8%aa%d8%a7%d9%86%db%8c/,REVIEW,no,,FACT: taxonomy/utility surface; do not delete; verify indexation,medium,yes
https://abadis-med.com/tag/%d9%86%d9%85%d8%a7%db%8c%d8%b4%da%af%d8%a7%d9%87/,fa,post_tag,,yes,low,https://abadis-med.com/tag/%d9%86%d9%85%d8%a7%db%8c%d8%b4%da%af%d8%a7%d9%87/,REVIEW,no,,FACT: taxonomy/utility surface; do not delete; verify indexation,medium,yes
https://abadis-med.com/tag/%d9%86%d9%85%d8%a7%db%8c%d8%b4%da%af%d8%a7%d9%87-%d8%a7%db%8c%d8%b1%d8%a7%d9%86-%d9%87%d9%84%d8%ab/,fa,post_tag,,yes,low,https://abadis-med.com/tag/%d9%86%d9%85%d8%a7%db%8c%d8%b4%da%af%d8%a7%d9%87-%d8%a7%db%8c%d8%b1%d8%a7%d9%86-%d9%87%d9%84%d8%ab/,REVIEW,no,,FACT: taxonomy/utility surface; do not delete; verify indexation,medium,yes
https://abadis-med.com/tag/%d9%86%d9%85%d8%a7%db%8c%d8%b4%da%af%d8%a7%d9%87-%d8%aa%d8%ac%d9%87%db%8c%d8%b2%d8%a7%d8%aa-%d9%be%d8%b2%d8%b4%da%a9%db%8c-%d8%a7%d8%b2%d8%a8%da%a9%d8%b3%d8%aa%d8%a7%d9%86/,fa,post_tag,,yes,low,https://abadis-med.com/tag/%d9%86%d9%85%d8%a7%db%8c%d8%b4%da%af%d8%a7%d9%87-%d8%aa%d8%ac%d9%87%db%8c%d8%b2%d8%a7%d8%aa-%d9%be%d8%b2%d8%b4%da%a9%db%8c-%d8%a7%d8%b2%d8%a8%da%a9%d8%b3%d8%aa%d8%a7%d9%86/,REVIEW,no,,FACT: taxonomy/utility surface; do not delete; verify indexation,medium,yes
https://abadis-med.com/tag/%d9%88%db%8c%d8%b1%d9%88%d8%b3-%da%a9%d8%b1%d9%88%d9%86%d8%a7/,fa,post_tag,,yes,low,https://abadis-med.com/tag/%d9%88%db%8c%d8%b1%d9%88%d8%b3-%da%a9%d8%b1%d9%88%d9%86%d8%a7/,REVIEW,no,,FACT: taxonomy/utility surface; do not delete; verify indexation,medium,yes
https://abadis-med.com/tag/%d9%88%db%8c%d8%b1%d9%88%d8%b3-%da%a9%d8%b1%d9%88%d9%86%d8%a7-%d8%ac%d8%af%db%8c%d8%af/,fa,post_tag,,yes,low,https://abadis-med.com/tag/%d9%88%db%8c%d8%b1%d9%88%d8%b3-%da%a9%d8%b1%d9%88%d9%86%d8%a7-%d8%ac%d8%af%db%8c%d8%af/,REVIEW,no,,FACT: taxonomy/utility surface; do not delete; verify indexation,medium,yes
https://abadis-med.com/en/,en,language_root,200,yes,critical,https://abadis-med.com/en/,PRESERVE,review,,FACT: live language root observed via HTTP crawl; ABSENT from Yoast sitemap_index child sitemaps as of 2026-09-25,high,yes
https://www.abadis-med.com/en/,en,language_root_www,200,yes,critical,https://www.abadis-med.com/en/,PRESERVE,review,,FACT: live language root observed via HTTP crawl; ABSENT from Yoast sitemap_index child sitemaps as of 2026-09-25,high,yes
https://abadis-med.com/arabic/,ar,language_root,200,yes,critical,https://abadis-med.com/arabic/,PRESERVE,review,,FACT: live language root observed via HTTP crawl; ABSENT from Yoast sitemap_index child sitemaps as of 2026-09-25,high,yes
